{
  "type": "FeatureCollection",
  "features": [
    {
      "type": "Feature",
      "properties": {
        "id": "1a4078bb-21ea-4081-8f30-128e99c897f9",
        "name": "sketch346-0"
      },
      "geometry": {
        "type": "Polygon",
        "coordinates": [
          [
            [
              142.24014447633252,
              0.8032496984972317
            ],
            [
              142.34748091425539,
              0.8114630914286419
            ],
            [
              142.43828168820573,
              0.733425801122398
            ],
            [
              142.41440382245437,
              0.4832307446207569
            ],
            [
              142.27386387311316,
              0.5024329824207043
            ],
            [
              142.2254971039027,
              0.3731334680379854
            ],
            [
              142.1601113596321,
              0.6599880248637221
            ],
            [
              141.87915771162258,
              0.6021015383064494
            ],
            [
              142.21071648061155,
              0.7950774616851385
            ],
            [
              142.0563171069148,
              1.0018711309786728
            ],
            [
              142.24014447633252,
              0.8032496984972317
            ]
          ]
        ]
      },
      "id": "1a4078bb-21ea-4081-8f30-128e99c897f9"
    },
    {
      "type": "Feature",
      "properties": {
        "id": "180d2fde-8921-473e-8708-bf311701c8df",
        "name": "sketch346-1"
      },
      "geometry": {
        "type": "Polygon",
        "coordinates": [
          [
            [
              139.32309139994473,
              2.778637559937513
            ],
            [
              139.4551591854005,
              2.9327237828820145
            ],
            [
              139.37795735600986,
              2.6536351466059185
            ],
            [
              139.4167932249431,
              2.228619929377554
            ],
            [
              139.36069805141,
              2.2757214182542063
            ],
            [
              139.23240532490922,
              2.1747306759195735
            ],
            [
              139.26092830000226,
              2.623356446409876
            ],
            [
              139.08432048145454,
              2.4371830238941143
            ],
            [
              139.1142085889414,
              2.554925549823057
            ],
            [
              139.07917316016693,
              2.6798402500632834
            ],
            [
              139.32309139994473,
              2.778637559937513
            ]
          ]
        ]
      },
      "id": "180d2fde-8921-473e-8708-bf311701c8df"
    },
    {
      "type": "Feature",
      "properties": {
        "id": "5a59f2a5-cc86-4701-b347-d01cea5ab1fc",
        "name": "sketch346-2"
      },
      "geometry": {
        "type": "Polygon",
        "coordinates": [
          [
            [
              150.33197164849418,
              7.3337589957665585
            ],
            [
              150.37061657042483,
              7.0605902307671355
            ],
            [
              150.69607465807627,
              6.976283780770241
            ],
            [
              150.5570883692549,
              6.9126137989726715
            ],
            [
              150.31080333493918,
              6.601759458065977
            ],
            [
              150.2474749863706,
              6.886544365594375
            ],
            [
              150.06904159470372,
              6.708567336479036
            ],
            [
              150.00367583355404,
              6.687248763586775
            ],
            [
              150.16491066878356,
              7.031178742837001
            ],
            [
              150.13203719562918,
              7.095132926814816
            ],
            [
              150.33197164849418,
              7.3337589957665585
            ]
          ]
        ]
      },
      "id": "5a59f2a5-cc86-4701-b347-d01cea5ab1fc"
    },
    {
      "type": "Feature",
      "properties": {
        "id": "bea14b8a-d9a4-4ceb-9964-613c4c5eb72c",
        "name": "sketch346-3"
      },
      "geometry": {
        "type": "Polygon",
        "coordinates": [
          [
            [
              144.4418266948886,
              9.349636259139212
            ],
            [
              144.34298850957813,
              9.163137961081981
            ],
            [
              144.7249907681651,
              9.093022217970606
            ],
            [
              144.57173840938165,
              8.885540790239943
            ],
            [
              144.30035431408712,
              8.854001143970917
            ],
            [
              144.0781235313002,
              8.947772065852467
            ],
            [
              143.86355053086947,
              8.939491384185608
            ],
            [
              143.89289009120074,
              9.012333061001408
            ],
            [
              143.93739986081576,
              9.207974800568923
            ],
            [
              144.04435479923694,
              9.37404923065141
            ],
            [
              144.4418266948886,
              9.349636259139212
            ]
          ]
        ]
      },
      "id": "bea14b8a-d9a4-4ceb-9964-613c4c5eb72c"
    },
    {
      "type": "Feature",
      "properties": {
        "id": "c258387c-1855-479f-a9ea-3ec3d8456dd3",
        "name": "sketch346-4"
      },
      "geometry": {
        "type": "Polygon",
        "coordinates": [
          [
            [
              165.6183282812742,
              7.3695354965844535
            ],
            [
              165.67061775689143,
              7.310114029479499
            ],
            [
              165.72825759987785,
              7.098504618649319
            ],
            [
              165.8331779165067,
              6.9380209020026955
            ],
            [
              165.6260217583523,
              6.940461618451509
            ],
            [
              165.51066577154867,
              6.526941592414323
            ],
            [
              165.58601214590243,
              6.992837322393355
            ],
            [
              165.42661064323966,
              7.03689586801331
            ],
            [
              165.55609931151272,
              7.055783501760721
            ],
            [
              165.55055510727598,
              7.198630202848569
            ],
            [
              165.6183282812742,
              7.3695354965844535
            ]
          ]
        ]
      },
      "id": "c258387c-1855-479f-a9ea-3ec3d8456dd3"
    },
    {
      "type": "Feature",
      "properties": {
        "id": "cf0bdcb2-c235-40f5-86a5-db029343e39a",
        "name": "sketch346-5"
      },
      "geometry": {
        "type": "Polygon",
        "coordinates": [
          [
            [
              158.31883857270117,
              7.7537963744908645
            ],
            [
              158.44657812224668,
              8.06310456893394
            ],
            [
              158.6827792754965,
              7.869400387131503
            ],
            [
              158.51732306099765,
              7.642409502245762
            ],
            [
              158.45505061491085,
              7.466653858713537
            ],
            [
              158.3054353158204,
              7.365153312979719
            ],
            [
              158.13345329061443,
              7.420996741897324
            ],
            [
              158.19156488054134,
              7.6199034744616
            ],
            [
              157.90541032399332,
              7.878902288224409
            ],
            [
              158.2787883036573,
              7.71635402964651
            ],
            [
              158.31883857270117,
              7.7537963744908645
            ]
          ]
        ]
      },
      "id": "cf0bdcb2-c235-40f5-86a5-db029343e39a"
    }
  ],
  "bbox": [
    139.07917316016693,
    0.3731334680379854,
    165.8331779165067,
    9.37404923065141
  ]
}
