{
  "type": "FeatureCollection",
  "features": [
    {
      "type": "Feature",
      "properties": {
        "id": "5c794393-da0f-490b-ac64-ef4b77579807",
        "name": "sketch80-0"
      },
      "geometry": {
        "type": "Polygon",
        "coordinates": [
          [
            [
              149.58147640856552,
              2.558329142745519
            ],
            [
              149.4346002620189,
              2.487718036116228
            ],
            [
              149.58470377472224,
              2.4312721367818444
            ],
            [
              149.59138103506257,
              2.3818640228725556
            ],
            [
              149.34348416233556,
              2.4375486066522796
            ],
            [
              149.41856484469562,
              2.2765558710768636
            ],
            [
              149.18464315236628,
              2.214017197358125
            ],
            [
              149.16463531232316,
              2.4022414465754918
            ],
            [
              148.95943383953596,
              2.7323062206183044
            ],
            [
              148.94006244621096,
              2.8007664144533706
            ],
            [
              149.58147640856552,
              2.558329142745519
            ]
          ]
        ]
      },
      "id": "5c794393-da0f-490b-ac64-ef4b77579807"
    },
    {
      "type": "Feature",
      "properties": {
        "id": "cecd5ec4-be23-46bb-816d-50d3c887b639",
        "name": "sketch80-1"
      },
      "geometry": {
        "type": "Polygon",
        "coordinates": [
          [
            [
              160.66408686051705,
              12.671739057846846
            ],
            [
              160.8809879014032,
              12.602040320756835
            ],
            [
              160.6047937028726,
              12.436930548135544
            ],
            [
              160.66013513685542,
              12.138309908597545
            ],
            [
              160.66505070372907,
              12.020170178865436
            ],
            [
              160.45984829281346,
              12.157480586128964
            ],
            [
              160.3085244672918,
              12.480662802080717
            ],
            [
              160.51499075198453,
              12.520365277465798
            ],
            [
              160.5348710864581,
              12.711538768259823
            ],
            [
              160.5642163788129,
              12.577487965440996
            ],
            [
              160.66408686051705,
              12.671739057846846
            ]
          ]
        ]
      },
      "id": "cecd5ec4-be23-46bb-816d-50d3c887b639"
    },
    {
      "type": "Feature",
      "properties": {
        "id": "53de70ee-ff80-415a-868c-8182f415d8ba",
        "name": "sketch80-2"
      },
      "geometry": {
        "type": "Polygon",
        "coordinates": [
          [
            [
              136.30872706744347,
              12.399406414978552
            ],
            [
              136.3563987938581,
              12.404655932552124
            ],
            [
              136.44458702277075,
              12.357549744360563
            ],
            [
              136.58205513024544,
              12.157703084661831
            ],
            [
              136.53351243220789,
              12.038115897640125
            ],
            [
              136.2396833277985,
              12.146693952331926
            ],
            [
              135.9528824948725,
              12.144189675367825
            ],
            [
              136.0844758720764,
              12.268078682781018
            ],
            [
              136.1000674234911,
              12.483269838598527
            ],
            [
              136.17871875628828,
              12.477974398796892
            ],
            [
              136.30872706744347,
              12.399406414978552
            ]
          ]
        ]
      },
      "id": "53de70ee-ff80-415a-868c-8182f415d8ba"
    },
    {
      "type": "Feature",
      "properties": {
        "id": "e3665a38-4621-4a32-9540-b9243070090c",
        "name": "sketch80-3"
      },
      "geometry": {
        "type": "Polygon",
        "coordinates": [
          [
            [
              151.2434387154584,
              5.007697360260518
            ],
            [
              151.31720443673865,
              4.757338723379143
            ],
            [
              151.36214184398523,
              4.617383476574055
            ],
            [
              151.307026344171,
              4.395600829857577
            ],
            [
              150.93201140465126,
              4.601141129996834
            ],
            [
              150.78846979569457,
              4.355507452569878
            ],
            [
              150.76224293868307,
              4.534385747975287
            ],
            [
              150.57489370262198,
              4.620869864461157
            ],
            [
              150.81377777288708,
              4.683497995206869
            ],
            [
              150.67628855917906,
              5.097455137221596
            ],
            [
              151.2434387154584,
              5.007697360260518
            ]
          ]
        ]
      },
      "id": "e3665a38-4621-4a32-9540-b9243070090c"
    },
    {
      "type": "Feature",
      "properties": {
        "id": "9703d70b-b18d-4099-9a53-5154bce56ade",
        "name": "sketch80-4"
      },
      "geometry": {
        "type": "Polygon",
        "coordinates": [
          [
            [
              139.48922510151016,
              11.78407761347766
            ],
            [
              139.4498737081793,
              11.738074442663313
            ],
            [
              139.49182726821314,
              11.68541949149167
            ],
            [
              139.41130538012513,
              11.45880416133746
            ],
            [
              139.21420785445142,
              11.508794424225266
            ],
            [
              138.98642873287423,
              11.761717670422463
            ],
            [
              139.29493905091448,
              11.77992181532955
            ],
            [
              139.3623159133168,
              11.748245184259433
            ],
            [
              139.28951563878812,
              11.836635128501586
            ],
            [
              139.3367599588067,
              11.92061679081631
            ],
            [
              139.48922510151016,
              11.78407761347766
            ]
          ]
        ]
      },
      "id": "9703d70b-b18d-4099-9a53-5154bce56ade"
    },
    {
      "type": "Feature",
      "properties": {
        "id": "16ae7028-efdd-4e3f-a7ec-51076d7c6934",
        "name": "sketch80-5"
      },
      "geometry": {
        "type": "Polygon",
        "coordinates": [
          [
            [
              155.05339739722163,
              5.907580726946672
            ],
            [
              155.18302821752616,
              5.475460035141388
            ],
            [
              154.86211593201745,
              5.190558973578702
            ],
            [
              154.75041126094547,
              5.4867265427179825
            ],
            [
              154.74548810151077,
              5.521667335839605
            ],
            [
              154.43077336824265,
              5.498637526808053
            ],
            [
              154.75946367774168,
              5.577183432669026
            ],
            [
              154.425619958443,
              5.631470375628117
            ],
            [
              154.58096361102727,
              5.743945974063395
            ],
            [
              154.59551417560365,
              5.735553639961715
            ],
            [
              155.05339739722163,
              5.907580726946672
            ]
          ]
        ]
      },
      "id": "16ae7028-efdd-4e3f-a7ec-51076d7c6934"
    },
    {
      "type": "Feature",
      "properties": {
        "id": "ab4b31b7-025a-4a82-a4ee-7c2819a97298",
        "name": "sketch80-6"
      },
      "geometry": {
        "type": "Polygon",
        "coordinates": [
          [
            [
              141.4022216631786,
              2.4927469015395163
            ],
            [
              141.27908728934096,
              2.4124503828962616
            ],
            [
              141.41978352572272,
              2.2481528045218973
            ],
            [
              141.28690064500105,
              2.3362499822099965
            ],
            [
              141.29411286774643,
              2.2556195374269374
            ],
            [
              141.27507140317337,
              2.2644611461101882
            ],
            [
              141.08570390956064,
              2.2177280521164455
            ],
            [
              140.9536102028447,
              2.305457716531724
            ],
            [
              141.2122179990124,
              2.421804968583523
            ],
            [
              141.20824350468126,
              2.5114969432264846
            ],
            [
              141.4022216631786,
              2.4927469015395163
            ]
          ]
        ]
      },
      "id": "ab4b31b7-025a-4a82-a4ee-7c2819a97298"
    },
    {
      "type": "Feature",
      "properties": {
        "id": "a6e940bf-e6d4-4b12-ab71-017057c3615e",
        "name": "sketch80-7"
      },
      "geometry": {
        "type": "Polygon",
        "coordinates": [
          [
            [
              163.18204390663655,
              11.983538925970512
            ],
            [
              163.4285248405258,
              11.709593113900386
            ],
            [
              163.2236991553419,
              11.59151764405247
            ],
            [
              163.14831974678856,
              11.41372703534378
            ],
            [
              163.0427798009217,
              11.187615034829808
            ],
            [
              162.96688459922882,
              11.428261522856433
            ],
            [
              162.9846684622203,
              11.513772295953366
            ],
            [
              162.7728610822927,
              11.48278762444743
            ],
            [
              162.57067626478715,
              11.701824497010334
            ],
            [
              162.92809683852903,
              11.900928855751966
            ],
            [
              163.18204390663655,
              11.983538925970512
            ]
          ]
        ]
      },
      "id": "a6e940bf-e6d4-4b12-ab71-017057c3615e"
    },
    {
      "type": "Feature",
      "properties": {
        "id": "db80266c-aa61-4656-b157-4c6694d3b9d2",
        "name": "sketch80-8"
      },
      "geometry": {
        "type": "Polygon",
        "coordinates": [
          [
            [
              159.78541109122563,
              2.1555179936704283
            ],
            [
              159.79185465964767,
              2.0619476781585697
            ],
            [
              159.89129530818195,
              2.247526233600849
            ],
            [
              160.0403899350274,
              2.3589180175028437
            ],
            [
              159.93381755657404,
              2.098776694108838
            ],
            [
              160.23284856578962,
              1.8882216809690726
            ],
            [
              159.78363026875985,
              1.983487538774071
            ],
            [
              159.65817280712042,
              1.8423013638780588
            ],
            [
              159.5228478588075,
              2.015122974377889
            ],
            [
              159.70483461503835,
              2.02630070795236
            ],
            [
              159.78541109122563,
              2.1555179936704283
            ]
          ]
        ]
      },
      "id": "db80266c-aa61-4656-b157-4c6694d3b9d2"
    },
    {
      "type": "Feature",
      "properties": {
        "id": "c9793ab3-1d4d-42cc-940a-88c634e1bb97",
        "name": "sketch80-9"
      },
      "geometry": {
        "type": "Polygon",
        "coordinates": [
          [
            [
              140.90855157456753,
              1.8900099462131714
            ],
            [
              140.91417767278114,
              1.7562046655296164
            ],
            [
              140.972808354202,
              1.76410564810896
            ],
            [
              141.16674534013544,
              1.7394848610527345
            ],
            [
              140.94044678891962,
              1.6667512043323016
            ],
            [
              140.9428749678107,
              1.307735834144295
            ],
            [
              140.81571646734486,
              1.611544565266136
            ],
            [
              140.7611576862026,
              1.6397566181124317
            ],
            [
              140.68281880026294,
              1.7820872547114144
            ],
            [
              140.82401147270878,
              2.0903799640308987
            ],
            [
              140.90855157456753,
              1.8900099462131714
            ]
          ]
        ]
      },
      "id": "c9793ab3-1d4d-42cc-940a-88c634e1bb97"
    }
  ],
  "bbox": [
    135.9528824948725,
    1.307735834144295,
    163.4285248405258,
    12.711538768259823
  ]
}
