{
  "type": "FeatureCollection",
  "features": [
    {
      "type": "Feature",
      "properties": {
        "id": "06adc9cd-82b3-4627-8dfe-47bf96d633c2",
        "name": "sketch437-0"
      },
      "geometry": {
        "type": "Polygon",
        "coordinates": [
          [
            [
              150.29833896871597,
              5.01678572611829
            ],
            [
              150.17229275664155,
              4.790516492563371
            ],
            [
              150.32011207803686,
              4.688988556984069
            ],
            [
              150.18626477201983,
              4.444147917366703
            ],
            [
              150.01696989553525,
              4.521184366886617
            ],
            [
              150.00704751900196,
              4.609305718492465
            ],
            [
              149.7354698202569,
              4.653364515107882
            ],
            [
              149.72198238568643,
              4.9330057870906705
            ],
            [
              149.81387653017146,
              5.079423252235184
            ],
            [
              150.11942540828232,
              5.261480499992774
            ],
            [
              150.29833896871597,
              5.01678572611829
            ]
          ]
        ]
      },
      "id": "06adc9cd-82b3-4627-8dfe-47bf96d633c2"
    },
    {
      "type": "Feature",
      "properties": {
        "id": "4f70429b-cd21-4504-a6f1-0cb54824f070",
        "name": "sketch437-1"
      },
      "geometry": {
        "type": "Polygon",
        "coordinates": [
          [
            [
              145.15327940054158,
              0.9722862978437216
            ],
            [
              145.3947084283707,
              0.6980114585391
            ],
            [
              145.42985108912833,
              0.5235075930889416
            ],
            [
              145.15906985123564,
              0.40715849519337133
            ],
            [
              145.1869504972584,
              0.1351535268987169
            ],
            [
              144.98907862534668,
              0.3962098664914958
            ],
            [
              144.90256951373513,
              0.5184126549416294
            ],
            [
              144.8846143275289,
              0.5167803577258737
            ],
            [
              144.798853346995,
              0.5292058004869006
            ],
            [
              144.85014264080647,
              0.6236215152302497
            ],
            [
              145.15327940054158,
              0.9722862978437216
            ]
          ]
        ]
      },
      "id": "4f70429b-cd21-4504-a6f1-0cb54824f070"
    },
    {
      "type": "Feature",
      "properties": {
        "id": "6c5b7abc-ce8f-4e64-bd14-e16d4a59bf71",
        "name": "sketch437-2"
      },
      "geometry": {
        "type": "Polygon",
        "coordinates": [
          [
            [
              157.65936054379176,
              8.384802944448701
            ],
            [
              158.0389130250445,
              8.291662095093262
            ],
            [
              157.7011783832698,
              8.212978800600657
            ],
            [
              157.52353688020463,
              7.866515401408761
            ],
            [
              157.50154649691035,
              8.119345152470682
            ],
            [
              157.57452316922573,
              8.286979045078047
            ],
            [
              157.3440337058337,
              8.215042480566044
            ],
            [
              157.46206445670575,
              8.356340322579612
            ],
            [
              157.3193405002221,
              8.68442392006443
            ],
            [
              157.46187974768029,
              8.797973427215933
            ],
            [
              157.65936054379176,
              8.384802944448701
            ]
          ]
        ]
      },
      "id": "6c5b7abc-ce8f-4e64-bd14-e16d4a59bf71"
    },
    {
      "type": "Feature",
      "properties": {
        "id": "fd4d1122-5d7e-47c4-9471-aa53bb62427b",
        "name": "sketch437-3"
      },
      "geometry": {
        "type": "Polygon",
        "coordinates": [
          [
            [
              148.80193693201068,
              -0.5937765951449153
            ],
            [
              148.9891143579685,
              -0.681597845127818
            ],
            [
              148.70858834645463,
              -0.9216369634490553
            ],
            [
              148.69700396153172,
              -1.2243098610020917
            ],
            [
              148.56271684961922,
              -0.8995834193339408
            ],
            [
              148.5533169708932,
              -1.1816207079857262
            ],
            [
              148.54029200106925,
              -0.9125728931044012
            ],
            [
              148.5334261179014,
              -0.8657910194374634
            ],
            [
              148.16851649431666,
              -0.8318971562440858
            ],
            [
              148.24203317779464,
              -0.5845945525678502
            ],
            [
              148.80193693201068,
              -0.5937765951449153
            ]
          ]
        ]
      },
      "id": "fd4d1122-5d7e-47c4-9471-aa53bb62427b"
    },
    {
      "type": "Feature",
      "properties": {
        "id": "9b7b3ee3-a810-4c73-9546-644540b73a2a",
        "name": "sketch437-4"
      },
      "geometry": {
        "type": "Polygon",
        "coordinates": [
          [
            [
              140.93609018195752,
              3.5779207059898375
            ],
            [
              140.90864881341616,
              3.5412471399291063
            ],
            [
              140.847373641263,
              3.52046202985123
            ],
            [
              140.80240034756957,
              3.345783454989196
            ],
            [
              140.75234949601054,
              3.2671181306441404
            ],
            [
              140.6046658534623,
              3.305633503087181
            ],
            [
              140.37728198842834,
              3.4218288010420577
            ],
            [
              140.6638088094548,
              3.8244412536399337
            ],
            [
              140.71985150195263,
              3.759150846949297
            ],
            [
              140.70584118075735,
              3.9191730843332886
            ],
            [
              140.93609018195752,
              3.5779207059898375
            ]
          ]
        ]
      },
      "id": "9b7b3ee3-a810-4c73-9546-644540b73a2a"
    },
    {
      "type": "Feature",
      "properties": {
        "id": "aa0ea5ba-e05a-4c24-a578-3e7f8049187f",
        "name": "sketch437-5"
      },
      "geometry": {
        "type": "Polygon",
        "coordinates": [
          [
            [
              136.8401870731015,
              3.812712675533513
            ],
            [
              136.83240636120794,
              3.6901014059498736
            ],
            [
              137.0570597468602,
              3.4183408572227294
            ],
            [
              136.6848842520849,
              3.4383786433223804
            ],
            [
              136.67870661144534,
              3.3371354192288716
            ],
            [
              136.41656004008593,
              3.367737630428875
            ],
            [
              136.38580895426693,
              3.381769246143041
            ],
            [
              136.45141076389166,
              3.518315249593976
            ],
            [
              136.33563149435395,
              3.7268976884077127
            ],
            [
              136.57499472033984,
              3.827415582960866
            ],
            [
              136.8401870731015,
              3.812712675533513
            ]
          ]
        ]
      },
      "id": "aa0ea5ba-e05a-4c24-a578-3e7f8049187f"
    },
    {
      "type": "Feature",
      "properties": {
        "id": "46b918d0-0649-4fd5-8998-f853aef92d5f",
        "name": "sketch437-6"
      },
      "geometry": {
        "type": "Polygon",
        "coordinates": [
          [
            [
              136.01796367031446,
              10.814010075259432
            ],
            [
              136.11523885400513,
              10.850717766279109
            ],
            [
              136.1599773139606,
              10.671158947038345
            ],
            [
              136.39854897058976,
              10.463397521928892
            ],
            [
              135.97115650085192,
              10.71407553159425
            ],
            [
              135.98586092856607,
              10.70041638445021
            ],
            [
              135.93399465261518,
              10.415340010055015
            ],
            [
              135.59295552600688,
              10.51500857773466
            ],
            [
              135.54157147247938,
              10.881399178389717
            ],
            [
              135.84931524858325,
              10.865178004968557
            ],
            [
              136.01796367031446,
              10.814010075259432
            ]
          ]
        ]
      },
      "id": "46b918d0-0649-4fd5-8998-f853aef92d5f"
    }
  ],
  "bbox": [
    135.54157147247938,
    -1.2243098610020917,
    158.0389130250445,
    10.881399178389717
  ]
}
