{
  "type": "FeatureCollection",
  "features": [
    {
      "type": "Feature",
      "properties": {
        "id": "54cbf936-0e14-4ab3-a9e8-2c29f4eb9de4",
        "name": "sketch13-0"
      },
      "geometry": {
        "type": "Polygon",
        "coordinates": [
          [
            [
              150.59405759545245,
              -0.0032000873939592167
            ],
            [
              150.8465645093925,
              0.033879167540012745
            ],
            [
              150.6160940634526,
              -0.2959215689471039
            ],
            [
              150.8389064798332,
              -0.4348292970505813
            ],
            [
              150.52911340521786,
              -0.3774187201441627
            ],
            [
              150.46553040225555,
              -0.632152379216889
            ],
            [
              150.33181338326796,
              -0.39347701529280454
            ],
            [
              150.0206149579112,
              -0.30691659180903286
            ],
            [
              150.10095024509806,
              -0.2451177614527681
            ],
            [
              150.394591957998,
              -0.14218528658120655
            ],
            [
              150.59405759545245,
              -0.0032000873939592167
            ]
          ]
        ]
      },
      "id": "54cbf936-0e14-4ab3-a9e8-2c29f4eb9de4"
    },
    {
      "type": "Feature",
      "properties": {
        "id": "ec22aa25-f04f-4315-a0d9-53c052596d17",
        "name": "sketch13-1"
      },
      "geometry": {
        "type": "Polygon",
        "coordinates": [
          [
            [
              162.13530049722,
              1.434886115321228
            ],
            [
              161.9053714220426,
              1.293722976761312
            ],
            [
              162.09409727567322,
              1.2621119764423674
            ],
            [
              161.96514290210655,
              1.2698826965049572
            ],
            [
              161.95816454382145,
              1.2012853444483487
            ],
            [
              161.8731690747807,
              1.1973360123833474
            ],
            [
              161.61146475795118,
              1.0094351409835822
            ],
            [
              161.47496747593215,
              1.0697778987549094
            ],
            [
              161.69733332013374,
              1.318840259036802
            ],
            [
              161.59592174951482,
              1.527849352922719
            ],
            [
              162.13530049722,
              1.434886115321228
            ]
          ]
        ]
      },
      "id": "ec22aa25-f04f-4315-a0d9-53c052596d17"
    },
    {
      "type": "Feature",
      "properties": {
        "id": "ddc24a4c-5fd3-4cae-9fba-4fb70ba86ff4",
        "name": "sketch13-2"
      },
      "geometry": {
        "type": "Polygon",
        "coordinates": [
          [
            [
              156.7664191035467,
              4.750145362886781
            ],
            [
              156.96275365606505,
              4.810366041585938
            ],
            [
              157.13187702378193,
              4.654850942108093
            ],
            [
              156.89583887641075,
              4.5949194058822584
            ],
            [
              156.73661428257242,
              4.553009273915035
            ],
            [
              156.72318855330332,
              4.70718693841088
            ],
            [
              156.57030063792683,
              4.577896626425206
            ],
            [
              156.38260064252944,
              4.742137163131564
            ],
            [
              156.45021593561202,
              5.067635939193474
            ],
            [
              156.5262792955625,
              5.1310759426921875
            ],
            [
              156.7664191035467,
              4.750145362886781
            ]
          ]
        ]
      },
      "id": "ddc24a4c-5fd3-4cae-9fba-4fb70ba86ff4"
    }
  ],
  "bbox": [
    150.0206149579112,
    -0.632152379216889,
    162.13530049722,
    5.1310759426921875
  ]
}
