{
  "type": "FeatureCollection",
  "features": [
    {
      "type": "Feature",
      "properties": {
        "id": "ccafc833-95ac-4c4f-862c-1a43c6105e5c",
        "name": "sketch30-0"
      },
      "geometry": {
        "type": "Polygon",
        "coordinates": [
          [
            [
              161.69946961180483,
              8.419627578917579
            ],
            [
              161.85436014016636,
              8.45783063896973
            ],
            [
              162.01779526289724,
              8.424768941120139
            ],
            [
              161.87073683240982,
              8.236986471983759
            ],
            [
              161.95900924982422,
              8.157284594885612
            ],
            [
              161.67561680876145,
              8.051299304672426
            ],
            [
              161.69569929759953,
              7.899908350602199
            ],
            [
              161.48695363502614,
              7.779220727466718
            ],
            [
              161.40455163845152,
              8.015535328002633
            ],
            [
              161.15844679440204,
              8.413743327474025
            ],
            [
              161.69946961180483,
              8.419627578917579
            ]
          ]
        ]
      },
      "id": "ccafc833-95ac-4c4f-862c-1a43c6105e5c"
    },
    {
      "type": "Feature",
      "properties": {
        "id": "a295957a-9d35-40b6-a088-79923aea35dd",
        "name": "sketch30-1"
      },
      "geometry": {
        "type": "Polygon",
        "coordinates": [
          [
            [
              163.08891850865496,
              4.693915891998624
            ],
            [
              163.06615624183524,
              4.367598014086917
            ],
            [
              162.96143901772345,
              4.239703225894208
            ],
            [
              162.94000909417755,
              4.174712300445357
            ],
            [
              162.6726669036186,
              3.8343576930369503
            ],
            [
              162.63284851202917,
              3.9936227392810437
            ],
            [
              162.79281577529432,
              4.246918294421579
            ],
            [
              162.58204011302738,
              4.445114443290496
            ],
            [
              162.82931871539654,
              4.320453667301601
            ],
            [
              162.84848085102604,
              4.384523459834435
            ],
            [
              163.08891850865496,
              4.693915891998624
            ]
          ]
        ]
      },
      "id": "a295957a-9d35-40b6-a088-79923aea35dd"
    },
    {
      "type": "Feature",
      "properties": {
        "id": "3d1f85bc-55e0-4bc4-832c-40c3f57cf55e",
        "name": "sketch30-2"
      },
      "geometry": {
        "type": "Polygon",
        "coordinates": [
          [
            [
              139.98501683832285,
              2.890226361186384
            ],
            [
              140.14843593636456,
              2.768128075320751
            ],
            [
              140.22239063970207,
              2.667757617651882
            ],
            [
              139.92653444095768,
              2.628675669474613
            ],
            [
              139.89661139762566,
              2.4519223080429664
            ],
            [
              139.76655957892018,
              2.3979919933440588
            ],
            [
              139.76558741311828,
              2.6073525852923196
            ],
            [
              139.80690724910406,
              2.6559749082273134
            ],
            [
              139.50014528871614,
              2.9085358005134574
            ],
            [
              139.70794421975268,
              2.9425386996834826
            ],
            [
              139.98501683832285,
              2.890226361186384
            ]
          ]
        ]
      },
      "id": "3d1f85bc-55e0-4bc4-832c-40c3f57cf55e"
    },
    {
      "type": "Feature",
      "properties": {
        "id": "4f5b6c4a-f256-4711-a50b-1a965fa028d7",
        "name": "sketch30-3"
      },
      "geometry": {
        "type": "Polygon",
        "coordinates": [
          [
            [
              152.37628428081607,
              7.418173274330947
            ],
            [
              152.47180546156721,
              7.390602063554639
            ],
            [
              152.44188404578625,
              7.227414588304597
            ],
            [
              152.55827252014356,
              6.999971070630061
            ],
            [
              152.30568871191213,
              6.994771197311256
            ],
            [
              152.20206941592127,
              7.015294791617779
            ],
            [
              152.23468241867462,
              7.281772424091247
            ],
            [
              152.22575802687146,
              7.284424529774862
            ],
            [
              152.01133588267874,
              7.329386868294999
            ],
            [
              152.06398368037,
              7.592768767058714
            ],
            [
              152.37628428081607,
              7.418173274330947
            ]
          ]
        ]
      },
      "id": "4f5b6c4a-f256-4711-a50b-1a965fa028d7"
    },
    {
      "type": "Feature",
      "properties": {
        "id": "d7f59ca8-9359-4c7f-9bcd-5221a3866b71",
        "name": "sketch30-4"
      },
      "geometry": {
        "type": "Polygon",
        "coordinates": [
          [
            [
              153.16815043466835,
              10.206044312253487
            ],
            [
              153.10663185126492,
              10.092442601563382
            ],
            [
              153.2778632134781,
              10.249751520045363
            ],
            [
              153.29242464515124,
              10.05636540148719
            ],
            [
              153.40398055503596,
              9.815871656700613
            ],
            [
              153.01030763347921,
              9.786054078350674
            ],
            [
              153.0098993704978,
              10.021151767231528
            ],
            [
              152.77169850120586,
              10.075338009134546
            ],
            [
              152.87813162827445,
              10.484607618530422
            ],
            [
              153.08245839482,
              10.573203494534381
            ],
            [
              153.16815043466835,
              10.206044312253487
            ]
          ]
        ]
      },
      "id": "d7f59ca8-9359-4c7f-9bcd-5221a3866b71"
    },
    {
      "type": "Feature",
      "properties": {
        "id": "1b67bbe6-6ced-445c-8139-eea0f4ceff6d",
        "name": "sketch30-5"
      },
      "geometry": {
        "type": "Polygon",
        "coordinates": [
          [
            [
              146.02369630460007,
              7.724477278074165
            ],
            [
              146.02113118034805,
              7.689216261517356
            ],
            [
              146.0198319091108,
              7.682141527327405
            ],
            [
              146.4577682890312,
              7.506564813913704
            ],
            [
              146.2257957783409,
              7.494012321252576
            ],
            [
              146.09149972577805,
              7.355525217467278
            ],
            [
              145.8900523055305,
              7.511343961862791
            ],
            [
              145.67347626075397,
              7.413819819943358
            ],
            [
              145.51146635205907,
              7.563434690974731
            ],
            [
              145.86421022222015,
              7.826261301920073
            ],
            [
              146.02369630460007,
              7.724477278074165
            ]
          ]
        ]
      },
      "id": "1b67bbe6-6ced-445c-8139-eea0f4ceff6d"
    },
    {
      "type": "Feature",
      "properties": {
        "id": "07c387a5-be6e-41db-9609-280f5d5b1bf2",
        "name": "sketch30-6"
      },
      "geometry": {
        "type": "Polygon",
        "coordinates": [
          [
            [
              148.16618493625495,
              2.51805618347403
            ],
            [
              148.55644673345932,
              2.7354275946171125
            ],
            [
              148.28350824139164,
              2.505073065606008
            ],
            [
              148.2235724348636,
              2.439720118043526
            ],
            [
              148.19934681697256,
              2.342133518101423
            ],
            [
              147.96971769227636,
              2.1024100853814964
            ],
            [
              147.86048224264394,
              2.366407275211658
            ],
            [
              148.00609097426766,
              2.4882912452675057
            ],
            [
              147.9461166397956,
              2.5610347911874825
            ],
            [
              148.0571605204063,
              2.5392825324716033
            ],
            [
              148.16618493625495,
              2.51805618347403
            ]
          ]
        ]
      },
      "id": "07c387a5-be6e-41db-9609-280f5d5b1bf2"
    },
    {
      "type": "Feature",
      "properties": {
        "id": "a577dc70-9f3d-4342-97e2-09c963dfcf50",
        "name": "sketch30-7"
      },
      "geometry": {
        "type": "Polygon",
        "coordinates": [
          [
            [
              147.3618131256807,
              10.700730535329482
            ],
            [
              147.48390189552802,
              10.75946534481391
            ],
            [
              147.4013369658233,
              10.495227102681463
            ],
            [
              147.75860177956315,
              10.338132372345358
            ],
            [
              147.46042121939198,
              10.425220870773678
            ],
            [
              147.3778246808641,
              10.31169998683387
            ],
            [
              147.21682654575505,
              10.281872382485728
            ],
            [
              146.8325920349383,
              10.44760851189373
            ],
            [
              146.98599328614753,
              10.6926583495253
            ],
            [
              147.29399579160398,
              10.631569316621224
            ],
            [
              147.3618131256807,
              10.700730535329482
            ]
          ]
        ]
      },
      "id": "a577dc70-9f3d-4342-97e2-09c963dfcf50"
    },
    {
      "type": "Feature",
      "properties": {
        "id": "d3fbfabf-fc0a-4a4c-9a54-be9f27fe250a",
        "name": "sketch30-8"
      },
      "geometry": {
        "type": "Polygon",
        "coordinates": [
          [
            [
              141.47323600022776,
              12.16897246366874
            ],
            [
              141.32111780677062,
              11.801830816035068
            ],
            [
              141.324152180998,
              11.742628659162518
            ],
            [
              141.54129488647175,
              11.74888638799034
            ],
            [
              141.4432586251377,
              11.671580502617736
            ],
            [
              141.19424031454093,
              11.378895289776313
            ],
            [
              141.196810394263,
              11.714599363262264
            ],
            [
              141.193580790738,
              11.73686825446778
            ],
            [
              140.91861942637823,
              11.974808620267128
            ],
            [
              141.0016631945092,
              12.137609498122034
            ],
            [
              141.47323600022776,
              12.16897246366874
            ]
          ]
        ]
      },
      "id": "d3fbfabf-fc0a-4a4c-9a54-be9f27fe250a"
    },
    {
      "type": "Feature",
      "properties": {
        "id": "5cde6f99-7e10-4e64-bb12-1c6d2088c82b",
        "name": "sketch30-9"
      },
      "geometry": {
        "type": "Polygon",
        "coordinates": [
          [
            [
              151.28155405293765,
              1.5728057019903243
            ],
            [
              151.24945813862135,
              1.3165655962772547
            ],
            [
              151.39502530808912,
              1.2148209456406558
            ],
            [
              151.4217655602654,
              1.0624783296093776
            ],
            [
              151.402775452466,
              1.0120489319541843
            ],
            [
              151.2233259295454,
              0.9708706849716398
            ],
            [
              150.8929709299943,
              1.02923438516706
            ],
            [
              151.07777758328692,
              1.2807545887480547
            ],
            [
              150.91429786209636,
              1.3757172768701365
            ],
            [
              150.99499967064264,
              1.4453135721261567
            ],
            [
              151.28155405293765,
              1.5728057019903243
            ]
          ]
        ]
      },
      "id": "5cde6f99-7e10-4e64-bb12-1c6d2088c82b"
    }
  ],
  "bbox": [
    139.50014528871614,
    0.9708706849716398,
    163.08891850865496,
    12.16897246366874
  ]
}
