{
  "type": "FeatureCollection",
  "features": [
    {
      "type": "Feature",
      "properties": {
        "id": "3143cba5-2a62-401a-aef9-8aaa5c545f2b",
        "name": "sketch59-0"
      },
      "geometry": {
        "type": "Polygon",
        "coordinates": [
          [
            [
              153.68414303026333,
              11.64535570784298
            ],
            [
              153.5570735655255,
              11.44440523215487
            ],
            [
              153.74810115082371,
              11.317909716854858
            ],
            [
              153.6564824205434,
              11.2883736887486
            ],
            [
              153.54802088037817,
              11.061058692866364
            ],
            [
              153.37145849354226,
              10.956025314144442
            ],
            [
              153.01777911936242,
              11.196055916807977
            ],
            [
              153.44903318441692,
              11.37876077921685
            ],
            [
              153.42407263811745,
              11.449217461545489
            ],
            [
              153.40105078989367,
              11.607191927455002
            ],
            [
              153.68414303026333,
              11.64535570784298
            ]
          ]
        ]
      },
      "id": "3143cba5-2a62-401a-aef9-8aaa5c545f2b"
    },
    {
      "type": "Feature",
      "properties": {
        "id": "4e22e834-e6cb-4b4f-a588-4f2ca7a5f221",
        "name": "sketch59-1"
      },
      "geometry": {
        "type": "Polygon",
        "coordinates": [
          [
            [
              154.72536872533664,
              10.700338177301143
            ],
            [
              154.5815823735912,
              10.45373575951509
            ],
            [
              154.59632294010976,
              10.369230146233804
            ],
            [
              154.76899324847133,
              10.148157098740736
            ],
            [
              154.49181052053672,
              10.22312934326013
            ],
            [
              154.33106983962557,
              10.060726233927815
            ],
            [
              154.32454605595976,
              10.365066421251507
            ],
            [
              154.46122768502977,
              10.395787168221192
            ],
            [
              154.28672549197393,
              10.417335096284484
            ],
            [
              154.45085996420482,
              10.478683783546716
            ],
            [
              154.72536872533664,
              10.700338177301143
            ]
          ]
        ]
      },
      "id": "4e22e834-e6cb-4b4f-a588-4f2ca7a5f221"
    },
    {
      "type": "Feature",
      "properties": {
        "id": "ecb1e4c7-63c5-411d-8637-25296eb6eb37",
        "name": "sketch59-2"
      },
      "geometry": {
        "type": "Polygon",
        "coordinates": [
          [
            [
              157.6998410179313,
              12.054756278412258
            ],
            [
              157.91992112007296,
              11.935129877401291
            ],
            [
              157.50449869838542,
              11.749082487725
            ],
            [
              157.53635033943002,
              11.667408682166739
            ],
            [
              157.52635556235012,
              11.522072523801306
            ],
            [
              157.4319156702625,
              11.372349858613417
            ],
            [
              157.17278352066054,
              11.40606866203954
            ],
            [
              157.3567563301491,
              11.745599319070612
            ],
            [
              157.42178941811247,
              11.793070172671706
            ],
            [
              157.3460207717266,
              12.00587671033882
            ],
            [
              157.6998410179313,
              12.054756278412258
            ]
          ]
        ]
      },
      "id": "ecb1e4c7-63c5-411d-8637-25296eb6eb37"
    },
    {
      "type": "Feature",
      "properties": {
        "id": "4c778e4d-dad1-4a6e-b762-0a6b78aa8283",
        "name": "sketch59-3"
      },
      "geometry": {
        "type": "Polygon",
        "coordinates": [
          [
            [
              136.17895726117325,
              2.9068142097355874
            ],
            [
              136.1504066042662,
              2.6970717498748495
            ],
            [
              136.09848099650327,
              2.623892273413181
            ],
            [
              136.10808570193757,
              2.621082968134716
            ],
            [
              136.31731092074682,
              2.3881623966922954
            ],
            [
              136.1706764340257,
              2.394483409544265
            ],
            [
              135.99035644917336,
              2.366085730857796
            ],
            [
              135.68438795700715,
              2.369958977425532
            ],
            [
              135.7977103612169,
              2.727985203606942
            ],
            [
              135.95010176580394,
              2.967028824223625
            ],
            [
              136.17895726117325,
              2.9068142097355874
            ]
          ]
        ]
      },
      "id": "4c778e4d-dad1-4a6e-b762-0a6b78aa8283"
    },
    {
      "type": "Feature",
      "properties": {
        "id": "54342433-da2d-4ff4-ad16-e5d11206c7da",
        "name": "sketch59-4"
      },
      "geometry": {
        "type": "Polygon",
        "coordinates": [
          [
            [
              160.82209855426984,
              13.145434625866214
            ],
            [
              160.9478215873885,
              13.100901905757414
            ],
            [
              160.90047227664004,
              12.9522792620897
            ],
            [
              160.73520067681577,
              12.934576757614204
            ],
            [
              160.83392393373367,
              12.591400543520416
            ],
            [
              160.68774194029683,
              12.826666839086196
            ],
            [
              160.61148677423097,
              12.851503233013988
            ],
            [
              160.25630052013253,
              12.840488336835499
            ],
            [
              160.28792637727844,
              13.101261478472463
            ],
            [
              160.57640001150563,
              13.101644550598257
            ],
            [
              160.82209855426984,
              13.145434625866214
            ]
          ]
        ]
      },
      "id": "54342433-da2d-4ff4-ad16-e5d11206c7da"
    },
    {
      "type": "Feature",
      "properties": {
        "id": "b5452edf-2503-48b7-88a6-79efe8332600",
        "name": "sketch59-5"
      },
      "geometry": {
        "type": "Polygon",
        "coordinates": [
          [
            [
              137.09599775857248,
              6.364712453306911
            ],
            [
              137.2633563375379,
              6.505517755949284
            ],
            [
              137.26826669655287,
              6.123564049836724
            ],
            [
              137.34952303514333,
              5.933851238781263
            ],
            [
              137.1246919652854,
              6.016499419406458
            ],
            [
              137.3232592034572,
              5.796941501274218
            ],
            [
              137.08341238576264,
              5.9574459995737925
            ],
            [
              136.87508762736923,
              5.838764372069561
            ],
            [
              136.9391553853946,
              6.037417723832333
            ],
            [
              136.9946446145611,
              6.125084582232933
            ],
            [
              137.09599775857248,
              6.364712453306911
            ]
          ]
        ]
      },
      "id": "b5452edf-2503-48b7-88a6-79efe8332600"
    },
    {
      "type": "Feature",
      "properties": {
        "id": "1522277a-82e6-44c9-aeaf-254b1b243489",
        "name": "sketch59-6"
      },
      "geometry": {
        "type": "Polygon",
        "coordinates": [
          [
            [
              144.8150874584871,
              12.831273018814526
            ],
            [
              145.22812648922272,
              13.013086508889948
            ],
            [
              145.28729140214753,
              12.8711792393321
            ],
            [
              145.23873064029544,
              12.69142821987691
            ],
            [
              145.05001840087684,
              12.462171685903431
            ],
            [
              144.83627041197565,
              12.53845078961119
            ],
            [
              144.72071643482232,
              12.683317004697834
            ],
            [
              144.57750579479344,
              12.659101289382981
            ],
            [
              144.69084803996944,
              12.815374093371117
            ],
            [
              144.461117783631,
              13.062308056804333
            ],
            [
              144.8150874584871,
              12.831273018814526
            ]
          ]
        ]
      },
      "id": "1522277a-82e6-44c9-aeaf-254b1b243489"
    },
    {
      "type": "Feature",
      "properties": {
        "id": "4814643b-8750-4318-9975-723ef1306d82",
        "name": "sketch59-7"
      },
      "geometry": {
        "type": "Polygon",
        "coordinates": [
          [
            [
              165.1591179994487,
              5.7391212330412795
            ],
            [
              165.37796087260617,
              5.640775506344089
            ],
            [
              165.34576279812833,
              5.462175898714958
            ],
            [
              165.0893397648472,
              5.458960718721906
            ],
            [
              165.02504166556776,
              5.448439721337482
            ],
            [
              165.0287450131318,
              5.533174411417667
            ],
            [
              164.86815713832146,
              5.439941757478871
            ],
            [
              164.8288387286812,
              5.55095922446076
            ],
            [
              164.99750060644547,
              5.564190885752585
            ],
            [
              164.9231419424157,
              5.717025237001013
            ],
            [
              165.1591179994487,
              5.7391212330412795
            ]
          ]
        ]
      },
      "id": "4814643b-8750-4318-9975-723ef1306d82"
    },
    {
      "type": "Feature",
      "properties": {
        "id": "297b9956-c16e-411d-9c19-a33c1c307973",
        "name": "sketch59-8"
      },
      "geometry": {
        "type": "Polygon",
        "coordinates": [
          [
            [
              153.07428980618258,
              5.59870526598496
            ],
            [
              153.1413107667338,
              5.7465324600084955
            ],
            [
              153.3285830010043,
              5.581775180962803
            ],
            [
              153.12624805842725,
              5.473239175550079
            ],
            [
              153.22351908238036,
              5.441381530636842
            ],
            [
              153.1058303653136,
              5.3892750724268845
            ],
            [
              152.9543834328239,
              5.003510008681766
            ],
            [
              152.70481857490765,
              5.234971900711416
            ],
            [
              152.62489301154804,
              5.608688330527108
            ],
            [
              152.99210718911948,
              5.907506215590758
            ],
            [
              153.07428980618258,
              5.59870526598496
            ]
          ]
        ]
      },
      "id": "297b9956-c16e-411d-9c19-a33c1c307973"
    }
  ],
  "bbox": [
    135.68438795700715,
    2.366085730857796,
    165.37796087260617,
    13.145434625866214
  ]
}
