{
  "type": "FeatureCollection",
  "features": [
    {
      "type": "Feature",
      "properties": {
        "id": "e8bc61e3-ceb7-43b2-b9a4-c46782c48b07",
        "name": "sketch24-0"
      },
      "geometry": {
        "type": "Polygon",
        "coordinates": [
          [
            [
              136.37356269948975,
              10.334487300605865
            ],
            [
              136.2493502570591,
              10.022192002173458
            ],
            [
              136.20932125354702,
              9.982579672161698
            ],
            [
              136.54162905451457,
              9.963770236768852
            ],
            [
              136.45143300071425,
              9.772679740074596
            ],
            [
              136.46177047839282,
              9.552422982630553
            ],
            [
              136.18027790986818,
              9.529201721754152
            ],
            [
              136.00026448419385,
              9.80612219226169
            ],
            [
              135.83878730627808,
              9.970102605917896
            ],
            [
              135.84116090983042,
              10.169899570916352
            ],
            [
              136.37356269948975,
              10.334487300605865
            ]
          ]
        ]
      },
      "id": "e8bc61e3-ceb7-43b2-b9a4-c46782c48b07"
    },
    {
      "type": "Feature",
      "properties": {
        "id": "478604f0-9f74-48fc-b1c1-e7dfe004bec6",
        "name": "sketch24-1"
      },
      "geometry": {
        "type": "Polygon",
        "coordinates": [
          [
            [
              164.0731771195317,
              9.26477292408328
            ],
            [
              164.1977404792246,
              8.98447111902976
            ],
            [
              164.01993924349912,
              8.893587488899962
            ],
            [
              164.20367272568473,
              8.746539980048386
            ],
            [
              163.95441409935515,
              8.827152251565499
            ],
            [
              163.70327935785954,
              8.63546687203816
            ],
            [
              163.67542328399864,
              8.85888516020504
            ],
            [
              163.85785948116134,
              8.980028938507903
            ],
            [
              163.81323180619125,
              8.997309545943482
            ],
            [
              163.7652260385912,
              9.377224008726682
            ],
            [
              164.0731771195317,
              9.26477292408328
            ]
          ]
        ]
      },
      "id": "478604f0-9f74-48fc-b1c1-e7dfe004bec6"
    },
    {
      "type": "Feature",
      "properties": {
        "id": "ade9ce02-522b-43ce-8a3c-4cbeed8cfb76",
        "name": "sketch24-2"
      },
      "geometry": {
        "type": "Polygon",
        "coordinates": [
          [
            [
              165.07165818170398,
              11.01761874130603
            ],
            [
              165.46709753991175,
              11.056682221515153
            ],
            [
              165.4726262989171,
              10.766555785224824
            ],
            [
              165.29443936349446,
              10.741492061987769
            ],
            [
              164.99830053734334,
              10.536952870397739
            ],
            [
              165.01459972024657,
              10.964012760431784
            ],
            [
              164.66067393408298,
              10.78082311346715
            ],
            [
              164.6146795457707,
              10.965179705224877
            ],
            [
              165.02207383839735,
              10.998081500692457
            ],
            [
              164.9147280155695,
              11.123850088381875
            ],
            [
              165.07165818170398,
              11.01761874130603
            ]
          ]
        ]
      },
      "id": "ade9ce02-522b-43ce-8a3c-4cbeed8cfb76"
    },
    {
      "type": "Feature",
      "properties": {
        "id": "d450374c-8605-413f-a83b-5fee9b6518de",
        "name": "sketch24-3"
      },
      "geometry": {
        "type": "Polygon",
        "coordinates": [
          [
            [
              154.94184931099883,
              11.787309051035528
            ],
            [
              155.1267657331543,
              11.702311629977023
            ],
            [
              155.25489459783967,
              11.578569359969832
            ],
            [
              155.3142062799092,
              11.25451553266288
            ],
            [
              154.92627630221173,
              11.231157003512195
            ],
            [
              154.95399990152808,
              11.117024207672587
            ],
            [
              154.98046410884538,
              10.922222204741828
            ],
            [
              154.74163867277176,
              11.082275787528877
            ],
            [
              154.85161319533182,
              11.296737737854002
            ],
            [
              154.5581890287464,
              11.541347277354806
            ],
            [
              154.94184931099883,
              11.787309051035528
            ]
          ]
        ]
      },
      "id": "d450374c-8605-413f-a83b-5fee9b6518de"
    }
  ],
  "bbox": [
    135.83878730627808,
    8.63546687203816,
    165.4726262989171,
    11.787309051035528
  ]
}
