{
  "type": "FeatureCollection",
  "features": [
    {
      "type": "Feature",
      "properties": {
        "id": "b65e50b1-e132-47e2-9ead-7f2dbce56b26",
        "name": "sketch18-0"
      },
      "geometry": {
        "type": "Polygon",
        "coordinates": [
          [
            [
              151.98007564130143,
              12.296974549943126
            ],
            [
              152.07936315519777,
              12.361651793112852
            ],
            [
              152.1774951881613,
              12.295203558492808
            ],
            [
              152.32408017151548,
              12.296970916877562
            ],
            [
              151.9778199015234,
              12.276400596043267
            ],
            [
              151.97312879705024,
              12.268626416842036
            ],
            [
              151.8954934805792,
              12.221491033151624
            ],
            [
              151.92029923102294,
              12.252229031543772
            ],
            [
              151.80712890293452,
              12.402690580350516
            ],
            [
              151.92490197311054,
              12.354121152403309
            ],
            [
              151.98007564130143,
              12.296974549943126
            ]
          ]
        ]
      },
      "id": "b65e50b1-e132-47e2-9ead-7f2dbce56b26"
    },
    {
      "type": "Feature",
      "properties": {
        "id": "bf32f5b6-e865-40a6-b6f4-7da37bcf56f3",
        "name": "sketch18-1"
      },
      "geometry": {
        "type": "Polygon",
        "coordinates": [
          [
            [
              136.2662645863903,
              9.51618356797132
            ],
            [
              136.1235494984803,
              9.263721514115334
            ],
            [
              136.21728567772297,
              9.102408606272501
            ],
            [
              135.98382831284164,
              9.235593064572596
            ],
            [
              135.76960842391026,
              9.147053719638839
            ],
            [
              135.6967917400366,
              9.36907533024055
            ],
            [
              135.60366253038754,
              9.399819786000233
            ],
            [
              135.724140417842,
              9.74574279324415
            ],
            [
              135.89520911149526,
              9.524837023027205
            ],
            [
              135.96014586564206,
              9.481315907311892
            ],
            [
              136.2662645863903,
              9.51618356797132
            ]
          ]
        ]
      },
      "id": "bf32f5b6-e865-40a6-b6f4-7da37bcf56f3"
    },
    {
      "type": "Feature",
      "properties": {
        "id": "cc50a8d6-3d61-489b-b3aa-7a147fb8405c",
        "name": "sketch18-2"
      },
      "geometry": {
        "type": "Polygon",
        "coordinates": [
          [
            [
              139.44179681741042,
              4.275613366710312
            ],
            [
              139.21970378395875,
              4.1716888290649745
            ],
            [
              139.43333234070127,
              4.024709733827698
            ],
            [
              139.21302229854516,
              3.811965836644587
            ],
            [
              139.03006858443732,
              4.144837866761518
            ],
            [
              138.74617641067707,
              4.08640767242479
            ],
            [
              139.08658260132998,
              4.231211473215901
            ],
            [
              138.75385153002262,
              4.481191819229392
            ],
            [
              138.8664933171503,
              4.627114800459679
            ],
            [
              139.06428872585337,
              4.3821853069228345
            ],
            [
              139.44179681741042,
              4.275613366710312
            ]
          ]
        ]
      },
      "id": "cc50a8d6-3d61-489b-b3aa-7a147fb8405c"
    },
    {
      "type": "Feature",
      "properties": {
        "id": "40e84e84-61c1-4c61-8404-3974af0ccf12",
        "name": "sketch18-3"
      },
      "geometry": {
        "type": "Polygon",
        "coordinates": [
          [
            [
              162.25650356367711,
              12.474374428329348
            ],
            [
              162.17814120259024,
              12.383419478735112
            ],
            [
              162.2777667677671,
              12.318191345872679
            ],
            [
              162.15579584527958,
              12.272466004160123
            ],
            [
              162.2003261165089,
              12.042014412163768
            ],
            [
              162.0938382441428,
              12.225943352557254
            ],
            [
              162.0656586190213,
              12.289130118643218
            ],
            [
              161.8814462701755,
              12.22758927101492
            ],
            [
              161.69629693648253,
              12.329682640330471
            ],
            [
              161.78310713109747,
              12.60214325478938
            ],
            [
              162.25650356367711,
              12.474374428329348
            ]
          ]
        ]
      },
      "id": "40e84e84-61c1-4c61-8404-3974af0ccf12"
    },
    {
      "type": "Feature",
      "properties": {
        "id": "23bab6c7-af2e-4719-86a1-42d660e273e8",
        "name": "sketch18-4"
      },
      "geometry": {
        "type": "Polygon",
        "coordinates": [
          [
            [
              136.66031695400372,
              12.704900708654586
            ],
            [
              136.6600280809689,
              12.616452448335405
            ],
            [
              136.99478984729237,
              12.477707065901857
            ],
            [
              136.79520867491303,
              12.512231541021444
            ],
            [
              136.71594374755082,
              12.5107603567189
            ],
            [
              136.89039973029867,
              12.318725536010389
            ],
            [
              136.64007945531674,
              12.221506788226066
            ],
            [
              136.56956618573182,
              12.52484757235143
            ],
            [
              136.40317719713588,
              12.525217476828505
            ],
            [
              136.51049471587072,
              12.675339589092845
            ],
            [
              136.66031695400372,
              12.704900708654586
            ]
          ]
        ]
      },
      "id": "23bab6c7-af2e-4719-86a1-42d660e273e8"
    },
    {
      "type": "Feature",
      "properties": {
        "id": "31551467-b664-4fdb-b275-48708916365c",
        "name": "sketch18-5"
      },
      "geometry": {
        "type": "Polygon",
        "coordinates": [
          [
            [
              162.76289562563443,
              10.943069591747614
            ],
            [
              162.66290179202556,
              10.69413873825688
            ],
            [
              162.61845865418664,
              10.590155210703518
            ],
            [
              162.51977932590285,
              10.71776887935431
            ],
            [
              162.29701763449035,
              10.318224363047047
            ],
            [
              162.23876389715045,
              10.569971601902438
            ],
            [
              162.46301423491153,
              10.710121818079928
            ],
            [
              162.38616407438155,
              10.743487507694061
            ],
            [
              162.07028388563393,
              10.931543518093877
            ],
            [
              162.30081488112074,
              10.865089125701441
            ],
            [
              162.76289562563443,
              10.943069591747614
            ]
          ]
        ]
      },
      "id": "31551467-b664-4fdb-b275-48708916365c"
    },
    {
      "type": "Feature",
      "properties": {
        "id": "9854e118-a3a6-40ba-967e-ca18c4f28d50",
        "name": "sketch18-6"
      },
      "geometry": {
        "type": "Polygon",
        "coordinates": [
          [
            [
              138.75650887763143,
              13.56541240395247
            ],
            [
              138.8527270857403,
              13.542141741445835
            ],
            [
              138.92277032333052,
              13.362816565417523
            ],
            [
              138.95678475687487,
              13.254112602788638
            ],
            [
              138.92167331118543,
              13.180708668211214
            ],
            [
              138.66020791108363,
              13.345277287125205
            ],
            [
              138.7724618124917,
              13.16080020305833
            ],
            [
              138.45059645963858,
              13.036832878294458
            ],
            [
              138.28366870702598,
              13.412826413430919
            ],
            [
              138.39795403206145,
              13.720859860881962
            ],
            [
              138.75650887763143,
              13.56541240395247
            ]
          ]
        ]
      },
      "id": "9854e118-a3a6-40ba-967e-ca18c4f28d50"
    },
    {
      "type": "Feature",
      "properties": {
        "id": "629067f2-a71a-48f2-af10-e48dc9ce4c75",
        "name": "sketch18-7"
      },
      "geometry": {
        "type": "Polygon",
        "coordinates": [
          [
            [
              155.3707182710448,
              5.109919184149549
            ],
            [
              155.53388989040135,
              5.054496738288259
            ],
            [
              155.8248161214822,
              4.932492532432498
            ],
            [
              155.63555417655655,
              4.825265985905799
            ],
            [
              155.63690041804998,
              4.813279692620157
            ],
            [
              155.2108114128662,
              4.65053617176427
            ],
            [
              155.09304988710045,
              4.771447480238094
            ],
            [
              155.06220317797693,
              4.9871246983350765
            ],
            [
              155.2008503704899,
              5.100100364312207
            ],
            [
              155.3340153701929,
              5.11393466517106
            ],
            [
              155.3707182710448,
              5.109919184149549
            ]
          ]
        ]
      },
      "id": "629067f2-a71a-48f2-af10-e48dc9ce4c75"
    }
  ],
  "bbox": [
    135.60366253038754,
    3.811965836644587,
    162.76289562563443,
    13.720859860881962
  ]
}
