{
  "type": "FeatureCollection",
  "features": [
    {
      "type": "Feature",
      "properties": {
        "id": "dc2d86e5-12b9-4def-8191-71bf82eb84e3",
        "name": "sketch398-0"
      },
      "geometry": {
        "type": "Polygon",
        "coordinates": [
          [
            [
              138.34753167370917,
              13.679683705418416
            ],
            [
              138.42724891022934,
              13.732273256929128
            ],
            [
              138.20986963148837,
              13.553720398496102
            ],
            [
              138.18156427463785,
              13.33874507082958
            ],
            [
              138.0914769051119,
              13.237846037964898
            ],
            [
              137.93877761120265,
              13.358131763117443
            ],
            [
              137.9538999718262,
              13.378469266778405
            ],
            [
              137.68902800472392,
              13.423964754917046
            ],
            [
              137.7547050500322,
              13.494867500614875
            ],
            [
              137.69194197914933,
              13.764515169672274
            ],
            [
              138.34753167370917,
              13.679683705418416
            ]
          ]
        ]
      },
      "id": "dc2d86e5-12b9-4def-8191-71bf82eb84e3"
    },
    {
      "type": "Feature",
      "properties": {
        "id": "30740a77-3f01-4f9a-9b7f-d83251b2834f",
        "name": "sketch398-1"
      },
      "geometry": {
        "type": "Polygon",
        "coordinates": [
          [
            [
              146.13350986837577,
              2.0111119641905644
            ],
            [
              146.0994627159306,
              1.9565421207332454
            ],
            [
              146.00261870713138,
              1.6416589147355753
            ],
            [
              146.00103663947561,
              1.6067856576599242
            ],
            [
              145.9470645062744,
              1.4847258422411538
            ],
            [
              145.72993081171373,
              1.5032869574572134
            ],
            [
              145.4799937983152,
              1.6445939157614375
            ],
            [
              145.6005736158484,
              1.658714050854695
            ],
            [
              145.6582593783229,
              1.759211783449353
            ],
            [
              145.7894710669988,
              2.151838513387464
            ],
            [
              146.13350986837577,
              2.0111119641905644
            ]
          ]
        ]
      },
      "id": "30740a77-3f01-4f9a-9b7f-d83251b2834f"
    },
    {
      "type": "Feature",
      "properties": {
        "id": "12b2d300-e60d-47ff-bfdf-2b3bf106b24d",
        "name": "sketch398-2"
      },
      "geometry": {
        "type": "Polygon",
        "coordinates": [
          [
            [
              157.94595118929337,
              10.764659761092446
            ],
            [
              157.736148031096,
              10.6039912776335
            ],
            [
              157.65252448261202,
              10.300550045100437
            ],
            [
              157.51065604625984,
              10.289434436853483
            ],
            [
              157.51369748395538,
              10.630211038757698
            ],
            [
              157.3841478059536,
              10.570319742217828
            ],
            [
              157.3016896810326,
              10.62193896631016
            ],
            [
              157.1744611435255,
              10.746874009521294
            ],
            [
              157.3647086147077,
              11.025588160668157
            ],
            [
              157.5329954772263,
              10.777618396751466
            ],
            [
              157.94595118929337,
              10.764659761092446
            ]
          ]
        ]
      },
      "id": "12b2d300-e60d-47ff-bfdf-2b3bf106b24d"
    },
    {
      "type": "Feature",
      "properties": {
        "id": "18172708-682a-4701-ac56-dd57291e356a",
        "name": "sketch398-3"
      },
      "geometry": {
        "type": "Polygon",
        "coordinates": [
          [
            [
              159.02550621873374,
              5.561952319000199
            ],
            [
              159.20314646510482,
              5.397559039285276
            ],
            [
              159.13127035413424,
              5.276133178947474
            ],
            [
              159.03861292128133,
              5.254629861845098
            ],
            [
              158.9812003773636,
              5.062451844317507
            ],
            [
              158.82352009150569,
              5.245961274598323
            ],
            [
              158.77241798033018,
              5.302752603470185
            ],
            [
              158.6151088863331,
              5.2704136132465855
            ],
            [
              158.69435504267028,
              5.367014192568907
            ],
            [
              158.81478365419522,
              5.5601903401795525
            ],
            [
              159.02550621873374,
              5.561952319000199
            ]
          ]
        ]
      },
      "id": "18172708-682a-4701-ac56-dd57291e356a"
    },
    {
      "type": "Feature",
      "properties": {
        "id": "815831cf-d8f8-4113-bddc-d7b71a124645",
        "name": "sketch398-4"
      },
      "geometry": {
        "type": "Polygon",
        "coordinates": [
          [
            [
              140.1804603611539,
              5.352513019668965
            ],
            [
              140.57902359005493,
              5.22109971054722
            ],
            [
              140.21614902509685,
              5.006979777740252
            ],
            [
              140.37141184301402,
              4.937849619337078
            ],
            [
              140.2866940996832,
              4.622467930257131
            ],
            [
              140.03080767575443,
              4.6026280464891425
            ],
            [
              140.0102377708037,
              4.7829275201111
            ],
            [
              139.89086563280398,
              4.827107435995712
            ],
            [
              140.03543652604748,
              4.993393947541366
            ],
            [
              140.0706283317162,
              5.122809937715484
            ],
            [
              140.1804603611539,
              5.352513019668965
            ]
          ]
        ]
      },
      "id": "815831cf-d8f8-4113-bddc-d7b71a124645"
    },
    {
      "type": "Feature",
      "properties": {
        "id": "543f1f88-0d42-4101-9c90-6e15dc26d237",
        "name": "sketch398-5"
      },
      "geometry": {
        "type": "Polygon",
        "coordinates": [
          [
            [
              154.12518770573016,
              8.022475625026722
            ],
            [
              154.2696927738401,
              7.980860631899623
            ],
            [
              154.5136414703114,
              7.98542280083733
            ],
            [
              154.5286749703777,
              7.929007208596098
            ],
            [
              154.13947890563415,
              7.74910960593361
            ],
            [
              154.1362781370386,
              7.634231215530362
            ],
            [
              154.00412112375298,
              7.624190484180669
            ],
            [
              153.97307759499324,
              7.790350231536117
            ],
            [
              153.92156084259545,
              7.869110985898972
            ],
            [
              154.02944850560482,
              8.1867409791196
            ],
            [
              154.12518770573016,
              8.022475625026722
            ]
          ]
        ]
      },
      "id": "543f1f88-0d42-4101-9c90-6e15dc26d237"
    },
    {
      "type": "Feature",
      "properties": {
        "id": "1eca9592-d095-4282-adc6-f9a95bd2598c",
        "name": "sketch398-6"
      },
      "geometry": {
        "type": "Polygon",
        "coordinates": [
          [
            [
              140.25267902270303,
              5.685021007862058
            ],
            [
              140.46965716408295,
              5.411480298689166
            ],
            [
              140.06905226239937,
              5.405496154527819
            ],
            [
              140.217790032794,
              5.191471682059466
            ],
            [
              140.1013648240685,
              5.223851730864206
            ],
            [
              139.89005411335478,
              5.185503605149436
            ],
            [
              139.772446244057,
              5.410529391963269
            ],
            [
              139.75960320374475,
              5.581135458065162
            ],
            [
              139.81798977365494,
              5.681048473272341
            ],
            [
              139.8687463957361,
              5.749469071016722
            ],
            [
              140.25267902270303,
              5.685021007862058
            ]
          ]
        ]
      },
      "id": "1eca9592-d095-4282-adc6-f9a95bd2598c"
    },
    {
      "type": "Feature",
      "properties": {
        "id": "98f92bb2-0d50-47bc-a6fa-cd40d12443f8",
        "name": "sketch398-7"
      },
      "geometry": {
        "type": "Polygon",
        "coordinates": [
          [
            [
              144.21048413702187,
              6.712313857086357
            ],
            [
              144.131497788118,
              6.485037751232867
            ],
            [
              144.0745471271668,
              6.297826105763239
            ],
            [
              143.994039702669,
              6.512949440658266
            ],
            [
              144.01018966789073,
              6.247064296431147
            ],
            [
              143.87770247760483,
              6.147834217512271
            ],
            [
              143.94640536315308,
              6.5286912326251585
            ],
            [
              143.64949315474212,
              6.2601487910433065
            ],
            [
              143.67507993557575,
              6.535506144367303
            ],
            [
              143.76882458158818,
              6.752901209550655
            ],
            [
              144.21048413702187,
              6.712313857086357
            ]
          ]
        ]
      },
      "id": "98f92bb2-0d50-47bc-a6fa-cd40d12443f8"
    }
  ],
  "bbox": [
    137.68902800472392,
    1.4847258422411538,
    159.20314646510482,
    13.764515169672274
  ]
}
