{
  "type": "FeatureCollection",
  "features": [
    {
      "type": "Feature",
      "properties": {
        "id": "fd8bce4c-37c7-42b0-8a2e-cce11b684bb1",
        "name": "sketch402-0"
      },
      "geometry": {
        "type": "Polygon",
        "coordinates": [
          [
            [
              145.32383229706986,
              -0.23717274842558383
            ],
            [
              145.3962566772042,
              -0.5904790964517457
            ],
            [
              145.35369581055173,
              -0.7272689227632125
            ],
            [
              145.03675935931687,
              -0.6881564048122009
            ],
            [
              144.92855865103618,
              -0.7957648601908962
            ],
            [
              144.77946712268172,
              -0.6902413309232692
            ],
            [
              144.79992097505462,
              -0.5000794487681135
            ],
            [
              144.9054714453748,
              -0.4628304399041384
            ],
            [
              145.0015259074848,
              -0.5777325511385093
            ],
            [
              144.96996323468952,
              -0.38872940084220997
            ],
            [
              145.32383229706986,
              -0.23717274842558383
            ]
          ]
        ]
      },
      "id": "fd8bce4c-37c7-42b0-8a2e-cce11b684bb1"
    },
    {
      "type": "Feature",
      "properties": {
        "id": "b3c236bf-2b37-4d15-b469-06ec697504dd",
        "name": "sketch402-1"
      },
      "geometry": {
        "type": "Polygon",
        "coordinates": [
          [
            [
              165.2634055431085,
              6.717258738438959
            ],
            [
              165.38462029540585,
              6.538025654316871
            ],
            [
              165.63142527198988,
              6.570138772760761
            ],
            [
              165.45305453684585,
              6.206729837238682
            ],
            [
              165.26456390552437,
              6.380240327266408
            ],
            [
              165.21672721122425,
              6.35109161443588
            ],
            [
              164.88312493581094,
              6.491993253441297
            ],
            [
              165.05364641651678,
              6.497360819970354
            ],
            [
              164.8036428764348,
              6.621074570227768
            ],
            [
              164.9939374578734,
              6.833352040414571
            ],
            [
              165.2634055431085,
              6.717258738438959
            ]
          ]
        ]
      },
      "id": "b3c236bf-2b37-4d15-b469-06ec697504dd"
    }
  ],
  "bbox": [
    144.77946712268172,
    -0.7957648601908962,
    165.63142527198988,
    6.833352040414571
  ]
}
