{
  "type": "FeatureCollection",
  "features": [
    {
      "type": "Feature",
      "properties": {
        "id": "5f6ab75a-a18e-40f5-81d0-a92933ae1295",
        "name": "sketch217-0"
      },
      "geometry": {
        "type": "Polygon",
        "coordinates": [
          [
            [
              157.57319674674736,
              8.678380047738843
            ],
            [
              157.69887476311874,
              8.649206263451216
            ],
            [
              157.86172718811656,
              8.333378127234885
            ],
            [
              157.6140595939846,
              8.40783617629879
            ],
            [
              157.45398070099017,
              8.193807471471992
            ],
            [
              157.1728031814188,
              8.192089604337724
            ],
            [
              157.288747542613,
              8.490189647053779
            ],
            [
              157.31275983608,
              8.580338917382749
            ],
            [
              157.11382872453083,
              8.774311392233454
            ],
            [
              157.38473850874277,
              8.803524385251874
            ],
            [
              157.57319674674736,
              8.678380047738843
            ]
          ]
        ]
      },
      "id": "5f6ab75a-a18e-40f5-81d0-a92933ae1295"
    },
    {
      "type": "Feature",
      "properties": {
        "id": "a8914216-8b65-4b5f-b36f-ea37493ab5e2",
        "name": "sketch217-1"
      },
      "geometry": {
        "type": "Polygon",
        "coordinates": [
          [
            [
              159.9529934968773,
              8.680004523673508
            ],
            [
              159.99968846321946,
              8.596790974605929
            ],
            [
              159.83286816551174,
              8.483780254503085
            ],
            [
              159.8185268702182,
              8.25851918977037
            ],
            [
              159.68933476523904,
              7.984629742044087
            ],
            [
              159.59014063930059,
              8.36152550366365
            ],
            [
              159.5560421680391,
              8.31902742589601
            ],
            [
              159.4008522295861,
              8.302787247446092
            ],
            [
              159.2272875538025,
              8.419070311378393
            ],
            [
              159.52755662652376,
              8.525294631857701
            ],
            [
              159.9529934968773,
              8.680004523673508
            ]
          ]
        ]
      },
      "id": "a8914216-8b65-4b5f-b36f-ea37493ab5e2"
    },
    {
      "type": "Feature",
      "properties": {
        "id": "e98b7cd4-0ffc-4441-8119-e8e7f9d7adb9",
        "name": "sketch217-2"
      },
      "geometry": {
        "type": "Polygon",
        "coordinates": [
          [
            [
              165.08007653289226,
              -0.023009807832881243
            ],
            [
              165.0824732566294,
              -0.05351428742145305
            ],
            [
              165.16559610595596,
              -0.10612384682314936
            ],
            [
              165.35492200163256,
              -0.30838521221061255
            ],
            [
              165.1780604447806,
              -0.31240425770066843
            ],
            [
              164.95266080996473,
              -0.3306968698190701
            ],
            [
              164.95784306416894,
              -0.2166190800239779
            ],
            [
              164.76876070217833,
              -0.38844497601967115
            ],
            [
              164.61331242556273,
              -0.1765051870896611
            ],
            [
              164.99898075310645,
              -0.06780736207611601
            ],
            [
              165.08007653289226,
              -0.023009807832881243
            ]
          ]
        ]
      },
      "id": "e98b7cd4-0ffc-4441-8119-e8e7f9d7adb9"
    },
    {
      "type": "Feature",
      "properties": {
        "id": "b3a1f029-46c4-4db1-ba89-5ab2a7dd632d",
        "name": "sketch217-3"
      },
      "geometry": {
        "type": "Polygon",
        "coordinates": [
          [
            [
              164.29422267441697,
              13.30839529150723
            ],
            [
              164.39073203036742,
              13.05525547470586
            ],
            [
              164.10766799596786,
              13.114850709889751
            ],
            [
              164.23621315955427,
              12.833229450042152
            ],
            [
              163.9902878234951,
              12.868914260506996
            ],
            [
              163.9914519819803,
              13.080203001102262
            ],
            [
              163.9061906271954,
              12.758648183575168
            ],
            [
              163.85807831271035,
              13.111203760893515
            ],
            [
              163.91176679954427,
              13.239115828142923
            ],
            [
              163.99984122409234,
              13.19222024052337
            ],
            [
              164.29422267441697,
              13.30839529150723
            ]
          ]
        ]
      },
      "id": "b3a1f029-46c4-4db1-ba89-5ab2a7dd632d"
    },
    {
      "type": "Feature",
      "properties": {
        "id": "043e2112-958f-4957-89ef-aafdbe93b50e",
        "name": "sketch217-4"
      },
      "geometry": {
        "type": "Polygon",
        "coordinates": [
          [
            [
              136.07958860926772,
              2.0179338963228957
            ],
            [
              136.25326920228173,
              2.1519074471844437
            ],
            [
              136.1852437552839,
              1.9993724316279176
            ],
            [
              136.27283947318418,
              1.619143191221555
            ],
            [
              135.94484905082433,
              1.8726634777013829
            ],
            [
              135.83610021975971,
              1.6787094913898777
            ],
            [
              135.81840438602967,
              1.801549846983671
            ],
            [
              135.63141314107804,
              1.846713490432501
            ],
            [
              135.65218060991316,
              1.9692594545364348
            ],
            [
              135.93330200755818,
              1.898942583924073
            ],
            [
              136.07958860926772,
              2.0179338963228957
            ]
          ]
        ]
      },
      "id": "043e2112-958f-4957-89ef-aafdbe93b50e"
    },
    {
      "type": "Feature",
      "properties": {
        "id": "4f5ef890-80ba-47a3-864d-983fb3d08a0b",
        "name": "sketch217-5"
      },
      "geometry": {
        "type": "Polygon",
        "coordinates": [
          [
            [
              137.78715377809004,
              -0.4424898092064642
            ],
            [
              137.74120575586915,
              -0.6068941801745895
            ],
            [
              138.13389333286256,
              -0.6283124965126546
            ],
            [
              137.88062721567567,
              -0.987008494006548
            ],
            [
              137.6203650097618,
              -0.8543312566467324
            ],
            [
              137.66961700550203,
              -0.6087904217004805
            ],
            [
              137.52129089291472,
              -0.5165226622517897
            ],
            [
              137.60790808126572,
              -0.5034456652180115
            ],
            [
              137.59747455176918,
              -0.4188456938713194
            ],
            [
              137.63734425065513,
              -0.5051021417491943
            ],
            [
              137.78715377809004,
              -0.4424898092064642
            ]
          ]
        ]
      },
      "id": "4f5ef890-80ba-47a3-864d-983fb3d08a0b"
    },
    {
      "type": "Feature",
      "properties": {
        "id": "9981c9c4-a179-4816-99f8-e55069316cb2",
        "name": "sketch217-6"
      },
      "geometry": {
        "type": "Polygon",
        "coordinates": [
          [
            [
              148.18775143519855,
              13.746116038315588
            ],
            [
              148.12155645421726,
              13.45617082548561
            ],
            [
              148.45836635436712,
              13.785994918557693
            ],
            [
              148.21613880996733,
              13.450310485114633
            ],
            [
              148.49958109733947,
              13.140064055754658
            ],
            [
              148.14657683290028,
              13.161742815100535
            ],
            [
              147.80852903802213,
              13.082311629254724
            ],
            [
              147.85730595742282,
              13.242289584087397
            ],
            [
              147.77894274836342,
              13.44301224080314
            ],
            [
              148.07876880400752,
              13.48442796700394
            ],
            [
              148.18775143519855,
              13.746116038315588
            ]
          ]
        ]
      },
      "id": "9981c9c4-a179-4816-99f8-e55069316cb2"
    }
  ],
  "bbox": [
    135.63141314107804,
    -0.987008494006548,
    165.35492200163256,
    13.785994918557693
  ]
}
