{
  "type": "FeatureCollection",
  "features": [
    {
      "type": "Feature",
      "properties": {
        "id": "8169b735-7265-4abd-b0ba-5bac4ca35ab1",
        "name": "sketch179-0"
      },
      "geometry": {
        "type": "Polygon",
        "coordinates": [
          [
            [
              154.67327072167956,
              9.23840909574874
            ],
            [
              154.7685134667033,
              9.117463704008243
            ],
            [
              154.68273971771174,
              9.07838058147185
            ],
            [
              154.87947151554013,
              8.837181730940399
            ],
            [
              154.4891327223134,
              8.606100837236983
            ],
            [
              154.37511181205423,
              8.912877208741019
            ],
            [
              154.35809915371757,
              9.05421271628259
            ],
            [
              154.17669405236808,
              9.086898874403742
            ],
            [
              154.31536715542123,
              9.211450362085541
            ],
            [
              154.56500048011995,
              9.175379130669677
            ],
            [
              154.67327072167956,
              9.23840909574874
            ]
          ]
        ]
      },
      "id": "8169b735-7265-4abd-b0ba-5bac4ca35ab1"
    },
    {
      "type": "Feature",
      "properties": {
        "id": "f000668f-30da-4b75-931f-cd944523444d",
        "name": "sketch179-1"
      },
      "geometry": {
        "type": "Polygon",
        "coordinates": [
          [
            [
              164.56103089263001,
              6.438952984087339
            ],
            [
              164.70346980359983,
              6.315551658377569
            ],
            [
              164.66515529322018,
              6.110756714345799
            ],
            [
              164.9047645514008,
              6.059409538712121
            ],
            [
              164.72620838456373,
              5.892100266412133
            ],
            [
              164.5914401008362,
              5.812530413381114
            ],
            [
              164.3399788970785,
              5.779512371191904
            ],
            [
              164.41515867995568,
              6.057855483512123
            ],
            [
              164.20840825742687,
              6.18245472034603
            ],
            [
              164.23329842607762,
              6.391481230305307
            ],
            [
              164.56103089263001,
              6.438952984087339
            ]
          ]
        ]
      },
      "id": "f000668f-30da-4b75-931f-cd944523444d"
    },
    {
      "type": "Feature",
      "properties": {
        "id": "2b144cda-2b94-47d8-a0d1-2a21203613ca",
        "name": "sketch179-2"
      },
      "geometry": {
        "type": "Polygon",
        "coordinates": [
          [
            [
              155.06512291018095,
              -0.9940970300135843
            ],
            [
              154.91803364249066,
              -1.1420958800976175
            ],
            [
              155.15822690435516,
              -1.2809658602606668
            ],
            [
              155.02880347768686,
              -1.3201113294275395
            ],
            [
              154.87193364474842,
              -1.1982383885798569
            ],
            [
              154.7491225725869,
              -1.4007475019997258
            ],
            [
              154.84392417193905,
              -1.2159295927565854
            ],
            [
              154.46927332370365,
              -1.392711423521279
            ],
            [
              154.7297219214847,
              -1.1704050292554815
            ],
            [
              154.82957159732814,
              -1.0751791208209092
            ],
            [
              155.06512291018095,
              -0.9940970300135843
            ]
          ]
        ]
      },
      "id": "2b144cda-2b94-47d8-a0d1-2a21203613ca"
    },
    {
      "type": "Feature",
      "properties": {
        "id": "4acee0a5-4946-47c2-8b3d-a873761dfd4c",
        "name": "sketch179-3"
      },
      "geometry": {
        "type": "Polygon",
        "coordinates": [
          [
            [
              158.94070618159378,
              2.1542225781837794
            ],
            [
              158.86811390911834,
              1.9717414829264763
            ],
            [
              158.8874393409333,
              2.0074625391962995
            ],
            [
              159.0603628561414,
              2.3018516046406314
            ],
            [
              159.2324102167474,
              2.0360422653528123
            ],
            [
              158.99888172659558,
              1.807580107063602
            ],
            [
              158.73544822588983,
              1.6725101880149025
            ],
            [
              158.72261174580026,
              1.870744264786174
            ],
            [
              158.63828546652596,
              2.0931563056139777
            ],
            [
              158.82222528158835,
              2.0159664672655095
            ],
            [
              158.94070618159378,
              2.1542225781837794
            ]
          ]
        ]
      },
      "id": "4acee0a5-4946-47c2-8b3d-a873761dfd4c"
    },
    {
      "type": "Feature",
      "properties": {
        "id": "ebab80b1-4270-4476-aa6d-f5e111a98d43",
        "name": "sketch179-4"
      },
      "geometry": {
        "type": "Polygon",
        "coordinates": [
          [
            [
              152.24208843735923,
              2.5308395727145094
            ],
            [
              152.45797264877635,
              2.6567974791458457
            ],
            [
              152.5571036947489,
              2.708208865791098
            ],
            [
              152.4935285536957,
              2.346139408796224
            ],
            [
              152.34380642570642,
              2.251023354890216
            ],
            [
              152.19445207843935,
              2.239655448816516
            ],
            [
              152.066716305673,
              2.057189008406821
            ],
            [
              151.87820383324467,
              2.4064534215967526
            ],
            [
              152.12785852913538,
              2.6087279610684466
            ],
            [
              152.19888165039657,
              2.7221568814190484
            ],
            [
              152.24208843735923,
              2.5308395727145094
            ]
          ]
        ]
      },
      "id": "ebab80b1-4270-4476-aa6d-f5e111a98d43"
    },
    {
      "type": "Feature",
      "properties": {
        "id": "5980f903-2676-44c8-8712-213da1b317cd",
        "name": "sketch179-5"
      },
      "geometry": {
        "type": "Polygon",
        "coordinates": [
          [
            [
              152.01832626036114,
              7.50224206103751
            ],
            [
              152.20372750018475,
              7.35326325583996
            ],
            [
              151.98261811205057,
              7.328491995789006
            ],
            [
              151.9319583385342,
              7.286565191730093
            ],
            [
              151.81201109770385,
              7.113845586061786
            ],
            [
              151.53050952018674,
              7.1919418363727345
            ],
            [
              151.8863870249224,
              7.38827200005488
            ],
            [
              151.73753159491685,
              7.448274336346742
            ],
            [
              151.6776646099664,
              7.526816900868614
            ],
            [
              151.72225960688166,
              7.617682618336277
            ],
            [
              152.01832626036114,
              7.50224206103751
            ]
          ]
        ]
      },
      "id": "5980f903-2676-44c8-8712-213da1b317cd"
    },
    {
      "type": "Feature",
      "properties": {
        "id": "49c8885a-bb62-4599-92f5-e84d1fdb869d",
        "name": "sketch179-6"
      },
      "geometry": {
        "type": "Polygon",
        "coordinates": [
          [
            [
              143.4664404713788,
              2.5730550163045236
            ],
            [
              143.4452386521791,
              2.1544152065809983
            ],
            [
              143.54242933112266,
              2.209523396141491
            ],
            [
              143.5876209830387,
              1.867475249416763
            ],
            [
              143.41307162081375,
              1.9642215414475885
            ],
            [
              142.99408255089648,
              1.830936575132322
            ],
            [
              143.22638836408274,
              2.036511026038893
            ],
            [
              142.9537568738042,
              2.272313692981112
            ],
            [
              143.0002051054653,
              2.2933734479593046
            ],
            [
              143.1223517763733,
              2.3418084381635165
            ],
            [
              143.4664404713788,
              2.5730550163045236
            ]
          ]
        ]
      },
      "id": "49c8885a-bb62-4599-92f5-e84d1fdb869d"
    },
    {
      "type": "Feature",
      "properties": {
        "id": "d7704fb0-bfa7-494b-887c-7f514713155c",
        "name": "sketch179-7"
      },
      "geometry": {
        "type": "Polygon",
        "coordinates": [
          [
            [
              161.05825925663433,
              10.871096058308131
            ],
            [
              161.2774764887802,
              10.88873266452977
            ],
            [
              161.1442946520381,
              10.54132336418335
            ],
            [
              161.34134017562695,
              10.329311014826185
            ],
            [
              161.282083388691,
              10.261977880396572
            ],
            [
              160.94853879318492,
              10.305838913774549
            ],
            [
              160.9252323589233,
              10.476532204160204
            ],
            [
              160.87357779072937,
              10.51962173934482
            ],
            [
              160.88550835265144,
              10.586469704534775
            ],
            [
              160.94252244363295,
              10.695460022495109
            ],
            [
              161.05825925663433,
              10.871096058308131
            ]
          ]
        ]
      },
      "id": "d7704fb0-bfa7-494b-887c-7f514713155c"
    },
    {
      "type": "Feature",
      "properties": {
        "id": "b1973c59-8feb-401b-80a9-8c9a5813b102",
        "name": "sketch179-8"
      },
      "geometry": {
        "type": "Polygon",
        "coordinates": [
          [
            [
              158.41374134242685,
              8.578264148283347
            ],
            [
              158.59363102675596,
              8.241545130043434
            ],
            [
              158.37742400263954,
              8.080525645372164
            ],
            [
              158.40856424745135,
              8.000086430705343
            ],
            [
              158.26183257732592,
              7.968386352173827
            ],
            [
              158.09695488458277,
              7.682392961265648
            ],
            [
              158.1906043395767,
              8.010509347247256
            ],
            [
              158.0387943820066,
              8.169646927142251
            ],
            [
              158.17169854326607,
              8.19099243356143
            ],
            [
              158.21670935650528,
              8.190960982045983
            ],
            [
              158.41374134242685,
              8.578264148283347
            ]
          ]
        ]
      },
      "id": "b1973c59-8feb-401b-80a9-8c9a5813b102"
    }
  ],
  "bbox": [
    142.9537568738042,
    -1.4007475019997258,
    164.9047645514008,
    10.88873266452977
  ]
}
