{
  "type": "FeatureCollection",
  "features": [
    {
      "type": "Feature",
      "properties": {
        "id": "6eb9e7a5-3810-4400-8fd6-ee0418dfd5d0",
        "name": "sketch249-0"
      },
      "geometry": {
        "type": "Polygon",
        "coordinates": [
          [
            [
              165.33480664231834,
              6.685057930346081
            ],
            [
              165.5981668244239,
              6.723012816017778
            ],
            [
              165.53011551672617,
              6.492780685776601
            ],
            [
              165.32172246629537,
              6.257093475393683
            ],
            [
              165.31048646826386,
              6.568261167898173
            ],
            [
              165.08293749490602,
              6.424432067707949
            ],
            [
              164.98264275974302,
              6.743684550200373
            ],
            [
              165.14678432451592,
              6.798556233892365
            ],
            [
              165.28923363994946,
              6.719605006719193
            ],
            [
              165.28475377885655,
              7.063802443450548
            ],
            [
              165.33480664231834,
              6.685057930346081
            ]
          ]
        ]
      },
      "id": "6eb9e7a5-3810-4400-8fd6-ee0418dfd5d0"
    },
    {
      "type": "Feature",
      "properties": {
        "id": "3189ebb2-8992-40ae-b74d-cfcef5033f99",
        "name": "sketch249-1"
      },
      "geometry": {
        "type": "Polygon",
        "coordinates": [
          [
            [
              142.14277763827218,
              -0.2671039870153086
            ],
            [
              142.189015805814,
              -0.4023871308320959
            ],
            [
              142.06924549213107,
              -0.5467231885816483
            ],
            [
              142.45029002084974,
              -0.2633393409579611
            ],
            [
              142.36278200032535,
              -0.5001614571286216
            ],
            [
              142.07026852894066,
              -0.5868556844616445
            ],
            [
              142.15096134751215,
              -0.7734114268563207
            ],
            [
              142.00364940878302,
              -0.7262672846454671
            ],
            [
              141.90906474991706,
              -0.8219928367108892
            ],
            [
              141.71303166549063,
              -0.48976362124767414
            ],
            [
              142.14277763827218,
              -0.2671039870153086
            ]
          ]
        ]
      },
      "id": "3189ebb2-8992-40ae-b74d-cfcef5033f99"
    },
    {
      "type": "Feature",
      "properties": {
        "id": "4206be39-e3e1-409c-b785-b3ffbe1d8296",
        "name": "sketch249-2"
      },
      "geometry": {
        "type": "Polygon",
        "coordinates": [
          [
            [
              138.52659494119447,
              5.411132346315088
            ],
            [
              138.5329689417372,
              5.422830379895697
            ],
            [
              138.6731474802696,
              5.44910972248723
            ],
            [
              138.84766991571252,
              5.330723465502883
            ],
            [
              138.7360742762913,
              4.999979651926769
            ],
            [
              138.43884174069558,
              5.043256529250916
            ],
            [
              138.34448978893866,
              5.28470319412761
            ],
            [
              138.28303696287884,
              5.361838738100554
            ],
            [
              138.36325786916254,
              5.553905003837018
            ],
            [
              138.50074076485538,
              5.616800401331498
            ],
            [
              138.52659494119447,
              5.411132346315088
            ]
          ]
        ]
      },
      "id": "4206be39-e3e1-409c-b785-b3ffbe1d8296"
    },
    {
      "type": "Feature",
      "properties": {
        "id": "9e5ae57d-c36a-4f63-a497-1fa43271a83b",
        "name": "sketch249-3"
      },
      "geometry": {
        "type": "Polygon",
        "coordinates": [
          [
            [
              139.71667588842072,
              4.1473958965899085
            ],
            [
              140.18085158449458,
              4.178357437583764
            ],
            [
              140.05545006412663,
              3.871342813832015
            ],
            [
              139.72819900901501,
              3.652981777047528
            ],
            [
              139.57736458925555,
              3.681839080779695
            ],
            [
              139.58356265404072,
              3.8961652844832155
            ],
            [
              139.43765176277543,
              3.9259077740514607
            ],
            [
              139.61062588584892,
              4.112381425683387
            ],
            [
              139.38218665625746,
              4.311410856181603
            ],
            [
              139.55540758006555,
              4.22337158729527
            ],
            [
              139.71667588842072,
              4.1473958965899085
            ]
          ]
        ]
      },
      "id": "9e5ae57d-c36a-4f63-a497-1fa43271a83b"
    },
    {
      "type": "Feature",
      "properties": {
        "id": "4e74a1dc-a62c-4660-8c29-d36915ded082",
        "name": "sketch249-4"
      },
      "geometry": {
        "type": "Polygon",
        "coordinates": [
          [
            [
              157.67788656537329,
              3.3708479976760644
            ],
            [
              157.80128968163984,
              3.415564280344749
            ],
            [
              157.81205213683626,
              3.35513827211697
            ],
            [
              157.56073952457555,
              3.186560280266821
            ],
            [
              157.58528552977634,
              3.165138444786488
            ],
            [
              157.6412274822358,
              2.780506770563336
            ],
            [
              157.35928720365033,
              2.943260904844491
            ],
            [
              157.25168291281312,
              3.0124963938224965
            ],
            [
              157.17109620886953,
              3.053087415719279
            ],
            [
              157.32257124824784,
              3.3064305493426485
            ],
            [
              157.67788656537329,
              3.3708479976760644
            ]
          ]
        ]
      },
      "id": "4e74a1dc-a62c-4660-8c29-d36915ded082"
    },
    {
      "type": "Feature",
      "properties": {
        "id": "8e625fd2-324c-4ed5-8f2f-d8ece4eecd4c",
        "name": "sketch249-5"
      },
      "geometry": {
        "type": "Polygon",
        "coordinates": [
          [
            [
              151.36162068288144,
              9.666072756372271
            ],
            [
              151.74008675255632,
              9.598490946059922
            ],
            [
              151.5186310570882,
              9.528024189446084
            ],
            [
              151.47911248281798,
              9.523233438567372
            ],
            [
              151.31038788133515,
              9.457244863621474
            ],
            [
              151.234707281215,
              9.48216556182749
            ],
            [
              151.20307214784535,
              9.599850929918183
            ],
            [
              151.08307791844717,
              9.742084141887807
            ],
            [
              151.28772627711027,
              9.811484832261796
            ],
            [
              151.32564059591493,
              9.76021073093371
            ],
            [
              151.36162068288144,
              9.666072756372271
            ]
          ]
        ]
      },
      "id": "8e625fd2-324c-4ed5-8f2f-d8ece4eecd4c"
    },
    {
      "type": "Feature",
      "properties": {
        "id": "9ecb086e-0d7c-4efc-bd6b-206daa346174",
        "name": "sketch249-6"
      },
      "geometry": {
        "type": "Polygon",
        "coordinates": [
          [
            [
              159.22269747668972,
              7.084503679673442
            ],
            [
              159.26200335248535,
              6.794539846525046
            ],
            [
              159.5146920087155,
              6.702142736624519
            ],
            [
              159.34418739700087,
              6.63444283640638
            ],
            [
              159.20668425940056,
              6.707155379471862
            ],
            [
              159.21227593599087,
              6.452371989109527
            ],
            [
              158.9868548265713,
              6.430335611183535
            ],
            [
              158.8928856728901,
              6.522453534169074
            ],
            [
              159.08085944461536,
              6.688362051565276
            ],
            [
              158.97869937724784,
              6.978265431306374
            ],
            [
              159.22269747668972,
              7.084503679673442
            ]
          ]
        ]
      },
      "id": "9ecb086e-0d7c-4efc-bd6b-206daa346174"
    },
    {
      "type": "Feature",
      "properties": {
        "id": "fa9cea62-0030-4072-9e4b-6d118f64ce57",
        "name": "sketch249-7"
      },
      "geometry": {
        "type": "Polygon",
        "coordinates": [
          [
            [
              161.27100171435106,
              6.914979022651136
            ],
            [
              161.50209011103556,
              6.611245559978658
            ],
            [
              161.43674357064194,
              6.546694071583151
            ],
            [
              161.23758041315156,
              6.52149277835189
            ],
            [
              161.15622184624797,
              6.5886198299210745
            ],
            [
              161.13612653494687,
              6.661587508550768
            ],
            [
              161.02691660245395,
              6.386525463019887
            ],
            [
              161.11658090063526,
              6.634665118637289
            ],
            [
              161.1006632356319,
              6.613339889313974
            ],
            [
              160.94360636429445,
              6.690839748696914
            ],
            [
              161.27100171435106,
              6.914979022651136
            ]
          ]
        ]
      },
      "id": "fa9cea62-0030-4072-9e4b-6d118f64ce57"
    },
    {
      "type": "Feature",
      "properties": {
        "id": "bbef9503-a0e8-49ec-bf3a-c4b6a0f34bac",
        "name": "sketch249-8"
      },
      "geometry": {
        "type": "Polygon",
        "coordinates": [
          [
            [
              148.51380676861532,
              3.822444593370677
            ],
            [
              148.43126209185112,
              3.528976102421515
            ],
            [
              148.69681552294688,
              3.323141354227015
            ],
            [
              148.29383227393126,
              3.384281590689938
            ],
            [
              148.19189667876776,
              3.016938274046312
            ],
            [
              148.14671250533536,
              3.3732809016613143
            ],
            [
              147.7519152540373,
              3.4986148133111286
            ],
            [
              147.9196486726613,
              3.494165588907142
            ],
            [
              147.95586494726885,
              3.706198890199012
            ],
            [
              148.1501819453126,
              3.905459766320373
            ],
            [
              148.51380676861532,
              3.822444593370677
            ]
          ]
        ]
      },
      "id": "bbef9503-a0e8-49ec-bf3a-c4b6a0f34bac"
    }
  ],
  "bbox": [
    138.28303696287884,
    -0.8219928367108892,
    165.5981668244239,
    9.811484832261796
  ]
}
