{
  "type": "FeatureCollection",
  "features": [
    {
      "type": "Feature",
      "properties": {
        "id": "386f5572-c21d-4ac0-9762-65d81517a56e",
        "name": "sketch164-0"
      },
      "geometry": {
        "type": "Polygon",
        "coordinates": [
          [
            [
              157.5071026177792,
              2.053153032981758
            ],
            [
              157.5668736735516,
              1.795318437661063
            ],
            [
              157.55594927235907,
              1.7336072491559806
            ],
            [
              157.54629873008622,
              1.6704429655427881
            ],
            [
              157.48133856521764,
              1.3785104583152235
            ],
            [
              157.443572000045,
              1.699824485664597
            ],
            [
              157.28216127880145,
              1.433644104507397
            ],
            [
              157.4335911695695,
              1.6979953654884825
            ],
            [
              157.36846833218254,
              1.6787039934144747
            ],
            [
              157.26763211468202,
              1.904034418192228
            ],
            [
              157.5071026177792,
              2.053153032981758
            ]
          ]
        ]
      },
      "id": "386f5572-c21d-4ac0-9762-65d81517a56e"
    },
    {
      "type": "Feature",
      "properties": {
        "id": "8e31697b-bb60-4ebe-97b6-814628f2ddef",
        "name": "sketch164-1"
      },
      "geometry": {
        "type": "Polygon",
        "coordinates": [
          [
            [
              150.044717390931,
              11.686685214421491
            ],
            [
              150.0741642250296,
              11.413580054497896
            ],
            [
              150.05575315427316,
              11.124531426382655
            ],
            [
              149.95343598017502,
              11.089611053700988
            ],
            [
              149.87479271856415,
              11.124164041552625
            ],
            [
              149.63013092333395,
              11.240427700343089
            ],
            [
              149.58753394121538,
              11.385090784325497
            ],
            [
              149.56836526789954,
              11.437948243268577
            ],
            [
              149.67409456757449,
              11.496060701731055
            ],
            [
              149.7063359400825,
              11.824290469340708
            ],
            [
              150.044717390931,
              11.686685214421491
            ]
          ]
        ]
      },
      "id": "8e31697b-bb60-4ebe-97b6-814628f2ddef"
    },
    {
      "type": "Feature",
      "properties": {
        "id": "0ad01a6d-5f19-4e09-b0fe-9bfc21ef1524",
        "name": "sketch164-2"
      },
      "geometry": {
        "type": "Polygon",
        "coordinates": [
          [
            [
              159.66353266911904,
              13.319878494482433
            ],
            [
              159.57437425880744,
              13.093388066624529
            ],
            [
              159.78954228301262,
              12.956174738559374
            ],
            [
              159.46512040138373,
              12.799725167345402
            ],
            [
              159.40341750098042,
              12.674883432408155
            ],
            [
              159.02646377061606,
              12.842412934863617
            ],
            [
              159.11183255028698,
              12.98558646505875
            ],
            [
              159.07434359136113,
              13.051105819911463
            ],
            [
              159.07678862374752,
              13.10034329248347
            ],
            [
              159.28159588192432,
              13.196991539862283
            ],
            [
              159.66353266911904,
              13.319878494482433
            ]
          ]
        ]
      },
      "id": "0ad01a6d-5f19-4e09-b0fe-9bfc21ef1524"
    },
    {
      "type": "Feature",
      "properties": {
        "id": "7d1b922d-7e87-4a59-8ba1-4fe0786c5677",
        "name": "sketch164-3"
      },
      "geometry": {
        "type": "Polygon",
        "coordinates": [
          [
            [
              148.73615415615893,
              5.711915716971382
            ],
            [
              148.86579260107638,
              5.6503681137773505
            ],
            [
              148.73517448061273,
              5.501933434170953
            ],
            [
              148.8715814229429,
              5.448656837158614
            ],
            [
              149.0026301096774,
              5.1317089171706085
            ],
            [
              148.7691470993909,
              5.2239740609615515
            ],
            [
              148.62861882331543,
              5.373941675692739
            ],
            [
              148.34590980597753,
              5.380340641141079
            ],
            [
              148.31329316637525,
              5.7208027946341495
            ],
            [
              148.47939287794628,
              5.8886098432674325
            ],
            [
              148.73615415615893,
              5.711915716971382
            ]
          ]
        ]
      },
      "id": "7d1b922d-7e87-4a59-8ba1-4fe0786c5677"
    }
  ],
  "bbox": [
    148.31329316637525,
    1.3785104583152235,
    159.78954228301262,
    13.319878494482433
  ]
}
