{
  "type": "FeatureCollection",
  "features": [
    {
      "type": "Feature",
      "properties": {
        "id": "ee89d0ac-e320-4228-b7a9-fbdc8176d540",
        "name": "sketch70-0"
      },
      "geometry": {
        "type": "Polygon",
        "coordinates": [
          [
            [
              139.03112392112715,
              3.3240293852304896
            ],
            [
              139.03960749603183,
              2.730973613647503
            ],
            [
              138.9680375286451,
              2.7216878323800557
            ],
            [
              138.72351790942255,
              2.9895120133541093
            ],
            [
              138.8387450714079,
              2.723056928681707
            ],
            [
              138.79626978374014,
              2.7271671585466635
            ],
            [
              138.4280223274362,
              2.7268733863336543
            ],
            [
              138.40698124929312,
              3.135847460203828
            ],
            [
              138.60886082072855,
              3.0677444207270077
            ],
            [
              138.68444268809378,
              3.037874016484416
            ],
            [
              139.03112392112715,
              3.3240293852304896
            ]
          ]
        ]
      },
      "id": "ee89d0ac-e320-4228-b7a9-fbdc8176d540"
    },
    {
      "type": "Feature",
      "properties": {
        "id": "d539eafd-345f-4f57-b666-cb40d270bd36",
        "name": "sketch70-1"
      },
      "geometry": {
        "type": "Polygon",
        "coordinates": [
          [
            [
              139.20536942034104,
              1.44927326700278
            ],
            [
              139.21269321807998,
              1.2616484371423775
            ],
            [
              139.2716933715081,
              1.1771078711844811
            ],
            [
              139.38750355635005,
              1.064356527441155
            ],
            [
              139.26744111884642,
              1.129704288128102
            ],
            [
              139.3278354010616,
              1.011024087649454
            ],
            [
              139.07859637905185,
              1.0139836973210243
            ],
            [
              139.12235560438933,
              1.2286635182371684
            ],
            [
              138.72105348996593,
              1.4150422655974448
            ],
            [
              139.17923629208804,
              1.2660036695308952
            ],
            [
              139.20536942034104,
              1.44927326700278
            ]
          ]
        ]
      },
      "id": "d539eafd-345f-4f57-b666-cb40d270bd36"
    },
    {
      "type": "Feature",
      "properties": {
        "id": "f9a6485b-7b94-46c1-b00d-0273c2992818",
        "name": "sketch70-2"
      },
      "geometry": {
        "type": "Polygon",
        "coordinates": [
          [
            [
              157.08891525970793,
              10.568927570346824
            ],
            [
              156.90106498044074,
              10.37838240636021
            ],
            [
              157.12972119051764,
              10.29061759601442
            ],
            [
              156.87127226379218,
              10.254637044708325
            ],
            [
              156.84446557866085,
              10.21488792335032
            ],
            [
              156.77084920141795,
              10.019688748444022
            ],
            [
              156.5643920054212,
              9.937294702031084
            ],
            [
              156.46886344266804,
              10.090662914902886
            ],
            [
              156.6603764641546,
              10.306238846897912
            ],
            [
              156.75793167263217,
              10.317529920344482
            ],
            [
              157.08891525970793,
              10.568927570346824
            ]
          ]
        ]
      },
      "id": "f9a6485b-7b94-46c1-b00d-0273c2992818"
    },
    {
      "type": "Feature",
      "properties": {
        "id": "36825239-d6f7-4266-9fe5-10dc01a9886b",
        "name": "sketch70-3"
      },
      "geometry": {
        "type": "Polygon",
        "coordinates": [
          [
            [
              154.94160748721347,
              8.800429798506087
            ],
            [
              154.70501923194297,
              8.642061775990548
            ],
            [
              154.8666466141017,
              8.667094143157957
            ],
            [
              154.78699006805832,
              8.468362867517671
            ],
            [
              154.55204905927556,
              8.183391797707625
            ],
            [
              154.60233880435226,
              8.450425408070094
            ],
            [
              154.50088561507948,
              8.21936412660191
            ],
            [
              154.2177742438983,
              8.450760017404395
            ],
            [
              154.57222988331648,
              8.614872931647051
            ],
            [
              154.55740127191058,
              8.819122142528371
            ],
            [
              154.94160748721347,
              8.800429798506087
            ]
          ]
        ]
      },
      "id": "36825239-d6f7-4266-9fe5-10dc01a9886b"
    },
    {
      "type": "Feature",
      "properties": {
        "id": "4fbfa60e-54e8-4ddc-b7c3-611463b8f16d",
        "name": "sketch70-4"
      },
      "geometry": {
        "type": "Polygon",
        "coordinates": [
          [
            [
              151.152388759666,
              4.322650749993877
            ],
            [
              150.90597172884773,
              4.138724288890971
            ],
            [
              150.78800697192708,
              4.138085436221751
            ],
            [
              151.14634890775434,
              3.8588782304066926
            ],
            [
              150.8343098396644,
              3.934914288909477
            ],
            [
              150.68761581453285,
              4.0711660411182775
            ],
            [
              150.7132546241667,
              4.143803048381027
            ],
            [
              150.50337875463518,
              4.2254893376310845
            ],
            [
              150.61627871065568,
              4.200720575628693
            ],
            [
              150.74217499933818,
              4.25182937776697
            ],
            [
              151.152388759666,
              4.322650749993877
            ]
          ]
        ]
      },
      "id": "4fbfa60e-54e8-4ddc-b7c3-611463b8f16d"
    },
    {
      "type": "Feature",
      "properties": {
        "id": "365ea088-6055-433b-aa19-5508397c6803",
        "name": "sketch70-5"
      },
      "geometry": {
        "type": "Polygon",
        "coordinates": [
          [
            [
              158.58198815124123,
              5.501745080495085
            ],
            [
              158.60662605224456,
              5.347221613038095
            ],
            [
              158.87170292813897,
              5.482332128357278
            ],
            [
              158.72452601811395,
              5.296624071598698
            ],
            [
              158.99581286796965,
              5.100276522293189
            ],
            [
              158.63799326226174,
              4.8320183348125205
            ],
            [
              158.42821962757998,
              4.821346563950151
            ],
            [
              158.16879124987477,
              5.097902802903974
            ],
            [
              158.26459192734146,
              5.47309106784712
            ],
            [
              158.44908026854282,
              5.637780962533715
            ],
            [
              158.58198815124123,
              5.501745080495085
            ]
          ]
        ]
      },
      "id": "365ea088-6055-433b-aa19-5508397c6803"
    },
    {
      "type": "Feature",
      "properties": {
        "id": "48bc7ab1-4795-424d-8926-c0b24ffbc352",
        "name": "sketch70-6"
      },
      "geometry": {
        "type": "Polygon",
        "coordinates": [
          [
            [
              153.72560426799834,
              1.793204720827182
            ],
            [
              153.87457414066836,
              1.834659411933973
            ],
            [
              153.85463239371356,
              1.6421945894264105
            ],
            [
              153.79424000196354,
              1.526589420329819
            ],
            [
              153.7097787402986,
              1.4821274793499803
            ],
            [
              153.49884552264038,
              1.2165597126274226
            ],
            [
              153.35236978423282,
              1.4070023910814813
            ],
            [
              153.4911816169276,
              1.6371134169741863
            ],
            [
              153.32285812739724,
              1.7913580379347176
            ],
            [
              153.47407672509163,
              1.9284167784773887
            ],
            [
              153.72560426799834,
              1.793204720827182
            ]
          ]
        ]
      },
      "id": "48bc7ab1-4795-424d-8926-c0b24ffbc352"
    },
    {
      "type": "Feature",
      "properties": {
        "id": "77db5862-6099-4e18-9d8a-d343d314142a",
        "name": "sketch70-7"
      },
      "geometry": {
        "type": "Polygon",
        "coordinates": [
          [
            [
              142.51506471101877,
              5.750619094745719
            ],
            [
              142.38413634006298,
              5.501288192512087
            ],
            [
              142.54007449187236,
              5.532635718027524
            ],
            [
              142.30187084792092,
              5.409251845756051
            ],
            [
              142.5001308746326,
              5.14779215224047
            ],
            [
              142.37699271292146,
              5.248025731679666
            ],
            [
              142.22655234927547,
              5.328391207673948
            ],
            [
              142.2400914772962,
              5.400435693147377
            ],
            [
              142.00130281560348,
              5.4134223370757795
            ],
            [
              142.04764816772845,
              5.586779201612133
            ],
            [
              142.51506471101877,
              5.750619094745719
            ]
          ]
        ]
      },
      "id": "77db5862-6099-4e18-9d8a-d343d314142a"
    },
    {
      "type": "Feature",
      "properties": {
        "id": "2166c995-8ac0-4af3-bda0-23d357bc0263",
        "name": "sketch70-8"
      },
      "geometry": {
        "type": "Polygon",
        "coordinates": [
          [
            [
              135.934321569959,
              6.682396049141105
            ],
            [
              136.1812642667573,
              6.812487613835991
            ],
            [
              136.19371852127668,
              6.553640102956252
            ],
            [
              136.1095711532615,
              6.460037591633198
            ],
            [
              136.0688142751371,
              6.434411943903597
            ],
            [
              135.91017243651584,
              6.407884732483795
            ],
            [
              135.66583334484494,
              6.259782963703024
            ],
            [
              135.5001750659537,
              6.354805052040044
            ],
            [
              135.48207478587153,
              6.746065862588487
            ],
            [
              135.84684976970263,
              6.691330989206124
            ],
            [
              135.934321569959,
              6.682396049141105
            ]
          ]
        ]
      },
      "id": "2166c995-8ac0-4af3-bda0-23d357bc0263"
    },
    {
      "type": "Feature",
      "properties": {
        "id": "a796a3aa-4bb9-4fc3-b1d8-e7bcbee23a4d",
        "name": "sketch70-9"
      },
      "geometry": {
        "type": "Polygon",
        "coordinates": [
          [
            [
              145.3608217451312,
              6.143499414116023
            ],
            [
              145.27573238374205,
              5.8370914716366125
            ],
            [
              145.27273758051706,
              5.831753364336715
            ],
            [
              145.30235589590018,
              5.793667826547006
            ],
            [
              145.19875445528587,
              5.780969212505164
            ],
            [
              144.98203178507737,
              5.354439813443514
            ],
            [
              145.13518888071627,
              5.715021851025247
            ],
            [
              144.80590561734482,
              5.549939827830924
            ],
            [
              144.75293953273194,
              5.864273578267532
            ],
            [
              145.14641250117475,
              5.838916213042808
            ],
            [
              145.3608217451312,
              6.143499414116023
            ]
          ]
        ]
      },
      "id": "a796a3aa-4bb9-4fc3-b1d8-e7bcbee23a4d"
    }
  ],
  "bbox": [
    135.48207478587153,
    1.011024087649454,
    158.99581286796965,
    10.568927570346824
  ]
}
