{
  "type": "FeatureCollection",
  "features": [
    {
      "type": "Feature",
      "properties": {
        "id": "85630a2e-ce5c-4da9-917f-63e79df5fe17",
        "name": "sketch247-0"
      },
      "geometry": {
        "type": "Polygon",
        "coordinates": [
          [
            [
              160.55494675372478,
              6.782247270296185
            ],
            [
              160.36982658626457,
              6.398455225269317
            ],
            [
              160.5934981540763,
              6.021734240757217
            ],
            [
              160.2896562492221,
              6.147329121202643
            ],
            [
              160.28273056931604,
              6.327590157484438
            ],
            [
              160.1633008728635,
              6.0307492581942626
            ],
            [
              159.88657179580235,
              6.358438568987537
            ],
            [
              159.98312064882498,
              6.56157620094921
            ],
            [
              160.09183730757138,
              6.577821127841043
            ],
            [
              160.16879329135017,
              6.5908143348243025
            ],
            [
              160.55494675372478,
              6.782247270296185
            ]
          ]
        ]
      },
      "id": "85630a2e-ce5c-4da9-917f-63e79df5fe17"
    },
    {
      "type": "Feature",
      "properties": {
        "id": "32077a31-cfb9-4284-8e9e-c9cdb735f5b0",
        "name": "sketch247-1"
      },
      "geometry": {
        "type": "Polygon",
        "coordinates": [
          [
            [
              142.21115265913517,
              -0.28571412976308325
            ],
            [
              142.26338469445258,
              -0.4853110553281691
            ],
            [
              142.40807956289194,
              -0.44120567557795676
            ],
            [
              142.63899621112037,
              -0.5280818766373426
            ],
            [
              142.2773968602403,
              -0.6384567600367992
            ],
            [
              142.25744414299047,
              -0.7015505028509734
            ],
            [
              142.09484135787508,
              -0.9663651896317922
            ],
            [
              141.9728913530657,
              -0.6926591257832563
            ],
            [
              141.7369350004966,
              -0.5318331426187373
            ],
            [
              142.0824364220882,
              -0.4687166112439189
            ],
            [
              142.21115265913517,
              -0.28571412976308325
            ]
          ]
        ]
      },
      "id": "32077a31-cfb9-4284-8e9e-c9cdb735f5b0"
    },
    {
      "type": "Feature",
      "properties": {
        "id": "696e90a4-d1a1-410b-9516-bd188bcdb413",
        "name": "sketch247-2"
      },
      "geometry": {
        "type": "Polygon",
        "coordinates": [
          [
            [
              147.12855574028106,
              4.969788379060986
            ],
            [
              147.23029988347542,
              5.36569606570689
            ],
            [
              147.40766795640997,
              5.302178885443955
            ],
            [
              147.54810891366958,
              4.841696548872643
            ],
            [
              147.3393244192832,
              4.734287033027352
            ],
            [
              147.29539870981512,
              4.615344884438444
            ],
            [
              147.10451869931097,
              4.648824799916716
            ],
            [
              146.75447255309953,
              4.663548377004351
            ],
            [
              146.92471717296178,
              4.789190906196983
            ],
            [
              146.93017864763482,
              5.0454977531950425
            ],
            [
              147.12855574028106,
              4.969788379060986
            ]
          ]
        ]
      },
      "id": "696e90a4-d1a1-410b-9516-bd188bcdb413"
    },
    {
      "type": "Feature",
      "properties": {
        "id": "9b4086e5-4f9f-4a48-b1d4-0f4de89089b6",
        "name": "sketch247-3"
      },
      "geometry": {
        "type": "Polygon",
        "coordinates": [
          [
            [
              147.6463404795288,
              5.771136977813395
            ],
            [
              147.79790278706406,
              5.667334706783643
            ],
            [
              147.43586410200126,
              5.5743505485591145
            ],
            [
              147.67449685031494,
              5.399129110546337
            ],
            [
              147.37125432521827,
              5.553797148464906
            ],
            [
              147.3308379253367,
              5.442244490972114
            ],
            [
              147.18360559403064,
              5.174100649619618
            ],
            [
              147.1467830619692,
              5.270618183195717
            ],
            [
              147.1186648129447,
              5.668304467227164
            ],
            [
              147.23324857185682,
              5.651652726621268
            ],
            [
              147.6463404795288,
              5.771136977813395
            ]
          ]
        ]
      },
      "id": "9b4086e5-4f9f-4a48-b1d4-0f4de89089b6"
    },
    {
      "type": "Feature",
      "properties": {
        "id": "90075d10-5f5c-4777-b0ff-2fdd401342ea",
        "name": "sketch247-4"
      },
      "geometry": {
        "type": "Polygon",
        "coordinates": [
          [
            [
              145.95368715111005,
              12.861327186007188
            ],
            [
              146.13816039333568,
              12.827522890013352
            ],
            [
              145.78870516687135,
              12.744364636503297
            ],
            [
              146.08799842581539,
              12.409383186489793
            ],
            [
              145.75863974271368,
              12.724918835562338
            ],
            [
              145.63943084342412,
              12.706836604266671
            ],
            [
              145.29113615096796,
              12.69804252159639
            ],
            [
              145.7409109273644,
              12.741416866408118
            ],
            [
              145.35345002617865,
              13.015697378145257
            ],
            [
              145.71606251150854,
              13.219049574599556
            ],
            [
              145.95368715111005,
              12.861327186007188
            ]
          ]
        ]
      },
      "id": "90075d10-5f5c-4777-b0ff-2fdd401342ea"
    },
    {
      "type": "Feature",
      "properties": {
        "id": "7148ce3d-f88f-42c1-8f4e-ce2358fba241",
        "name": "sketch247-5"
      },
      "geometry": {
        "type": "Polygon",
        "coordinates": [
          [
            [
              144.31267270319836,
              -0.12479683908413526
            ],
            [
              144.36420256982024,
              -0.16278596320222627
            ],
            [
              144.57009965160628,
              -0.47071320418643214
            ],
            [
              144.3930847295394,
              -0.4189258783828372
            ],
            [
              144.29787087022015,
              -0.26082873972930865
            ],
            [
              144.21420012688625,
              -0.45613777042833126
            ],
            [
              144.20319439181068,
              -0.19932649727523732
            ],
            [
              144.26678507756628,
              -0.15121718618397678
            ],
            [
              143.88307260913135,
              0.06522086407008418
            ],
            [
              144.05318519021102,
              -0.013079492722441771
            ],
            [
              144.31267270319836,
              -0.12479683908413526
            ]
          ]
        ]
      },
      "id": "7148ce3d-f88f-42c1-8f4e-ce2358fba241"
    },
    {
      "type": "Feature",
      "properties": {
        "id": "25030748-9e92-435b-a0cd-3a36f822b01f",
        "name": "sketch247-6"
      },
      "geometry": {
        "type": "Polygon",
        "coordinates": [
          [
            [
              164.03751382626416,
              6.085314239854754
            ],
            [
              164.12554285388532,
              5.976830546975816
            ],
            [
              164.24532649017837,
              5.856043739128428
            ],
            [
              163.92503146802565,
              5.82313304352892
            ],
            [
              163.96690288797703,
              5.567696025616144
            ],
            [
              163.83944133790317,
              5.608323875615667
            ],
            [
              163.72698028958095,
              5.723382285304433
            ],
            [
              163.80460858936422,
              5.828302993034491
            ],
            [
              163.70203709776365,
              5.964990351473639
            ],
            [
              163.64124359575774,
              6.163003842683136
            ],
            [
              164.03751382626416,
              6.085314239854754
            ]
          ]
        ]
      },
      "id": "25030748-9e92-435b-a0cd-3a36f822b01f"
    }
  ],
  "bbox": [
    141.7369350004966,
    -0.9663651896317922,
    164.24532649017837,
    13.219049574599556
  ]
}
