{
  "type": "FeatureCollection",
  "features": [
    {
      "type": "Feature",
      "properties": {
        "id": "400333c6-ddc5-4270-a150-867618828073",
        "name": "sketch95-0"
      },
      "geometry": {
        "type": "Polygon",
        "coordinates": [
          [
            [
              159.41820468345117,
              0.22610245464468162
            ],
            [
              159.5320466848142,
              0.06350444081199745
            ],
            [
              159.45538263133886,
              0.021999995989681095
            ],
            [
              159.76797247462224,
              0.14826235110622815
            ],
            [
              159.813559839655,
              0.006289150060483497
            ],
            [
              159.51732367848766,
              -0.08703413524416061
            ],
            [
              159.42894171356025,
              -0.17805436061472857
            ],
            [
              159.12698307145527,
              -0.44110775408772146
            ],
            [
              159.04951807381926,
              -0.10251867609933646
            ],
            [
              159.08260803943105,
              0.13708419707179925
            ],
            [
              159.41820468345117,
              0.22610245464468162
            ]
          ]
        ]
      },
      "id": "400333c6-ddc5-4270-a150-867618828073"
    },
    {
      "type": "Feature",
      "properties": {
        "id": "c6cf2c43-aea5-4fe9-b90e-796b5ef8f955",
        "name": "sketch95-1"
      },
      "geometry": {
        "type": "Polygon",
        "coordinates": [
          [
            [
              141.69734016494044,
              10.69739855347459
            ],
            [
              142.07296565743962,
              10.712742751245274
            ],
            [
              141.96072627581987,
              10.550353799942929
            ],
            [
              141.78100028126494,
              10.590878605275554
            ],
            [
              141.69103464039935,
              10.651901492428843
            ],
            [
              141.6760624988392,
              10.60004455519588
            ],
            [
              141.59374988761064,
              10.534725110620782
            ],
            [
              141.31474906006449,
              10.446655509834057
            ],
            [
              141.31947195792495,
              10.70237843537664
            ],
            [
              141.47093165092986,
              10.924547776226758
            ],
            [
              141.69734016494044,
              10.69739855347459
            ]
          ]
        ]
      },
      "id": "c6cf2c43-aea5-4fe9-b90e-796b5ef8f955"
    },
    {
      "type": "Feature",
      "properties": {
        "id": "5bd4fc39-6b06-4007-9b32-31066312a4a5",
        "name": "sketch95-2"
      },
      "geometry": {
        "type": "Polygon",
        "coordinates": [
          [
            [
              137.2870418903612,
              11.969057401665452
            ],
            [
              137.28114122998582,
              11.673064055426973
            ],
            [
              136.96937131998163,
              11.696233315070431
            ],
            [
              136.98713353574664,
              11.64844954922682
            ],
            [
              136.84822716847674,
              11.452466799180026
            ],
            [
              136.76279285095396,
              11.419302495557417
            ],
            [
              136.92187462461837,
              11.68934026938673
            ],
            [
              136.72308548733994,
              11.582067885042033
            ],
            [
              136.6902074005329,
              11.727040028521039
            ],
            [
              136.80662409813667,
              11.959727929999085
            ],
            [
              137.2870418903612,
              11.969057401665452
            ]
          ]
        ]
      },
      "id": "5bd4fc39-6b06-4007-9b32-31066312a4a5"
    },
    {
      "type": "Feature",
      "properties": {
        "id": "a00144b4-17c6-4886-83ab-e30681c21a3a",
        "name": "sketch95-3"
      },
      "geometry": {
        "type": "Polygon",
        "coordinates": [
          [
            [
              153.2385850026228,
              6.481223026843229
            ],
            [
              153.250869331472,
              6.126187939882371
            ],
            [
              153.34871064874983,
              5.849255757176981
            ],
            [
              153.0532575678588,
              6.022244648316089
            ],
            [
              152.9177043535015,
              5.5956455268650735
            ],
            [
              152.9322077174939,
              5.748636696200899
            ],
            [
              152.77396025824473,
              5.69063103265426
            ],
            [
              152.6756431356856,
              6.024383394333103
            ],
            [
              152.7877851187732,
              6.095548249435004
            ],
            [
              152.86708864289838,
              6.371193549208705
            ],
            [
              153.2385850026228,
              6.481223026843229
            ]
          ]
        ]
      },
      "id": "a00144b4-17c6-4886-83ab-e30681c21a3a"
    },
    {
      "type": "Feature",
      "properties": {
        "id": "caf68ace-50d8-4524-a35b-3f03b8179de7",
        "name": "sketch95-4"
      },
      "geometry": {
        "type": "Polygon",
        "coordinates": [
          [
            [
              137.47338467776154,
              3.1111685817638213
            ],
            [
              137.51432478580767,
              2.967211798983295
            ],
            [
              137.66342986541525,
              2.888357588782483
            ],
            [
              137.49948223269533,
              2.7464286434066287
            ],
            [
              137.3314637992336,
              2.580693798173095
            ],
            [
              137.26575509713413,
              2.7635769490539266
            ],
            [
              137.24501144829716,
              2.7627760452758428
            ],
            [
              137.082589825489,
              2.843231262948578
            ],
            [
              137.13596908955697,
              3.0292810588326375
            ],
            [
              137.0391524205954,
              3.17789342488548
            ],
            [
              137.47338467776154,
              3.1111685817638213
            ]
          ]
        ]
      },
      "id": "caf68ace-50d8-4524-a35b-3f03b8179de7"
    }
  ],
  "bbox": [
    136.6902074005329,
    -0.44110775408772146,
    159.813559839655,
    11.969057401665452
  ]
}
