{
  "type": "FeatureCollection",
  "features": [
    {
      "type": "Feature",
      "properties": {
        "id": "db015ca6-34dc-4bf2-af42-14a57c599e98",
        "name": "sketch440-0"
      },
      "geometry": {
        "type": "Polygon",
        "coordinates": [
          [
            [
              155.5070635022396,
              9.088021119688637
            ],
            [
              155.7323560747402,
              8.91934435419084
            ],
            [
              155.8066134320953,
              8.608337251446317
            ],
            [
              155.50632803196655,
              8.728194496329621
            ],
            [
              155.55422645525886,
              8.548024902850036
            ],
            [
              155.5507431210204,
              8.348035931234156
            ],
            [
              155.42285907452452,
              8.808604199582062
            ],
            [
              155.12656792259767,
              8.539287039737705
            ],
            [
              155.38115132875217,
              8.810122595834429
            ],
            [
              155.38290893879713,
              8.846307650887878
            ],
            [
              155.5070635022396,
              9.088021119688637
            ]
          ]
        ]
      },
      "id": "db015ca6-34dc-4bf2-af42-14a57c599e98"
    },
    {
      "type": "Feature",
      "properties": {
        "id": "3660ecf1-9067-4fc4-9c94-e13082473299",
        "name": "sketch440-1"
      },
      "geometry": {
        "type": "Polygon",
        "coordinates": [
          [
            [
              146.93257511921547,
              3.6505504592128837
            ],
            [
              147.27090476469965,
              3.7021515464222037
            ],
            [
              147.10261791803413,
              3.5388695205574403
            ],
            [
              147.0712362668543,
              3.476755542978715
            ],
            [
              147.0872635589885,
              3.201001982230951
            ],
            [
              146.89095512901997,
              3.560357308013285
            ],
            [
              146.84165740274216,
              3.5170672684671573
            ],
            [
              146.83270297563752,
              3.5650103940165176
            ],
            [
              146.58084906548362,
              3.6828940505274756
            ],
            [
              146.82792128564947,
              3.691970179886413
            ],
            [
              146.93257511921547,
              3.6505504592128837
            ]
          ]
        ]
      },
      "id": "3660ecf1-9067-4fc4-9c94-e13082473299"
    },
    {
      "type": "Feature",
      "properties": {
        "id": "5b53710d-53d0-4446-af8e-04d2afdcb5e0",
        "name": "sketch440-2"
      },
      "geometry": {
        "type": "Polygon",
        "coordinates": [
          [
            [
              144.57544375153367,
              6.516785870417782
            ],
            [
              144.99241313175446,
              6.548091806977972
            ],
            [
              144.95925708071474,
              6.283675913980399
            ],
            [
              144.80189845988752,
              6.133832248423673
            ],
            [
              144.56188097125857,
              6.2366002120231006
            ],
            [
              144.4786231817311,
              6.035239321848129
            ],
            [
              144.42729419459317,
              6.2902612107183025
            ],
            [
              144.40418552846373,
              6.420350629503012
            ],
            [
              144.20427828229188,
              6.477705034281201
            ],
            [
              144.27241786457074,
              6.692738158507191
            ],
            [
              144.57544375153367,
              6.516785870417782
            ]
          ]
        ]
      },
      "id": "5b53710d-53d0-4446-af8e-04d2afdcb5e0"
    },
    {
      "type": "Feature",
      "properties": {
        "id": "8b0599b5-38c6-412f-b598-b36c4784c8d0",
        "name": "sketch440-3"
      },
      "geometry": {
        "type": "Polygon",
        "coordinates": [
          [
            [
              164.3349934140272,
              12.67403410627484
            ],
            [
              164.47925979711155,
              12.544321499311392
            ],
            [
              164.20727603064034,
              12.30645558035755
            ],
            [
              164.51744069974498,
              11.967630309649635
            ],
            [
              164.2427456165225,
              12.048366906347635
            ],
            [
              164.10772177364512,
              12.210878436652628
            ],
            [
              164.07608379817088,
              12.168150139131361
            ],
            [
              163.96120075222225,
              11.976219515492875
            ],
            [
              163.75956422229413,
              12.217511161634759
            ],
            [
              163.8745833493467,
              12.531846334274476
            ],
            [
              164.3349934140272,
              12.67403410627484
            ]
          ]
        ]
      },
      "id": "8b0599b5-38c6-412f-b598-b36c4784c8d0"
    },
    {
      "type": "Feature",
      "properties": {
        "id": "2721c007-abc6-4137-9325-3901544e3fd1",
        "name": "sketch440-4"
      },
      "geometry": {
        "type": "Polygon",
        "coordinates": [
          [
            [
              137.52345932499603,
              1.1641416567963803
            ],
            [
              137.8120287597934,
              1.2441016634239956
            ],
            [
              137.84700676221254,
              0.9307513062348834
            ],
            [
              137.51816744421262,
              0.8588193364288073
            ],
            [
              137.49970396164233,
              0.7748893903888526
            ],
            [
              137.36422994393203,
              0.5794938968724155
            ],
            [
              137.1878052184207,
              0.5512724909536415
            ],
            [
              137.18689338927527,
              0.7786884747220504
            ],
            [
              137.09460980535158,
              1.0684069591205958
            ],
            [
              137.40576378233,
              0.956297845537286
            ],
            [
              137.52345932499603,
              1.1641416567963803
            ]
          ]
        ]
      },
      "id": "2721c007-abc6-4137-9325-3901544e3fd1"
    },
    {
      "type": "Feature",
      "properties": {
        "id": "1c51e58e-e877-44e6-bbdc-aa6035008bb5",
        "name": "sketch440-5"
      },
      "geometry": {
        "type": "Polygon",
        "coordinates": [
          [
            [
              161.00027631246397,
              6.238561776424426
            ],
            [
              161.12412235605015,
              6.055701550294844
            ],
            [
              161.13349203546917,
              6.025676758814866
            ],
            [
              161.43269101521426,
              5.803617111890846
            ],
            [
              160.9955825915991,
              5.737610046177104
            ],
            [
              160.95914973191503,
              5.6139446187445605
            ],
            [
              160.96198879361668,
              5.535644696709721
            ],
            [
              160.92551953939844,
              5.705491312613903
            ],
            [
              160.54614968393233,
              5.629900334168638
            ],
            [
              160.94307623580698,
              5.766326855599504
            ],
            [
              161.00027631246397,
              6.238561776424426
            ]
          ]
        ]
      },
      "id": "1c51e58e-e877-44e6-bbdc-aa6035008bb5"
    },
    {
      "type": "Feature",
      "properties": {
        "id": "84fa6ff3-84ae-4a33-b96e-8a6efc2e299d",
        "name": "sketch440-6"
      },
      "geometry": {
        "type": "Polygon",
        "coordinates": [
          [
            [
              140.35512107764498,
              11.285209321956973
            ],
            [
              140.35270285052434,
              10.964856256841168
            ],
            [
              140.49841728951296,
              10.899654718893483
            ],
            [
              140.68837881882317,
              10.742112229195307
            ],
            [
              140.2527482369274,
              10.922075578820504
            ],
            [
              140.23313717170532,
              10.67087883922953
            ],
            [
              140.15832276765155,
              10.796982950445674
            ],
            [
              139.98946697342365,
              10.785880762257351
            ],
            [
              140.14359675957854,
              10.981832316284326
            ],
            [
              140.1997276105221,
              11.031015027349039
            ],
            [
              140.35512107764498,
              11.285209321956973
            ]
          ]
        ]
      },
      "id": "84fa6ff3-84ae-4a33-b96e-8a6efc2e299d"
    },
    {
      "type": "Feature",
      "properties": {
        "id": "514a19a9-23ff-41da-82c5-ffe9fe2e31f1",
        "name": "sketch440-7"
      },
      "geometry": {
        "type": "Polygon",
        "coordinates": [
          [
            [
              165.33863495778013,
              8.15129522989535
            ],
            [
              165.61675663920312,
              8.40555307858409
            ],
            [
              165.67355574323787,
              8.056512776556612
            ],
            [
              165.41133768591064,
              7.9533758040554146
            ],
            [
              165.26042188325022,
              7.904027478097607
            ],
            [
              165.2204414519632,
              7.734782165457786
            ],
            [
              165.01211145969563,
              7.850513723956063
            ],
            [
              164.90202997610393,
              8.1449246428315
            ],
            [
              165.1367766791364,
              8.298948279865694
            ],
            [
              165.19500184317403,
              8.278694806170995
            ],
            [
              165.33863495778013,
              8.15129522989535
            ]
          ]
        ]
      },
      "id": "514a19a9-23ff-41da-82c5-ffe9fe2e31f1"
    },
    {
      "type": "Feature",
      "properties": {
        "id": "90dd1140-be52-444f-aaa9-a5943d5deda5",
        "name": "sketch440-8"
      },
      "geometry": {
        "type": "Polygon",
        "coordinates": [
          [
            [
              139.50713550015433,
              1.4889038794317875
            ],
            [
              139.49996668807034,
              1.2287050381745062
            ],
            [
              139.27308267867917,
              1.179102999141986
            ],
            [
              139.5170492310064,
              1.1025438882238718
            ],
            [
              139.24979860218582,
              1.1712902984778977
            ],
            [
              139.21803658178908,
              1.1597577140167976
            ],
            [
              138.9456725832725,
              0.8191742232637786
            ],
            [
              139.0562180252363,
              1.1780243033983218
            ],
            [
              139.01298297018877,
              1.274216435917772
            ],
            [
              139.0224140363429,
              1.4036984876062326
            ],
            [
              139.50713550015433,
              1.4889038794317875
            ]
          ]
        ]
      },
      "id": "90dd1140-be52-444f-aaa9-a5943d5deda5"
    },
    {
      "type": "Feature",
      "properties": {
        "id": "6e73308a-13e2-4ebd-b7d8-c563ebc59814",
        "name": "sketch440-9"
      },
      "geometry": {
        "type": "Polygon",
        "coordinates": [
          [
            [
              158.61823552131952,
              10.793681317475793
            ],
            [
              158.55783077310664,
              10.711125817685662
            ],
            [
              158.85175136626967,
              10.597898786858739
            ],
            [
              158.7506000769457,
              10.377988421635227
            ],
            [
              158.55814027180395,
              10.410592552256231
            ],
            [
              158.3079348830592,
              10.302672333094074
            ],
            [
              158.49010142919448,
              10.70194131376135
            ],
            [
              158.04015702962937,
              10.776254276079449
            ],
            [
              158.3757896081298,
              10.730119360669553
            ],
            [
              158.40815385469492,
              10.937042386424517
            ],
            [
              158.61823552131952,
              10.793681317475793
            ]
          ]
        ]
      },
      "id": "6e73308a-13e2-4ebd-b7d8-c563ebc59814"
    }
  ],
  "bbox": [
    137.09460980535158,
    0.5512724909536415,
    165.67355574323787,
    12.67403410627484
  ]
}
