{
  "type": "FeatureCollection",
  "features": [
    {
      "type": "Feature",
      "properties": {
        "id": "771852da-3ba5-44b8-a2a3-e88a44d99e22",
        "name": "sketch44-0"
      },
      "geometry": {
        "type": "Polygon",
        "coordinates": [
          [
            [
              143.49189625975495,
              -0.7859719456616738
            ],
            [
              143.74174152884103,
              -0.6875880459265735
            ],
            [
              143.9038951096491,
              -0.9435335606776957
            ],
            [
              143.76005155824436,
              -1.028428248275208
            ],
            [
              143.53465733527815,
              -1.1558543561066146
            ],
            [
              143.34859418019923,
              -1.2200851447231527
            ],
            [
              143.36296620992982,
              -0.8553384102980712
            ],
            [
              143.21039228270627,
              -0.7321101255907185
            ],
            [
              143.44546205105175,
              -0.7492766120489583
            ],
            [
              143.3412836765315,
              -0.5741500762950696
            ],
            [
              143.49189625975495,
              -0.7859719456616738
            ]
          ]
        ]
      },
      "id": "771852da-3ba5-44b8-a2a3-e88a44d99e22"
    },
    {
      "type": "Feature",
      "properties": {
        "id": "f64950f9-e9f6-49ea-9ffc-cc6e6cf9390d",
        "name": "sketch44-1"
      },
      "geometry": {
        "type": "Polygon",
        "coordinates": [
          [
            [
              143.37738937062707,
              4.503396956387536
            ],
            [
              143.3402183851548,
              4.343624172047573
            ],
            [
              143.5682604851164,
              4.205670405698361
            ],
            [
              143.58256864493745,
              4.076208491849603
            ],
            [
              143.26133960317003,
              4.03148126398872
            ],
            [
              143.11638180591302,
              4.2939319222525265
            ],
            [
              142.90000172683946,
              4.301693740742877
            ],
            [
              142.78442471296083,
              4.414944852874956
            ],
            [
              143.0803503793299,
              4.568453502612415
            ],
            [
              143.05715692571,
              4.783488620058603
            ],
            [
              143.37738937062707,
              4.503396956387536
            ]
          ]
        ]
      },
      "id": "f64950f9-e9f6-49ea-9ffc-cc6e6cf9390d"
    },
    {
      "type": "Feature",
      "properties": {
        "id": "3c9d0da6-2f91-4e2b-be8a-1b518e180273",
        "name": "sketch44-2"
      },
      "geometry": {
        "type": "Polygon",
        "coordinates": [
          [
            [
              143.12537775550146,
              7.732971531348089
            ],
            [
              143.40472851774214,
              8.042744036510685
            ],
            [
              143.57665693364248,
              7.70078045566166
            ],
            [
              143.36017117298456,
              7.667666623868321
            ],
            [
              143.31633114785922,
              7.409582211862033
            ],
            [
              143.0732710609635,
              7.424066553613085
            ],
            [
              142.97387408340543,
              7.6503339056959
            ],
            [
              142.82145042163728,
              7.630273527557309
            ],
            [
              142.79485202847832,
              7.837180529016007
            ],
            [
              143.0412681835656,
              7.81226646668809
            ],
            [
              143.12537775550146,
              7.732971531348089
            ]
          ]
        ]
      },
      "id": "3c9d0da6-2f91-4e2b-be8a-1b518e180273"
    },
    {
      "type": "Feature",
      "properties": {
        "id": "e88306e7-6e61-447a-a178-f4b6554a7367",
        "name": "sketch44-3"
      },
      "geometry": {
        "type": "Polygon",
        "coordinates": [
          [
            [
              137.43681785513252,
              6.397783288362846
            ],
            [
              137.44655215405123,
              6.1130271116867805
            ],
            [
              137.18018569755617,
              5.969687024768727
            ],
            [
              137.15630518594685,
              5.611849479459398
            ],
            [
              137.09497885416113,
              5.674368860800688
            ],
            [
              136.91295616075865,
              5.617775759496363
            ],
            [
              137.0210279282868,
              5.912382297231393
            ],
            [
              136.80544356179863,
              5.741579912087995
            ],
            [
              136.72986276560707,
              6.2637375691999155
            ],
            [
              136.94368868454794,
              6.193220177222619
            ],
            [
              137.43681785513252,
              6.397783288362846
            ]
          ]
        ]
      },
      "id": "e88306e7-6e61-447a-a178-f4b6554a7367"
    }
  ],
  "bbox": [
    136.72986276560707,
    -1.2200851447231527,
    143.9038951096491,
    8.042744036510685
  ]
}
