{
  "type": "FeatureCollection",
  "features": [
    {
      "type": "Feature",
      "properties": {
        "id": "570d06ef-441f-469c-86d3-c0091f5c92c7",
        "name": "sketch186-0"
      },
      "geometry": {
        "type": "Polygon",
        "coordinates": [
          [
            [
              141.82686635941758,
              12.785401088736869
            ],
            [
              141.96797002337033,
              12.70061284417489
            ],
            [
              141.967203840944,
              12.535973919674225
            ],
            [
              141.75981425717717,
              12.582523725753568
            ],
            [
              141.6923072092854,
              12.480653122228336
            ],
            [
              141.54793472590225,
              12.487318038018143
            ],
            [
              141.37828765192214,
              12.462991542474427
            ],
            [
              141.46252880414437,
              12.624748033720811
            ],
            [
              141.41283126593754,
              12.931381059686235
            ],
            [
              141.46661902297024,
              12.91210627747467
            ],
            [
              141.82686635941758,
              12.785401088736869
            ]
          ]
        ]
      },
      "id": "570d06ef-441f-469c-86d3-c0091f5c92c7"
    },
    {
      "type": "Feature",
      "properties": {
        "id": "8d517e7d-2e65-4611-9933-94f18f7b3f37",
        "name": "sketch186-1"
      },
      "geometry": {
        "type": "Polygon",
        "coordinates": [
          [
            [
              158.3594770979656,
              8.489106778563475
            ],
            [
              158.02740925224168,
              8.179326496582384
            ],
            [
              158.10648394113505,
              8.155083948347178
            ],
            [
              157.99026697850232,
              8.178973354710774
            ],
            [
              158.27891209417126,
              7.999182328416272
            ],
            [
              157.9165266753458,
              7.8674672941887085
            ],
            [
              157.8620058565927,
              7.770578022117453
            ],
            [
              157.72153178655034,
              8.151316930812131
            ],
            [
              157.94381992395904,
              8.198442141170826
            ],
            [
              157.95518086257906,
              8.481154666198547
            ],
            [
              158.3594770979656,
              8.489106778563475
            ]
          ]
        ]
      },
      "id": "8d517e7d-2e65-4611-9933-94f18f7b3f37"
    },
    {
      "type": "Feature",
      "properties": {
        "id": "e91df69d-9bf8-48b5-8a3f-ec4e5733df69",
        "name": "sketch186-2"
      },
      "geometry": {
        "type": "Polygon",
        "coordinates": [
          [
            [
              159.44510531008746,
              -0.18568406916837707
            ],
            [
              159.61987984087062,
              -0.07874144429794752
            ],
            [
              159.56159189121658,
              -0.22498490761720485
            ],
            [
              159.64456263620164,
              -0.33350326331058106
            ],
            [
              159.5736930031551,
              -0.41196502970057164
            ],
            [
              159.44807112246352,
              -0.4038107739098781
            ],
            [
              159.25554746780514,
              -0.5094927523478043
            ],
            [
              159.34240529522432,
              -0.31810668598973096
            ],
            [
              159.22257150862168,
              -0.2004759155141284
            ],
            [
              159.31710065050154,
              -0.2159646633119082
            ],
            [
              159.44510531008746,
              -0.18568406916837707
            ]
          ]
        ]
      },
      "id": "e91df69d-9bf8-48b5-8a3f-ec4e5733df69"
    },
    {
      "type": "Feature",
      "properties": {
        "id": "cdc60bc6-8043-4d57-9421-fafbc48672e7",
        "name": "sketch186-3"
      },
      "geometry": {
        "type": "Polygon",
        "coordinates": [
          [
            [
              161.2955595345453,
              6.250323563660403
            ],
            [
              161.41210633750075,
              6.175796521347685
            ],
            [
              161.4950254928315,
              5.952361894017268
            ],
            [
              161.34661532355847,
              5.742131142435756
            ],
            [
              161.16662933655087,
              5.817997718491794
            ],
            [
              160.87064903225573,
              5.5098621462162
            ],
            [
              161.03149695027173,
              5.833489683460879
            ],
            [
              161.01451342631356,
              5.954668706219727
            ],
            [
              161.07093135781258,
              5.951199859208679
            ],
            [
              161.02652128733902,
              6.282208141126252
            ],
            [
              161.2955595345453,
              6.250323563660403
            ]
          ]
        ]
      },
      "id": "cdc60bc6-8043-4d57-9421-fafbc48672e7"
    },
    {
      "type": "Feature",
      "properties": {
        "id": "9cd4b9ae-54dd-4fce-b3f8-6b22eb0baa2d",
        "name": "sketch186-4"
      },
      "geometry": {
        "type": "Polygon",
        "coordinates": [
          [
            [
              156.32532315552626,
              1.8832523034952662
            ],
            [
              156.55087044710646,
              1.8138165292119752
            ],
            [
              156.51422863204928,
              1.5409543015170295
            ],
            [
              156.32968409485576,
              1.5887174256320986
            ],
            [
              156.22264568090998,
              1.2901986328314308
            ],
            [
              156.09169960639883,
              1.2100657079928996
            ],
            [
              156.08466177988052,
              1.5125738775052038
            ],
            [
              155.91823485282788,
              1.6350248240895133
            ],
            [
              155.9054030707559,
              1.667123432504277
            ],
            [
              155.969935076797,
              1.8324845396299956
            ],
            [
              156.32532315552626,
              1.8832523034952662
            ]
          ]
        ]
      },
      "id": "9cd4b9ae-54dd-4fce-b3f8-6b22eb0baa2d"
    },
    {
      "type": "Feature",
      "properties": {
        "id": "a1e43e04-3aae-42f6-8f60-6ee6ace2af15",
        "name": "sketch186-5"
      },
      "geometry": {
        "type": "Polygon",
        "coordinates": [
          [
            [
              162.7820331527828,
              0.5842572779159831
            ],
            [
              162.81635351784433,
              0.9005292845903632
            ],
            [
              162.85028555238074,
              0.7050314715780067
            ],
            [
              162.940294693361,
              0.9314832939846867
            ],
            [
              162.8132998332663,
              0.5698090662177562
            ],
            [
              162.97550062969748,
              0.6626135861092118
            ],
            [
              162.89660561478357,
              0.3322718996599874
            ],
            [
              162.41929367088576,
              0.19506874693371345
            ],
            [
              162.70771076467736,
              0.5460468623050156
            ],
            [
              162.6695759103133,
              0.8262633418113932
            ],
            [
              162.7820331527828,
              0.5842572779159831
            ]
          ]
        ]
      },
      "id": "a1e43e04-3aae-42f6-8f60-6ee6ace2af15"
    }
  ],
  "bbox": [
    141.37828765192214,
    -0.5094927523478043,
    162.97550062969748,
    12.931381059686235
  ]
}
