{
  "type": "FeatureCollection",
  "features": [
    {
      "type": "Feature",
      "properties": {
        "id": "5dbb2124-ca37-4cb9-8996-4e3adb7d64a7",
        "name": "sketch369-0"
      },
      "geometry": {
        "type": "Polygon",
        "coordinates": [
          [
            [
              165.51861034128933,
              4.540626663077808
            ],
            [
              165.57951084193434,
              4.447240028224683
            ],
            [
              165.8292986520674,
              4.466651065304967
            ],
            [
              165.86340297938816,
              4.315627880781456
            ],
            [
              165.55090907117543,
              4.343411904586127
            ],
            [
              165.71904530546334,
              4.2717210885979044
            ],
            [
              165.23427345069538,
              3.9755697270964965
            ],
            [
              165.1429962631862,
              4.1584669414083715
            ],
            [
              165.01491444221085,
              4.259125073784029
            ],
            [
              165.37131111346554,
              4.463564886497339
            ],
            [
              165.51861034128933,
              4.540626663077808
            ]
          ]
        ]
      },
      "id": "5dbb2124-ca37-4cb9-8996-4e3adb7d64a7"
    },
    {
      "type": "Feature",
      "properties": {
        "id": "01a410aa-0b59-4d64-9f18-75819415aa1b",
        "name": "sketch369-1"
      },
      "geometry": {
        "type": "Polygon",
        "coordinates": [
          [
            [
              160.1336191593646,
              11.97824410797294
            ],
            [
              160.3425040289458,
              11.709858228012692
            ],
            [
              160.23666671369148,
              11.560723833610643
            ],
            [
              160.137089173068,
              11.3723958169351
            ],
            [
              159.89897468661047,
              11.553830950435525
            ],
            [
              159.84061929863347,
              11.58405741273019
            ],
            [
              159.40934179297156,
              11.6470806667963
            ],
            [
              159.5957773387709,
              11.857871991783435
            ],
            [
              159.7315012882744,
              11.984548277527402
            ],
            [
              159.8731072226636,
              11.861979118334444
            ],
            [
              160.1336191593646,
              11.97824410797294
            ]
          ]
        ]
      },
      "id": "01a410aa-0b59-4d64-9f18-75819415aa1b"
    },
    {
      "type": "Feature",
      "properties": {
        "id": "5be134bf-bb76-4043-8f43-1dc776fa252f",
        "name": "sketch369-2"
      },
      "geometry": {
        "type": "Polygon",
        "coordinates": [
          [
            [
              144.20186032340803,
              12.658674817160271
            ],
            [
              144.35846264563656,
              12.472329878764281
            ],
            [
              144.08052941027663,
              12.351059551620233
            ],
            [
              144.19066153687518,
              12.017446263645024
            ],
            [
              143.95296109575736,
              11.905417217740863
            ],
            [
              143.94875899662833,
              12.25723942690878
            ],
            [
              143.88104285479832,
              12.299352324097903
            ],
            [
              143.85557541273266,
              12.406180826158161
            ],
            [
              143.90981870569155,
              12.538604847392975
            ],
            [
              143.85412294777814,
              12.694498917093076
            ],
            [
              144.20186032340803,
              12.658674817160271
            ]
          ]
        ]
      },
      "id": "5be134bf-bb76-4043-8f43-1dc776fa252f"
    },
    {
      "type": "Feature",
      "properties": {
        "id": "69c91661-fd99-4907-9db8-410b92986e92",
        "name": "sketch369-3"
      },
      "geometry": {
        "type": "Polygon",
        "coordinates": [
          [
            [
              163.68699490871998,
              6.544881678975563
            ],
            [
              163.85341703824102,
              6.472848737570797
            ],
            [
              163.71359835651148,
              6.2194394732116205
            ],
            [
              163.5979036911652,
              6.337422592105758
            ],
            [
              163.56509378939606,
              6.3700809333273885
            ],
            [
              163.35985925084782,
              6.026564637394259
            ],
            [
              163.52977940377025,
              6.383698003740219
            ],
            [
              163.4427490919037,
              6.397963894732774
            ],
            [
              163.36926443469275,
              6.398968318269093
            ],
            [
              163.50781053858657,
              6.426522693425385
            ],
            [
              163.68699490871998,
              6.544881678975563
            ]
          ]
        ]
      },
      "id": "69c91661-fd99-4907-9db8-410b92986e92"
    },
    {
      "type": "Feature",
      "properties": {
        "id": "8e1873ab-f285-4d24-b2ca-353dc7d0519a",
        "name": "sketch369-4"
      },
      "geometry": {
        "type": "Polygon",
        "coordinates": [
          [
            [
              162.23589688466242,
              9.973178217372325
            ],
            [
              162.45225252931363,
              9.796934044206807
            ],
            [
              162.2363774014294,
              9.749741105815042
            ],
            [
              162.01767000727259,
              9.52790653497184
            ],
            [
              161.79238868615235,
              9.569141014098191
            ],
            [
              162.20365814128934,
              9.774135608606146
            ],
            [
              161.9646575328194,
              9.944533960834221
            ],
            [
              161.89557062530116,
              10.000572816340828
            ],
            [
              162.1280916570568,
              9.844915062660762
            ],
            [
              162.20274929774467,
              9.791260107659495
            ],
            [
              162.23589688466242,
              9.973178217372325
            ]
          ]
        ]
      },
      "id": "8e1873ab-f285-4d24-b2ca-353dc7d0519a"
    },
    {
      "type": "Feature",
      "properties": {
        "id": "2afe0a40-db8b-4122-b3be-2e16d9a042d2",
        "name": "sketch369-5"
      },
      "geometry": {
        "type": "Polygon",
        "coordinates": [
          [
            [
              161.10045391930785,
              12.884969308140937
            ],
            [
              161.3163535644996,
              12.741884973041234
            ],
            [
              161.31738267230457,
              12.62775470209209
            ],
            [
              161.41805709632808,
              12.319373113619967
            ],
            [
              161.13224035591855,
              12.318818894355958
            ],
            [
              161.01941788067393,
              12.402330461838227
            ],
            [
              161.01353142586993,
              12.416122220132104
            ],
            [
              160.80792719896849,
              12.534996331058633
            ],
            [
              161.08864842106246,
              12.563223583218269
            ],
            [
              160.99957587227684,
              12.960193933620676
            ],
            [
              161.10045391930785,
              12.884969308140937
            ]
          ]
        ]
      },
      "id": "2afe0a40-db8b-4122-b3be-2e16d9a042d2"
    },
    {
      "type": "Feature",
      "properties": {
        "id": "09665e95-3be8-4d76-a282-4d699bf68ef2",
        "name": "sketch369-6"
      },
      "geometry": {
        "type": "Polygon",
        "coordinates": [
          [
            [
              136.39087656123758,
              7.19141634412918
            ],
            [
              136.30432331715036,
              7.082467206325393
            ],
            [
              136.54548445485872,
              7.039321972961091
            ],
            [
              136.3749710774088,
              6.836887256816387
            ],
            [
              136.14528362116792,
              6.840100151178211
            ],
            [
              135.99524350129164,
              6.724340047071484
            ],
            [
              135.99128629141936,
              7.081199221588742
            ],
            [
              136.0267581092662,
              7.083900715231848
            ],
            [
              136.00789111056054,
              7.297722905806943
            ],
            [
              136.1830885667388,
              7.103761228602062
            ],
            [
              136.39087656123758,
              7.19141634412918
            ]
          ]
        ]
      },
      "id": "09665e95-3be8-4d76-a282-4d699bf68ef2"
    },
    {
      "type": "Feature",
      "properties": {
        "id": "0bacb71e-2eb2-49f9-b16f-53a9eee18967",
        "name": "sketch369-7"
      },
      "geometry": {
        "type": "Polygon",
        "coordinates": [
          [
            [
              138.71823420714495,
              2.3146942572657414
            ],
            [
              138.51081574852006,
              2.1127646164165466
            ],
            [
              138.64987939495865,
              1.8667835085586928
            ],
            [
              138.56259777455983,
              1.917082281742637
            ],
            [
              138.69123673331518,
              1.7786303889101542
            ],
            [
              138.52657086614735,
              1.6666839866132048
            ],
            [
              138.30937793006532,
              1.7803006894951812
            ],
            [
              138.09012102422673,
              1.966121447917969
            ],
            [
              138.34823753944696,
              2.02921143136244
            ],
            [
              138.1730394154915,
              2.2458608838425116
            ],
            [
              138.71823420714495,
              2.3146942572657414
            ]
          ]
        ]
      },
      "id": "0bacb71e-2eb2-49f9-b16f-53a9eee18967"
    },
    {
      "type": "Feature",
      "properties": {
        "id": "01159649-9a87-4173-b02c-c7c90747e7f1",
        "name": "sketch369-8"
      },
      "geometry": {
        "type": "Polygon",
        "coordinates": [
          [
            [
              154.75206342492913,
              2.834299406956683
            ],
            [
              154.82466081761214,
              2.765382102473568
            ],
            [
              155.04427214846075,
              2.730045024821512
            ],
            [
              154.83776898460138,
              2.2721763735556886
            ],
            [
              154.64151755629277,
              2.2682547714025807
            ],
            [
              154.60546802783836,
              2.3667358613723426
            ],
            [
              154.60690879861494,
              2.441380378138494
            ],
            [
              154.57981021462774,
              2.4348686503360275
            ],
            [
              154.31297834648103,
              2.450091364733653
            ],
            [
              154.52619743230915,
              2.535308049410676
            ],
            [
              154.75206342492913,
              2.834299406956683
            ]
          ]
        ]
      },
      "id": "01159649-9a87-4173-b02c-c7c90747e7f1"
    }
  ],
  "bbox": [
    135.99128629141936,
    1.6666839866132048,
    165.86340297938816,
    12.960193933620676
  ]
}
