{
  "type": "FeatureCollection",
  "features": [
    {
      "type": "Feature",
      "properties": {
        "id": "9da5a240-1356-4c37-b27c-48750622136e",
        "name": "sketch450-0"
      },
      "geometry": {
        "type": "Polygon",
        "coordinates": [
          [
            [
              156.38854759092138,
              -0.3478960517224441
            ],
            [
              156.7770284517351,
              -0.6393148876054745
            ],
            [
              156.61073076373614,
              -0.9616719624124156
            ],
            [
              156.4155139427073,
              -0.8792468291289767
            ],
            [
              156.2812931435918,
              -0.7846818245366227
            ],
            [
              156.17914648068935,
              -0.7555928189696515
            ],
            [
              156.10480918790375,
              -0.5673210407158821
            ],
            [
              156.03870358195792,
              -0.3604786787576435
            ],
            [
              156.2256982168192,
              -0.43601584667070137
            ],
            [
              156.2613808215724,
              -0.5357484727009575
            ],
            [
              156.38854759092138,
              -0.3478960517224441
            ]
          ]
        ]
      },
      "id": "9da5a240-1356-4c37-b27c-48750622136e"
    },
    {
      "type": "Feature",
      "properties": {
        "id": "02176398-3379-4872-a4a5-45df6df70c2a",
        "name": "sketch450-1"
      },
      "geometry": {
        "type": "Polygon",
        "coordinates": [
          [
            [
              155.45460961987519,
              -0.10197590387421504
            ],
            [
              155.5364766915772,
              -0.3344584608199336
            ],
            [
              155.34249651686176,
              -0.3579332559031755
            ],
            [
              155.3667858178725,
              -0.7192686595115028
            ],
            [
              155.2680291141042,
              -0.3268183221634382
            ],
            [
              155.12283560789726,
              -0.46813005700851196
            ],
            [
              155.13731170558194,
              -0.35273210470282207
            ],
            [
              155.00436348898205,
              -0.18915879248103928
            ],
            [
              155.0582736953909,
              -0.20113177318390058
            ],
            [
              155.0595275957639,
              0.13275002063806107
            ],
            [
              155.45460961987519,
              -0.10197590387421504
            ]
          ]
        ]
      },
      "id": "02176398-3379-4872-a4a5-45df6df70c2a"
    },
    {
      "type": "Feature",
      "properties": {
        "id": "ef687f38-de8e-40bf-a171-811b23488ec4",
        "name": "sketch450-2"
      },
      "geometry": {
        "type": "Polygon",
        "coordinates": [
          [
            [
              165.66185988335445,
              4.055136201108796
            ],
            [
              165.83668711101043,
              3.9113866347011723
            ],
            [
              165.61441543376046,
              3.741197959925752
            ],
            [
              165.50605308569723,
              3.698942964672261
            ],
            [
              165.56374685552885,
              3.4822810717357218
            ],
            [
              165.4994555040511,
              3.389535854380886
            ],
            [
              165.43937477970238,
              3.6098352372067652
            ],
            [
              165.38934676178044,
              3.7268588404036174
            ],
            [
              165.3348278244238,
              4.1706651113892965
            ],
            [
              165.481506974881,
              3.8686321297872777
            ],
            [
              165.66185988335445,
              4.055136201108796
            ]
          ]
        ]
      },
      "id": "ef687f38-de8e-40bf-a171-811b23488ec4"
    },
    {
      "type": "Feature",
      "properties": {
        "id": "16c73bbf-f9b4-4b59-92d9-663d9ceb9764",
        "name": "sketch450-3"
      },
      "geometry": {
        "type": "Polygon",
        "coordinates": [
          [
            [
              151.20101461174497,
              5.7979738329222235
            ],
            [
              151.17639051975135,
              5.621592871189828
            ],
            [
              151.53878651766237,
              5.444627510791643
            ],
            [
              151.34197145906433,
              5.2334897734243055
            ],
            [
              151.14144141646597,
              5.234420768598601
            ],
            [
              151.03945691989912,
              5.493897513931482
            ],
            [
              150.77914245788185,
              5.59417041002755
            ],
            [
              150.76963165118354,
              5.731421678323572
            ],
            [
              150.73811963568295,
              5.866295288843579
            ],
            [
              150.98100365196106,
              5.70551107510315
            ],
            [
              151.20101461174497,
              5.7979738329222235
            ]
          ]
        ]
      },
      "id": "16c73bbf-f9b4-4b59-92d9-663d9ceb9764"
    },
    {
      "type": "Feature",
      "properties": {
        "id": "ea2cfb28-4bf7-43f4-b43c-7a99c1a5168d",
        "name": "sketch450-4"
      },
      "geometry": {
        "type": "Polygon",
        "coordinates": [
          [
            [
              157.19712066040597,
              11.24664301257206
            ],
            [
              157.19701647326434,
              11.217052314766816
            ],
            [
              157.3074000408101,
              11.210775999879852
            ],
            [
              157.21395934406524,
              10.929513494323142
            ],
            [
              157.189827954636,
              11.191152456141332
            ],
            [
              157.09946577055277,
              11.061768484918801
            ],
            [
              157.0801920451839,
              11.064660688208404
            ],
            [
              157.0249850386249,
              11.100623976529658
            ],
            [
              156.7687529732944,
              11.450759393590763
            ],
            [
              157.0875100293985,
              11.662907448483706
            ],
            [
              157.19712066040597,
              11.24664301257206
            ]
          ]
        ]
      },
      "id": "ea2cfb28-4bf7-43f4-b43c-7a99c1a5168d"
    },
    {
      "type": "Feature",
      "properties": {
        "id": "a275415c-3345-4954-b1cf-79e8f9d8c9aa",
        "name": "sketch450-5"
      },
      "geometry": {
        "type": "Polygon",
        "coordinates": [
          [
            [
              152.03294439161004,
              6.731730603337366
            ],
            [
              151.88007343464153,
              6.58862498923377
            ],
            [
              152.1437812033856,
              6.35885870336607
            ],
            [
              151.86402879370962,
              6.231372259731913
            ],
            [
              151.79120300338633,
              6.456056160191681
            ],
            [
              151.70511349882062,
              6.3749398311160475
            ],
            [
              151.60612970972622,
              6.290419891849483
            ],
            [
              151.3864168378157,
              6.637487015919511
            ],
            [
              151.44885219195248,
              6.8343850684913585
            ],
            [
              151.84716580625135,
              6.759595947664625
            ],
            [
              152.03294439161004,
              6.731730603337366
            ]
          ]
        ]
      },
      "id": "a275415c-3345-4954-b1cf-79e8f9d8c9aa"
    },
    {
      "type": "Feature",
      "properties": {
        "id": "256ba02a-dabd-4eff-a55f-bb0178ea8e24",
        "name": "sketch450-6"
      },
      "geometry": {
        "type": "Polygon",
        "coordinates": [
          [
            [
              163.86936577748006,
              0.8121269219489249
            ],
            [
              163.819277149116,
              0.583171825415268
            ],
            [
              164.2070484856605,
              0.7848306323046577
            ],
            [
              164.18572558374143,
              0.5471035267438491
            ],
            [
              163.86137370118297,
              0.45178879856820575
            ],
            [
              163.8651712944977,
              0.3938812389136905
            ],
            [
              163.72135481665248,
              0.33440119925754924
            ],
            [
              163.72533068116792,
              0.5043835496864215
            ],
            [
              163.7697583709941,
              0.5730260742654186
            ],
            [
              163.78951575274337,
              0.5954016990148333
            ],
            [
              163.86936577748006,
              0.8121269219489249
            ]
          ]
        ]
      },
      "id": "256ba02a-dabd-4eff-a55f-bb0178ea8e24"
    },
    {
      "type": "Feature",
      "properties": {
        "id": "5e0b0b8f-74a0-4587-8885-6564470aa6d8",
        "name": "sketch450-7"
      },
      "geometry": {
        "type": "Polygon",
        "coordinates": [
          [
            [
              159.1782278826006,
              7.5382464334706505
            ],
            [
              159.32993443651887,
              7.668761832908807
            ],
            [
              159.51811545088086,
              7.3367142973844
            ],
            [
              159.1989783758542,
              7.391168938530476
            ],
            [
              159.17275275263293,
              7.404891308451906
            ],
            [
              159.16506751032796,
              6.934477769821904
            ],
            [
              159.1511169724168,
              7.18088523713493
            ],
            [
              158.68765921180068,
              7.3114325860518
            ],
            [
              159.10668517479675,
              7.419619946067383
            ],
            [
              158.9713704818223,
              7.71001234518074
            ],
            [
              159.1782278826006,
              7.5382464334706505
            ]
          ]
        ]
      },
      "id": "5e0b0b8f-74a0-4587-8885-6564470aa6d8"
    },
    {
      "type": "Feature",
      "properties": {
        "id": "3eb20215-4d91-40e8-bb68-1edc4362c99b",
        "name": "sketch450-8"
      },
      "geometry": {
        "type": "Polygon",
        "coordinates": [
          [
            [
              153.84353113516684,
              9.897437579925748
            ],
            [
              153.75186556436407,
              9.798769442256887
            ],
            [
              153.84313217778697,
              9.726755663273973
            ],
            [
              153.913876056449,
              9.395436081104203
            ],
            [
              153.6629856884189,
              9.342766395121352
            ],
            [
              153.66874974941769,
              9.645110356500256
            ],
            [
              153.51534287787078,
              9.645919453662346
            ],
            [
              153.372905795616,
              9.602891004087157
            ],
            [
              153.49077292759884,
              9.788085699187441
            ],
            [
              153.64579192992494,
              9.837482979343877
            ],
            [
              153.84353113516684,
              9.897437579925748
            ]
          ]
        ]
      },
      "id": "3eb20215-4d91-40e8-bb68-1edc4362c99b"
    },
    {
      "type": "Feature",
      "properties": {
        "id": "3a678b3b-6427-44bc-aedf-5547ac1b6687",
        "name": "sketch450-9"
      },
      "geometry": {
        "type": "Polygon",
        "coordinates": [
          [
            [
              157.78113855762066,
              4.3163255685626725
            ],
            [
              157.8816947441993,
              4.298469540840535
            ],
            [
              158.0180980389186,
              4.144317845922192
            ],
            [
              157.68887557385708,
              4.127832393371388
            ],
            [
              157.96266859501526,
              3.8374176322294606
            ],
            [
              157.50695462981554,
              3.6765873543838734
            ],
            [
              157.54054988002002,
              3.8525051469228178
            ],
            [
              157.38206064429954,
              4.013858280425978
            ],
            [
              157.14587185166857,
              4.1787594038955325
            ],
            [
              157.56671286579794,
              4.521164712825539
            ],
            [
              157.78113855762066,
              4.3163255685626725
            ]
          ]
        ]
      },
      "id": "3a678b3b-6427-44bc-aedf-5547ac1b6687"
    }
  ],
  "bbox": [
    150.73811963568295,
    -0.9616719624124156,
    165.83668711101043,
    11.662907448483706
  ]
}
