{
  "type": "FeatureCollection",
  "features": [
    {
      "type": "Feature",
      "properties": {
        "id": "1f99bf41-a2f1-47fd-94c4-ee012be42466",
        "name": "sketch64-0"
      },
      "geometry": {
        "type": "Polygon",
        "coordinates": [
          [
            [
              144.2337518878241,
              9.789110028694681
            ],
            [
              144.24815202350428,
              9.782031735103303
            ],
            [
              144.2494475757303,
              9.73816798086157
            ],
            [
              144.53385958129107,
              9.522197482211293
            ],
            [
              144.19330991850623,
              9.648462528662412
            ],
            [
              144.09189979245903,
              9.482998027886984
            ],
            [
              143.8702585747633,
              9.521475744211939
            ],
            [
              144.13260287964476,
              9.683916093703102
            ],
            [
              144.14739809570446,
              9.705714732050954
            ],
            [
              144.06178501706313,
              9.961898400449424
            ],
            [
              144.2337518878241,
              9.789110028694681
            ]
          ]
        ]
      },
      "id": "1f99bf41-a2f1-47fd-94c4-ee012be42466"
    },
    {
      "type": "Feature",
      "properties": {
        "id": "6e0cb405-a561-4b50-ae1d-c1e6bac581f3",
        "name": "sketch64-1"
      },
      "geometry": {
        "type": "Polygon",
        "coordinates": [
          [
            [
              138.68131089873333,
              10.454298324147626
            ],
            [
              138.46565458870734,
              10.186573135567764
            ],
            [
              138.4037158304691,
              10.107723922663718
            ],
            [
              138.4153654632498,
              10.081320731946871
            ],
            [
              138.4309658020812,
              9.95851906351684
            ],
            [
              138.27683575130163,
              10.015828294879482
            ],
            [
              137.86443718490895,
              10.133243618159872
            ],
            [
              138.0870692293462,
              10.203793000993072
            ],
            [
              138.2376914146326,
              10.223214815266411
            ],
            [
              138.31971929219603,
              10.27495089902908
            ],
            [
              138.68131089873333,
              10.454298324147626
            ]
          ]
        ]
      },
      "id": "6e0cb405-a561-4b50-ae1d-c1e6bac581f3"
    },
    {
      "type": "Feature",
      "properties": {
        "id": "9341716d-3bfd-44ec-b380-9f40aecd5a04",
        "name": "sketch64-2"
      },
      "geometry": {
        "type": "Polygon",
        "coordinates": [
          [
            [
              154.56679781321816,
              9.215606865100694
            ],
            [
              154.39404659734763,
              9.115025021444382
            ],
            [
              154.68812519443068,
              9.012724193154176
            ],
            [
              154.33049234056736,
              8.93492237030061
            ],
            [
              154.2383373723349,
              9.04109541307919
            ],
            [
              154.2384503775447,
              9.03264553288324
            ],
            [
              154.08413500566996,
              8.704728266522363
            ],
            [
              154.2339605535047,
              9.047999828216538
            ],
            [
              153.9912197225993,
              9.312708199452839
            ],
            [
              154.19687379124326,
              9.14091098579359
            ],
            [
              154.56679781321816,
              9.215606865100694
            ]
          ]
        ]
      },
      "id": "9341716d-3bfd-44ec-b380-9f40aecd5a04"
    },
    {
      "type": "Feature",
      "properties": {
        "id": "28078d47-a409-4f81-9111-ea47b94f4cc5",
        "name": "sketch64-3"
      },
      "geometry": {
        "type": "Polygon",
        "coordinates": [
          [
            [
              135.65827021842088,
              10.524012181970889
            ],
            [
              135.74941795893253,
              10.52530169845912
            ],
            [
              135.80618656573085,
              10.420637163818885
            ],
            [
              135.78826478707393,
              10.334582220647022
            ],
            [
              135.84330078524584,
              10.040831993037205
            ],
            [
              135.57204073147003,
              10.324022449028806
            ],
            [
              135.40838981273222,
              10.300387542799314
            ],
            [
              135.20011541440186,
              10.467284354377806
            ],
            [
              135.5362026495164,
              10.468393959670573
            ],
            [
              135.48210375817894,
              10.677892829589709
            ],
            [
              135.65827021842088,
              10.524012181970889
            ]
          ]
        ]
      },
      "id": "28078d47-a409-4f81-9111-ea47b94f4cc5"
    }
  ],
  "bbox": [
    135.20011541440186,
    8.704728266522363,
    154.68812519443068,
    10.677892829589709
  ]
}
