{
  "type": "FeatureCollection",
  "features": [
    {
      "type": "Feature",
      "properties": {
        "id": "a6075ee3-4d59-4fa8-a496-2c7ed58cd435",
        "name": "sketch428-0"
      },
      "geometry": {
        "type": "Polygon",
        "coordinates": [
          [
            [
              153.27583557567266,
              10.349649505547655
            ],
            [
              153.3244300280642,
              10.262873489173112
            ],
            [
              153.37963611644392,
              10.156229300549445
            ],
            [
              153.22902843107093,
              9.929304080682982
            ],
            [
              153.1528241597468,
              9.77699803419757
            ],
            [
              153.14518446240422,
              9.769417529150637
            ],
            [
              153.07710371047844,
              9.725162965873974
            ],
            [
              153.05347214960236,
              9.729679754651324
            ],
            [
              152.862481024895,
              9.740232498590743
            ],
            [
              152.8450897235674,
              10.336847006541236
            ],
            [
              153.27583557567266,
              10.349649505547655
            ]
          ]
        ]
      },
      "id": "a6075ee3-4d59-4fa8-a496-2c7ed58cd435"
    },
    {
      "type": "Feature",
      "properties": {
        "id": "bb50337c-c103-41fb-b2e1-c7ed4093110a",
        "name": "sketch428-1"
      },
      "geometry": {
        "type": "Polygon",
        "coordinates": [
          [
            [
              151.39335730257244,
              6.232109076662471
            ],
            [
              151.26733626262194,
              5.886528980396821
            ],
            [
              151.4237158702743,
              5.717245369453493
            ],
            [
              151.1718338065266,
              5.768294900673212
            ],
            [
              151.1171573332563,
              5.83153274281424
            ],
            [
              151.104929889761,
              5.824835600213774
            ],
            [
              150.83608437254287,
              5.59456174882296
            ],
            [
              150.763171468234,
              5.776184826059002
            ],
            [
              150.81777264560733,
              5.9927289890105655
            ],
            [
              150.89474983620704,
              6.132551744553966
            ],
            [
              151.39335730257244,
              6.232109076662471
            ]
          ]
        ]
      },
      "id": "bb50337c-c103-41fb-b2e1-c7ed4093110a"
    },
    {
      "type": "Feature",
      "properties": {
        "id": "3d75a34b-db2e-45ca-b8aa-fe73c820fc01",
        "name": "sketch428-2"
      },
      "geometry": {
        "type": "Polygon",
        "coordinates": [
          [
            [
              150.31600327697862,
              -0.5617058091003222
            ],
            [
              150.3361026272496,
              -0.6267666523928838
            ],
            [
              150.56548719701047,
              -0.8961472688416952
            ],
            [
              150.40163132877188,
              -1.0165722782726885
            ],
            [
              149.96099017412243,
              -0.9935609613036063
            ],
            [
              150.02278946485217,
              -0.9065215043901527
            ],
            [
              149.87943233541165,
              -0.9625821633591182
            ],
            [
              150.02895256790273,
              -0.5910345457397733
            ],
            [
              150.0521065750185,
              -0.48064543311221875
            ],
            [
              150.09333751222698,
              -0.2718056948336899
            ],
            [
              150.31600327697862,
              -0.5617058091003222
            ]
          ]
        ]
      },
      "id": "3d75a34b-db2e-45ca-b8aa-fe73c820fc01"
    },
    {
      "type": "Feature",
      "properties": {
        "id": "0455acd7-ae1f-4477-9eb8-1cd55638d7da",
        "name": "sketch428-3"
      },
      "geometry": {
        "type": "Polygon",
        "coordinates": [
          [
            [
              164.9944796071666,
              4.087122930971913
            ],
            [
              164.97351639500988,
              3.9274462030467956
            ],
            [
              165.08931659549032,
              3.7652903074713713
            ],
            [
              164.93193033304897,
              3.567505171009662
            ],
            [
              164.71656477024501,
              3.5527879438435916
            ],
            [
              164.55222661947465,
              3.5396212423349787
            ],
            [
              164.34513189567994,
              3.641790472454999
            ],
            [
              164.36063787279537,
              3.7205595077890443
            ],
            [
              164.40011152210127,
              3.885035545103467
            ],
            [
              164.5906711809655,
              4.217291171074712
            ],
            [
              164.9944796071666,
              4.087122930971913
            ]
          ]
        ]
      },
      "id": "0455acd7-ae1f-4477-9eb8-1cd55638d7da"
    },
    {
      "type": "Feature",
      "properties": {
        "id": "e06e1dae-39d0-4040-a286-49d902928a49",
        "name": "sketch428-4"
      },
      "geometry": {
        "type": "Polygon",
        "coordinates": [
          [
            [
              139.88384225990387,
              -0.6906960173106991
            ],
            [
              139.95649807726647,
              -0.4688348457152202
            ],
            [
              139.94294373028848,
              -0.7392407167345999
            ],
            [
              139.93515904114696,
              -0.8044479869594998
            ],
            [
              140.20951186169214,
              -1.0453454854256155
            ],
            [
              139.96057900884418,
              -0.9845780882664352
            ],
            [
              139.60715738480894,
              -1.085649287702191
            ],
            [
              139.56605659618953,
              -0.82713744500646
            ],
            [
              139.7453391546688,
              -0.7602729901669333
            ],
            [
              139.6398719760799,
              -0.6261983016238599
            ],
            [
              139.88384225990387,
              -0.6906960173106991
            ]
          ]
        ]
      },
      "id": "e06e1dae-39d0-4040-a286-49d902928a49"
    },
    {
      "type": "Feature",
      "properties": {
        "id": "3838271e-55fc-47e7-a150-91606f0fe7c7",
        "name": "sketch428-5"
      },
      "geometry": {
        "type": "Polygon",
        "coordinates": [
          [
            [
              153.26265451824221,
              0.5051411586812387
            ],
            [
              153.50936071611176,
              0.5513226116768618
            ],
            [
              153.70587828418556,
              0.398926120131118
            ],
            [
              153.60333977926868,
              0.10525090563042061
            ],
            [
              153.36088136035266,
              0.22699708775475919
            ],
            [
              153.1724547457054,
              -0.08804289634026152
            ],
            [
              153.12319366751015,
              0.21642842347348668
            ],
            [
              153.1070459143364,
              0.3688990165491378
            ],
            [
              153.11633294826208,
              0.4540210943468251
            ],
            [
              153.18494835063998,
              0.6796933133288672
            ],
            [
              153.26265451824221,
              0.5051411586812387
            ]
          ]
        ]
      },
      "id": "3838271e-55fc-47e7-a150-91606f0fe7c7"
    },
    {
      "type": "Feature",
      "properties": {
        "id": "e9158651-33ce-4c36-95e5-2b9d0b64a65a",
        "name": "sketch428-6"
      },
      "geometry": {
        "type": "Polygon",
        "coordinates": [
          [
            [
              137.749259514543,
              6.701301143335485
            ],
            [
              137.69352832018873,
              6.572480852052048
            ],
            [
              137.50228584769883,
              6.4994241391576635
            ],
            [
              137.68642447387978,
              6.401439776917389
            ],
            [
              137.7824661991717,
              6.241065078097452
            ],
            [
              137.43770476345537,
              6.343721855036344
            ],
            [
              137.39991280228259,
              6.337278641021326
            ],
            [
              137.36755362618982,
              6.50642788296143
            ],
            [
              137.13329365538226,
              6.588897556693122
            ],
            [
              137.1830965420028,
              6.823050267015206
            ],
            [
              137.749259514543,
              6.701301143335485
            ]
          ]
        ]
      },
      "id": "e9158651-33ce-4c36-95e5-2b9d0b64a65a"
    },
    {
      "type": "Feature",
      "properties": {
        "id": "4c86be06-c8c2-4e95-9453-da0ae7250656",
        "name": "sketch428-7"
      },
      "geometry": {
        "type": "Polygon",
        "coordinates": [
          [
            [
              161.6936885347748,
              3.390954958456902
            ],
            [
              161.69787178249896,
              3.080302845763973
            ],
            [
              161.52830570198984,
              3.05514347839446
            ],
            [
              161.31568424116443,
              2.7766241162263854
            ],
            [
              161.2222691257708,
              3.0663016767255566
            ],
            [
              161.33847917768122,
              3.1973873932953785
            ],
            [
              161.30062219218283,
              3.2157964766738445
            ],
            [
              161.0432116930891,
              3.26981111163695
            ],
            [
              161.40304477087628,
              3.228962326352287
            ],
            [
              161.40196918853292,
              3.2351506558197793
            ],
            [
              161.6936885347748,
              3.390954958456902
            ]
          ]
        ]
      },
      "id": "4c86be06-c8c2-4e95-9453-da0ae7250656"
    }
  ],
  "bbox": [
    137.13329365538226,
    -1.085649287702191,
    165.08931659549032,
    10.349649505547655
  ]
}
