{
  "type": "FeatureCollection",
  "features": [
    {
      "type": "Feature",
      "properties": {
        "id": "6ec65058-daab-42f3-bd82-986b44dc9421",
        "name": "sketch57-0"
      },
      "geometry": {
        "type": "Polygon",
        "coordinates": [
          [
            [
              141.87121248823414,
              1.5082253647963613
            ],
            [
              142.05176735143883,
              1.5330401178809527
            ],
            [
              141.8935261956752,
              1.472821431637874
            ],
            [
              142.05152527689359,
              1.2547253485139258
            ],
            [
              141.87425381250245,
              1.4319791956670584
            ],
            [
              141.85178459291825,
              1.4610748155521092
            ],
            [
              141.7523099590824,
              1.408458026419185
            ],
            [
              141.76462886365374,
              1.4895540758042292
            ],
            [
              141.70777531497237,
              1.6129448628060383
            ],
            [
              141.8080116282893,
              1.6017228735615114
            ],
            [
              141.87121248823414,
              1.5082253647963613
            ]
          ]
        ]
      },
      "id": "6ec65058-daab-42f3-bd82-986b44dc9421"
    },
    {
      "type": "Feature",
      "properties": {
        "id": "38e92d35-6475-460a-9cdd-843c557d4e34",
        "name": "sketch57-1"
      },
      "geometry": {
        "type": "Polygon",
        "coordinates": [
          [
            [
              155.80165150102528,
              5.7498420576472125
            ],
            [
              156.0487818387282,
              5.84485357877976
            ],
            [
              156.0217173433299,
              5.7691558287261175
            ],
            [
              155.79939618991023,
              5.705982601300696
            ],
            [
              156.08901829307624,
              5.520154716865264
            ],
            [
              155.7981710654818,
              5.6814843158608594
            ],
            [
              155.65454742611755,
              5.527295189324388
            ],
            [
              155.78631150947913,
              5.701268959687283
            ],
            [
              155.47853164983536,
              5.754734566611363
            ],
            [
              155.69165619754077,
              5.888820342541208
            ],
            [
              155.80165150102528,
              5.7498420576472125
            ]
          ]
        ]
      },
      "id": "38e92d35-6475-460a-9cdd-843c557d4e34"
    },
    {
      "type": "Feature",
      "properties": {
        "id": "3f04085e-7999-4d04-9e86-de42a7ab6936",
        "name": "sketch57-2"
      },
      "geometry": {
        "type": "Polygon",
        "coordinates": [
          [
            [
              158.26203636415937,
              1.2216562768906094
            ],
            [
              158.51533507734015,
              1.096720381124433
            ],
            [
              158.4182242049604,
              0.8394250765029736
            ],
            [
              158.26332881464504,
              0.9701384422906356
            ],
            [
              158.110320251679,
              0.8266556724485153
            ],
            [
              158.1915693792841,
              1.1664031513643194
            ],
            [
              158.1902693224479,
              1.1769141456300831
            ],
            [
              157.9878491531799,
              1.1925891970658384
            ],
            [
              158.03432390940208,
              1.254845144467223
            ],
            [
              158.09766881540304,
              1.500611927168419
            ],
            [
              158.26203636415937,
              1.2216562768906094
            ]
          ]
        ]
      },
      "id": "3f04085e-7999-4d04-9e86-de42a7ab6936"
    },
    {
      "type": "Feature",
      "properties": {
        "id": "8bdc8542-b987-4ef0-86a5-dd97068ac9e3",
        "name": "sketch57-3"
      },
      "geometry": {
        "type": "Polygon",
        "coordinates": [
          [
            [
              141.87371992248077,
              0.07158163906955056
            ],
            [
              141.92365732814713,
              -0.19256175506184744
            ],
            [
              141.85808850156096,
              -0.245365081681758
            ],
            [
              141.5907781107502,
              -0.20517440291978917
            ],
            [
              141.63685366903346,
              -0.3267259677886304
            ],
            [
              141.56925683322098,
              -0.21197103342908527
            ],
            [
              141.39301177854404,
              -0.32802914535860045
            ],
            [
              141.10776079084684,
              -0.15020659418858043
            ],
            [
              141.41320313157985,
              -0.17043519129484197
            ],
            [
              141.3709887344005,
              0.10683571356936616
            ],
            [
              141.87371992248077,
              0.07158163906955056
            ]
          ]
        ]
      },
      "id": "8bdc8542-b987-4ef0-86a5-dd97068ac9e3"
    },
    {
      "type": "Feature",
      "properties": {
        "id": "2f8a5a46-a233-4f9d-8d0c-4cd46b9413f6",
        "name": "sketch57-4"
      },
      "geometry": {
        "type": "Polygon",
        "coordinates": [
          [
            [
              137.46363181183085,
              8.558284849901952
            ],
            [
              137.7373322566683,
              8.382988880233919
            ],
            [
              137.6958863019609,
              8.19468042004889
            ],
            [
              137.60007443868628,
              8.231157146621165
            ],
            [
              137.38052301714362,
              8.223211021621166
            ],
            [
              137.1647593218363,
              8.082752868642094
            ],
            [
              137.31722048063088,
              8.335944798842394
            ],
            [
              137.06669899573097,
              8.319431344835442
            ],
            [
              136.9440225969792,
              8.457427063848698
            ],
            [
              137.16097874151492,
              8.407943508318318
            ],
            [
              137.46363181183085,
              8.558284849901952
            ]
          ]
        ]
      },
      "id": "2f8a5a46-a233-4f9d-8d0c-4cd46b9413f6"
    },
    {
      "type": "Feature",
      "properties": {
        "id": "45f1993a-204d-4d21-b355-9c5aaa35808f",
        "name": "sketch57-5"
      },
      "geometry": {
        "type": "Polygon",
        "coordinates": [
          [
            [
              147.32553189907432,
              5.654444925561981
            ],
            [
              147.46836884113475,
              5.580031127770124
            ],
            [
              147.32212253148685,
              5.19608827104545
            ],
            [
              147.50131424171232,
              5.243503985643597
            ],
            [
              147.4357508017639,
              5.185653589494916
            ],
            [
              147.50452809109746,
              5.022869684994865
            ],
            [
              147.22505859766406,
              4.754951742416074
            ],
            [
              147.25606946177786,
              5.130304257080224
            ],
            [
              147.07345754420086,
              5.255338275616177
            ],
            [
              147.10801153223736,
              5.348592686509553
            ],
            [
              147.32553189907432,
              5.654444925561981
            ]
          ]
        ]
      },
      "id": "45f1993a-204d-4d21-b355-9c5aaa35808f"
    },
    {
      "type": "Feature",
      "properties": {
        "id": "2cddd585-f9be-43a6-92ff-7a7da19cd208",
        "name": "sketch57-6"
      },
      "geometry": {
        "type": "Polygon",
        "coordinates": [
          [
            [
              165.12698481938372,
              11.88694854417269
            ],
            [
              165.16873563405093,
              11.935120977418228
            ],
            [
              165.33651571717934,
              12.177341751805688
            ],
            [
              165.157015134286,
              11.803469213417358
            ],
            [
              165.2343681380166,
              11.709161024284773
            ],
            [
              165.1856545029026,
              11.586100495311548
            ],
            [
              165.08244138275168,
              11.75634488316863
            ],
            [
              164.91967443919364,
              11.809004742130165
            ],
            [
              164.7676840774092,
              12.09735707493412
            ],
            [
              164.90680517239088,
              11.999283258071527
            ],
            [
              165.12698481938372,
              11.88694854417269
            ]
          ]
        ]
      },
      "id": "2cddd585-f9be-43a6-92ff-7a7da19cd208"
    }
  ],
  "bbox": [
    136.9440225969792,
    -0.32802914535860045,
    165.33651571717934,
    12.177341751805688
  ]
}
