{
  "type": "FeatureCollection",
  "features": [
    {
      "type": "Feature",
      "properties": {
        "id": "54389884-8a80-4701-ac75-338c97c5df11",
        "name": "sketch144-0"
      },
      "geometry": {
        "type": "Polygon",
        "coordinates": [
          [
            [
              135.4974643695788,
              7.284308319523073
            ],
            [
              135.3719470205902,
              7.128179969204661
            ],
            [
              135.64712065270186,
              7.221542089853642
            ],
            [
              135.5491266787928,
              7.176412814551383
            ],
            [
              135.46522178748484,
              7.090268641029738
            ],
            [
              135.59158980862358,
              6.9179138573478784
            ],
            [
              135.297049011687,
              6.9110323448789135
            ],
            [
              135.08504411582823,
              6.922063661454283
            ],
            [
              135.26622344551046,
              7.094533445406439
            ],
            [
              135.14739870984158,
              7.284980257785801
            ],
            [
              135.4974643695788,
              7.284308319523073
            ]
          ]
        ]
      },
      "id": "54389884-8a80-4701-ac75-338c97c5df11"
    },
    {
      "type": "Feature",
      "properties": {
        "id": "0a1aa88a-ed69-44ba-894a-cf09b068ca1f",
        "name": "sketch144-1"
      },
      "geometry": {
        "type": "Polygon",
        "coordinates": [
          [
            [
              139.49452471967237,
              11.91447462562903
            ],
            [
              139.72640926122892,
              11.89072873060792
            ],
            [
              139.82617323799087,
              11.820080203825905
            ],
            [
              139.52118969546663,
              11.709330059274537
            ],
            [
              139.60238791975164,
              11.649628288402974
            ],
            [
              139.50518753590654,
              11.297782664791542
            ],
            [
              139.2784008676267,
              11.39459271594109
            ],
            [
              139.15843471651192,
              11.629648015920278
            ],
            [
              139.2588288361747,
              11.789608461348616
            ],
            [
              139.4318161955173,
              11.760642682829511
            ],
            [
              139.49452471967237,
              11.91447462562903
            ]
          ]
        ]
      },
      "id": "0a1aa88a-ed69-44ba-894a-cf09b068ca1f"
    },
    {
      "type": "Feature",
      "properties": {
        "id": "193b4bc9-32e5-41f2-88d9-d82bd19d3682",
        "name": "sketch144-2"
      },
      "geometry": {
        "type": "Polygon",
        "coordinates": [
          [
            [
              162.11768797526926,
              0.23933012840159468
            ],
            [
              162.20015494572414,
              0.24996433500041615
            ],
            [
              162.21016179715218,
              0.01239533671700696
            ],
            [
              162.22166232667522,
              -0.04965725323160999
            ],
            [
              162.35814931508258,
              -0.2911325991756134
            ],
            [
              162.3839658187289,
              -0.34196294674386446
            ],
            [
              162.08447049816888,
              -0.44350452449983513
            ],
            [
              162.00762206065002,
              -0.10855992685395643
            ],
            [
              161.7148441124728,
              -0.08046065886418412
            ],
            [
              161.8591848396555,
              0.13236201011528606
            ],
            [
              162.11768797526926,
              0.23933012840159468
            ]
          ]
        ]
      },
      "id": "193b4bc9-32e5-41f2-88d9-d82bd19d3682"
    },
    {
      "type": "Feature",
      "properties": {
        "id": "1e02c13a-7bcc-4813-8bb9-b0c5afbb9974",
        "name": "sketch144-3"
      },
      "geometry": {
        "type": "Polygon",
        "coordinates": [
          [
            [
              136.1549485491856,
              12.142228341919326
            ],
            [
              136.13290479954767,
              11.875834786660155
            ],
            [
              136.12045038266493,
              11.773698152014912
            ],
            [
              136.09487434261834,
              11.702903329512724
            ],
            [
              136.01811368691068,
              11.43001087208846
            ],
            [
              135.8066904581777,
              11.631987742095193
            ],
            [
              135.60916981857955,
              11.578800810687289
            ],
            [
              135.87891188119403,
              11.83012942588616
            ],
            [
              135.92476647484173,
              11.834464814831799
            ],
            [
              136.00179107091438,
              11.818622199507914
            ],
            [
              136.1549485491856,
              12.142228341919326
            ]
          ]
        ]
      },
      "id": "1e02c13a-7bcc-4813-8bb9-b0c5afbb9974"
    }
  ],
  "bbox": [
    135.08504411582823,
    -0.44350452449983513,
    162.3839658187289,
    12.142228341919326
  ]
}
