{
  "type": "FeatureCollection",
  "features": [
    {
      "type": "Feature",
      "properties": {
        "id": "59223077-1ea5-403c-93e3-9bb8984cea19",
        "name": "sketch40-0"
      },
      "geometry": {
        "type": "Polygon",
        "coordinates": [
          [
            [
              139.172086852535,
              0.5915948378801255
            ],
            [
              138.88398304702818,
              0.3444044440701319
            ],
            [
              138.89246521305733,
              0.3317111558925224
            ],
            [
              139.10530318345255,
              -0.009827756731861426
            ],
            [
              139.07315918402907,
              0.0316190060295119
            ],
            [
              138.7967804913501,
              -0.07588138672021005
            ],
            [
              138.69922342182082,
              0.08428291895922913
            ],
            [
              138.5947133068549,
              0.2576196449385185
            ],
            [
              138.45621776033084,
              0.43097494390149754
            ],
            [
              138.86650768146697,
              0.34964316186556627
            ],
            [
              139.172086852535,
              0.5915948378801255
            ]
          ]
        ]
      },
      "id": "59223077-1ea5-403c-93e3-9bb8984cea19"
    },
    {
      "type": "Feature",
      "properties": {
        "id": "884290fe-a8b0-4d0a-80cc-bff2e6f9b2cb",
        "name": "sketch40-1"
      },
      "geometry": {
        "type": "Polygon",
        "coordinates": [
          [
            [
              145.26827676636708,
              7.451599267555234
            ],
            [
              145.45150226720406,
              7.457468774764299
            ],
            [
              145.53364823323494,
              7.1619880199075325
            ],
            [
              145.45729076703748,
              7.0795827999055
            ],
            [
              145.2424313820814,
              7.1104854755391464
            ],
            [
              144.98066935775105,
              6.849788371840988
            ],
            [
              144.86560800269578,
              7.040059886087159
            ],
            [
              144.7243495804214,
              7.110871382509622
            ],
            [
              144.79889440255354,
              7.203772403674746
            ],
            [
              145.00821188130016,
              7.35344854657513
            ],
            [
              145.26827676636708,
              7.451599267555234
            ]
          ]
        ]
      },
      "id": "884290fe-a8b0-4d0a-80cc-bff2e6f9b2cb"
    },
    {
      "type": "Feature",
      "properties": {
        "id": "591c5994-979c-417a-9feb-dd9df2051670",
        "name": "sketch40-2"
      },
      "geometry": {
        "type": "Polygon",
        "coordinates": [
          [
            [
              142.83802074001977,
              4.874656409041419
            ],
            [
              142.70938125720184,
              4.6511603124906555
            ],
            [
              143.027876490458,
              4.622996432942844
            ],
            [
              142.83561907477997,
              4.535052030607713
            ],
            [
              142.7273794166387,
              4.537486851819912
            ],
            [
              142.69704152589097,
              4.443484405047992
            ],
            [
              142.57930105984383,
              4.119207231533355
            ],
            [
              142.5154495917265,
              4.181024007058066
            ],
            [
              142.39915424678549,
              4.271667469341428
            ],
            [
              142.31429394036078,
              4.890157326709149
            ],
            [
              142.83802074001977,
              4.874656409041419
            ]
          ]
        ]
      },
      "id": "591c5994-979c-417a-9feb-dd9df2051670"
    },
    {
      "type": "Feature",
      "properties": {
        "id": "fcb49ed9-a175-4b22-a04c-c7225025d4cf",
        "name": "sketch40-3"
      },
      "geometry": {
        "type": "Polygon",
        "coordinates": [
          [
            [
              145.392037065994,
              10.585604864918135
            ],
            [
              145.5483575602023,
              10.436468593722898
            ],
            [
              145.44616325879477,
              10.29620656312597
            ],
            [
              145.4125256109293,
              10.229170877762815
            ],
            [
              145.3239637614069,
              9.989718758504441
            ],
            [
              145.07191310435775,
              9.956205726675035
            ],
            [
              144.93500748919695,
              10.314311657229783
            ],
            [
              144.7667319744122,
              10.367384882374125
            ],
            [
              145.13002695460239,
              10.489619774242467
            ],
            [
              145.21419549788942,
              10.468113392505856
            ],
            [
              145.392037065994,
              10.585604864918135
            ]
          ]
        ]
      },
      "id": "fcb49ed9-a175-4b22-a04c-c7225025d4cf"
    },
    {
      "type": "Feature",
      "properties": {
        "id": "7da7e15f-a026-46ce-ac74-6f61200fdd02",
        "name": "sketch40-4"
      },
      "geometry": {
        "type": "Polygon",
        "coordinates": [
          [
            [
              136.54977824119064,
              2.697347516788536
            ],
            [
              136.82435466067318,
              2.9909071323179144
            ],
            [
              136.7617356623834,
              2.7456108223009035
            ],
            [
              137.00758601014937,
              2.725648631493378
            ],
            [
              136.77599372910407,
              2.633662630942732
            ],
            [
              136.6829955313636,
              2.5099119604967703
            ],
            [
              136.56577892841526,
              2.1963355911232303
            ],
            [
              136.39817237800148,
              2.505109204119427
            ],
            [
              136.50401639844821,
              2.668069999025603
            ],
            [
              136.4051289848445,
              2.8068467541101425
            ],
            [
              136.54977824119064,
              2.697347516788536
            ]
          ]
        ]
      },
      "id": "7da7e15f-a026-46ce-ac74-6f61200fdd02"
    },
    {
      "type": "Feature",
      "properties": {
        "id": "51bf18dc-69d0-41e8-b455-f785d94e9dac",
        "name": "sketch40-5"
      },
      "geometry": {
        "type": "Polygon",
        "coordinates": [
          [
            [
              147.68728245860947,
              12.875616061433451
            ],
            [
              147.82786155763588,
              12.66167563682177
            ],
            [
              148.0616661040393,
              12.59483136425677
            ],
            [
              147.9928259981076,
              12.285048595692743
            ],
            [
              147.83021191238396,
              12.09000190413341
            ],
            [
              147.5446914847601,
              12.151802760909245
            ],
            [
              147.56064424581612,
              12.351277401077134
            ],
            [
              147.27728438406112,
              12.333122916291648
            ],
            [
              147.5808154902485,
              12.503278423964138
            ],
            [
              147.51609638997195,
              12.825827970746122
            ],
            [
              147.68728245860947,
              12.875616061433451
            ]
          ]
        ]
      },
      "id": "51bf18dc-69d0-41e8-b455-f785d94e9dac"
    },
    {
      "type": "Feature",
      "properties": {
        "id": "f7c86bd7-2f7d-4936-abfb-1f80e227c94c",
        "name": "sketch40-6"
      },
      "geometry": {
        "type": "Polygon",
        "coordinates": [
          [
            [
              165.11185094185583,
              7.194047382187639
            ],
            [
              165.3977548895009,
              7.248800455802888
            ],
            [
              165.3681624621157,
              6.972288076229969
            ],
            [
              165.09395870303902,
              6.955448483885395
            ],
            [
              165.05984239689113,
              6.815327922001713
            ],
            [
              165.04047956846563,
              7.1160544110766795
            ],
            [
              164.74109745986829,
              7.2112752747497675
            ],
            [
              165.06464432240577,
              7.141998282921423
            ],
            [
              164.86751635983606,
              7.481604841280402
            ],
            [
              165.06419211619584,
              7.327539416589581
            ],
            [
              165.11185094185583,
              7.194047382187639
            ]
          ]
        ]
      },
      "id": "f7c86bd7-2f7d-4936-abfb-1f80e227c94c"
    },
    {
      "type": "Feature",
      "properties": {
        "id": "e8c4b29e-ceb3-4324-91d5-730ebedfc8f9",
        "name": "sketch40-7"
      },
      "geometry": {
        "type": "Polygon",
        "coordinates": [
          [
            [
              142.71132178583264,
              6.304833184313751
            ],
            [
              143.05127832731216,
              6.4007216779407985
            ],
            [
              143.06698496420054,
              6.226857829284138
            ],
            [
              142.81793614934855,
              6.206826700425093
            ],
            [
              142.7632997889366,
              5.946646235541974
            ],
            [
              142.73449427616512,
              5.928810843657918
            ],
            [
              142.51266881487206,
              6.147813677478134
            ],
            [
              142.6196734067551,
              6.2541807854316565
            ],
            [
              142.58089046812347,
              6.395382586826752
            ],
            [
              142.67935100955847,
              6.444378183250595
            ],
            [
              142.71132178583264,
              6.304833184313751
            ]
          ]
        ]
      },
      "id": "e8c4b29e-ceb3-4324-91d5-730ebedfc8f9"
    },
    {
      "type": "Feature",
      "properties": {
        "id": "3f9aee11-e9e6-43b2-96cb-3195f4b17516",
        "name": "sketch40-8"
      },
      "geometry": {
        "type": "Polygon",
        "coordinates": [
          [
            [
              148.36944483741115,
              5.416569949063109
            ],
            [
              148.71481458214873,
              5.4080274923177365
            ],
            [
              148.72259929772994,
              5.053625387095014
            ],
            [
              148.43113700053286,
              4.929666067498184
            ],
            [
              148.48953327495434,
              4.748741106993693
            ],
            [
              148.2746774468401,
              4.722895967928917
            ],
            [
              148.03721889877718,
              4.867133450245536
            ],
            [
              148.2782148555325,
              5.104875137955212
            ],
            [
              148.23441091147268,
              5.128312607199113
            ],
            [
              148.04178735210678,
              5.440537557234114
            ],
            [
              148.36944483741115,
              5.416569949063109
            ]
          ]
        ]
      },
      "id": "3f9aee11-e9e6-43b2-96cb-3195f4b17516"
    },
    {
      "type": "Feature",
      "properties": {
        "id": "bb0cbcbc-cc0b-4c0c-9224-26219ece3a98",
        "name": "sketch40-9"
      },
      "geometry": {
        "type": "Polygon",
        "coordinates": [
          [
            [
              142.92933750773767,
              12.70628857763095
            ],
            [
              142.9891033120675,
              12.741373612855792
            ],
            [
              142.91917628824572,
              12.473295938413665
            ],
            [
              143.1593051770165,
              12.389501416695882
            ],
            [
              142.81290457607963,
              12.396294247510488
            ],
            [
              142.77655646533285,
              12.412044454197998
            ],
            [
              142.48606607391275,
              12.117537299142615
            ],
            [
              142.28892680574282,
              12.395238522974397
            ],
            [
              142.50223351896636,
              12.631432351100905
            ],
            [
              142.66677340011762,
              12.553189601556085
            ],
            [
              142.92933750773767,
              12.70628857763095
            ]
          ]
        ]
      },
      "id": "bb0cbcbc-cc0b-4c0c-9224-26219ece3a98"
    }
  ],
  "bbox": [
    136.39817237800148,
    -0.07588138672021005,
    165.3977548895009,
    12.875616061433451
  ]
}
