{
  "type": "FeatureCollection",
  "features": [
    {
      "type": "Feature",
      "properties": {
        "id": "f273dee2-0a1b-4cb6-9ba4-d89871334070",
        "name": "sketch266-0"
      },
      "geometry": {
        "type": "Polygon",
        "coordinates": [
          [
            [
              139.61692611552365,
              6.683473832477034
            ],
            [
              139.5544181854116,
              6.636597000969031
            ],
            [
              139.97300412205587,
              6.520944996363937
            ],
            [
              139.6028773339993,
              6.585105535427135
            ],
            [
              139.66598010180059,
              6.514812464100886
            ],
            [
              139.6899397684206,
              6.39091941323445
            ],
            [
              139.5164171258697,
              6.612988438523697
            ],
            [
              139.22551309173386,
              6.282082140997896
            ],
            [
              139.46567053410894,
              6.6294076317234385
            ],
            [
              139.45878389273807,
              6.7622285134116735
            ],
            [
              139.61692611552365,
              6.683473832477034
            ]
          ]
        ]
      },
      "id": "f273dee2-0a1b-4cb6-9ba4-d89871334070"
    },
    {
      "type": "Feature",
      "properties": {
        "id": "2f131080-8708-4ec2-9eac-17d63ac746f0",
        "name": "sketch266-1"
      },
      "geometry": {
        "type": "Polygon",
        "coordinates": [
          [
            [
              152.2613191354182,
              9.831971610871971
            ],
            [
              152.41607857402028,
              9.83754451588453
            ],
            [
              152.33141444119238,
              9.727106787491142
            ],
            [
              152.38832666627965,
              9.606086532340365
            ],
            [
              152.2579566570832,
              9.257648875544847
            ],
            [
              151.99621885182594,
              9.449636125880652
            ],
            [
              151.97304178733495,
              9.596983980080747
            ],
            [
              152.03098529966573,
              9.64506224290789
            ],
            [
              151.8583928423562,
              9.869731888191652
            ],
            [
              152.05315235761282,
              9.848831330075404
            ],
            [
              152.2613191354182,
              9.831971610871971
            ]
          ]
        ]
      },
      "id": "2f131080-8708-4ec2-9eac-17d63ac746f0"
    },
    {
      "type": "Feature",
      "properties": {
        "id": "781f8434-5695-4570-a023-17ff50a133bf",
        "name": "sketch266-2"
      },
      "geometry": {
        "type": "Polygon",
        "coordinates": [
          [
            [
              158.7801670559012,
              7.159941473432856
            ],
            [
              158.7232388372039,
              6.887677327042742
            ],
            [
              158.82474092451022,
              6.7316592080988835
            ],
            [
              159.00546091486405,
              6.524761359231156
            ],
            [
              158.86630234904743,
              6.30319817451123
            ],
            [
              158.73210208217347,
              6.5081249050735055
            ],
            [
              158.57235368957012,
              6.443264112179666
            ],
            [
              158.36296841100352,
              6.356246676216182
            ],
            [
              158.23610483328648,
              6.61688494410991
            ],
            [
              158.40982806416395,
              6.773286446118002
            ],
            [
              158.7801670559012,
              7.159941473432856
            ]
          ]
        ]
      },
      "id": "781f8434-5695-4570-a023-17ff50a133bf"
    },
    {
      "type": "Feature",
      "properties": {
        "id": "ed032ca3-f06a-4124-85de-7a4cf9af3d6e",
        "name": "sketch266-3"
      },
      "geometry": {
        "type": "Polygon",
        "coordinates": [
          [
            [
              163.66123350880628,
              -0.23426913850611114
            ],
            [
              163.49084317073897,
              -0.5525851567275808
            ],
            [
              163.5465908231588,
              -0.6395658530518484
            ],
            [
              163.38996699300628,
              -0.9068945147063706
            ],
            [
              163.2831094442741,
              -1.0200185101225803
            ],
            [
              163.3291356441792,
              -0.5434473957105732
            ],
            [
              163.01802129049307,
              -0.5443591467092509
            ],
            [
              162.93901608327556,
              -0.3860119317830474
            ],
            [
              163.16974052682627,
              -0.464837447141351
            ],
            [
              163.2777392497686,
              -0.08383655661315176
            ],
            [
              163.66123350880628,
              -0.23426913850611114
            ]
          ]
        ]
      },
      "id": "ed032ca3-f06a-4124-85de-7a4cf9af3d6e"
    },
    {
      "type": "Feature",
      "properties": {
        "id": "a9cfc204-dcf3-47cf-ae23-983163d986d3",
        "name": "sketch266-4"
      },
      "geometry": {
        "type": "Polygon",
        "coordinates": [
          [
            [
              137.20548553553803,
              3.9393524987584154
            ],
            [
              137.2595522636334,
              3.753758445226709
            ],
            [
              136.92175762620963,
              3.7385928987225325
            ],
            [
              137.12496134565708,
              3.3811456094573487
            ],
            [
              136.82165733239302,
              3.3213526793172785
            ],
            [
              136.81823689690611,
              3.623158850987498
            ],
            [
              136.6378170290287,
              3.545126961840367
            ],
            [
              136.63109043399993,
              3.7123754728315412
            ],
            [
              136.67808243523888,
              4.071630768492452
            ],
            [
              136.76466091561753,
              4.023867257918408
            ],
            [
              137.20548553553803,
              3.9393524987584154
            ]
          ]
        ]
      },
      "id": "a9cfc204-dcf3-47cf-ae23-983163d986d3"
    },
    {
      "type": "Feature",
      "properties": {
        "id": "8283b53e-5d47-4311-81f2-a7048a150ee5",
        "name": "sketch266-5"
      },
      "geometry": {
        "type": "Polygon",
        "coordinates": [
          [
            [
              135.41141316803723,
              7.443873625686201
            ],
            [
              135.4861710320478,
              7.4028446728767054
            ],
            [
              135.5398765126473,
              7.247707618584101
            ],
            [
              135.45282688964272,
              7.20623499283614
            ],
            [
              135.4630541261078,
              7.175878636885322
            ],
            [
              135.15322766408357,
              6.956343294730245
            ],
            [
              135.38005840886038,
              7.3343424121424805
            ],
            [
              135.05019166776407,
              7.238387294663482
            ],
            [
              135.0660052642854,
              7.299866946126777
            ],
            [
              135.18914435664726,
              7.5360706661130585
            ],
            [
              135.41141316803723,
              7.443873625686201
            ]
          ]
        ]
      },
      "id": "8283b53e-5d47-4311-81f2-a7048a150ee5"
    }
  ],
  "bbox": [
    135.05019166776407,
    -1.0200185101225803,
    163.66123350880628,
    9.869731888191652
  ]
}
