{
  "type": "FeatureCollection",
  "features": [
    {
      "type": "Feature",
      "properties": {
        "id": "464c93b4-6c6c-45e6-95e6-ef549bed6f48",
        "name": "sketch272-0"
      },
      "geometry": {
        "type": "Polygon",
        "coordinates": [
          [
            [
              138.49517740265173,
              12.176050947880663
            ],
            [
              138.45354753803724,
              12.12325742615317
            ],
            [
              138.3731726622613,
              11.907330003592488
            ],
            [
              138.36256945483615,
              11.571189612733876
            ],
            [
              138.04408817912696,
              11.572780010840537
            ],
            [
              138.1011079173436,
              11.775767519045406
            ],
            [
              137.95184731141114,
              11.92209536755318
            ],
            [
              138.06048441825985,
              12.087592639702237
            ],
            [
              138.23427781596163,
              12.00216330704236
            ],
            [
              138.21987211795323,
              12.119190890541994
            ],
            [
              138.49517740265173,
              12.176050947880663
            ]
          ]
        ]
      },
      "id": "464c93b4-6c6c-45e6-95e6-ef549bed6f48"
    },
    {
      "type": "Feature",
      "properties": {
        "id": "23048b4b-9f0d-402d-add9-1ed6db373147",
        "name": "sketch272-1"
      },
      "geometry": {
        "type": "Polygon",
        "coordinates": [
          [
            [
              149.0326215376789,
              10.166006603804478
            ],
            [
              149.1716631139646,
              10.222687788430681
            ],
            [
              148.9490781268207,
              9.965657264367048
            ],
            [
              148.96536575415155,
              9.926868937399444
            ],
            [
              149.0585196637731,
              9.65553133147686
            ],
            [
              148.85841518148757,
              9.419288737531518
            ],
            [
              148.60042890142512,
              9.637603580141114
            ],
            [
              148.4318317386968,
              9.94199690468012
            ],
            [
              148.72289842250493,
              10.011445281542299
            ],
            [
              148.7609012206269,
              10.044453521793686
            ],
            [
              149.0326215376789,
              10.166006603804478
            ]
          ]
        ]
      },
      "id": "23048b4b-9f0d-402d-add9-1ed6db373147"
    }
  ],
  "bbox": [
    137.95184731141114,
    9.419288737531518,
    149.1716631139646,
    12.176050947880663
  ]
}
