{
  "type": "FeatureCollection",
  "features": [
    {
      "type": "Feature",
      "properties": {
        "id": "f65619e4-f673-4b4c-a933-bd9dcc5e72e5",
        "name": "sketch386-0"
      },
      "geometry": {
        "type": "Polygon",
        "coordinates": [
          [
            [
              147.9313350562104,
              9.671293649927499
            ],
            [
              147.93610747093777,
              9.580256054662676
            ],
            [
              148.12061956237488,
              9.50584388739874
            ],
            [
              147.98519504759972,
              9.336111067552036
            ],
            [
              147.93267926358894,
              9.123906947807107
            ],
            [
              147.8102558127871,
              9.001726957855341
            ],
            [
              147.84022195718546,
              9.34631184931312
            ],
            [
              147.8643841289978,
              9.429550460419627
            ],
            [
              147.77173709826715,
              9.41917213075428
            ],
            [
              147.70216385242458,
              9.62799114190951
            ],
            [
              147.9313350562104,
              9.671293649927499
            ]
          ]
        ]
      },
      "id": "f65619e4-f673-4b4c-a933-bd9dcc5e72e5"
    },
    {
      "type": "Feature",
      "properties": {
        "id": "f8de40bd-710f-498e-854f-d2c69e557372",
        "name": "sketch386-1"
      },
      "geometry": {
        "type": "Polygon",
        "coordinates": [
          [
            [
              164.14325676050726,
              3.9229190391588142
            ],
            [
              164.30197288254288,
              3.877660544992671
            ],
            [
              164.17154643827195,
              3.864019695471723
            ],
            [
              164.14430409495702,
              3.753780278192129
            ],
            [
              164.030121760631,
              3.8092924380132196
            ],
            [
              163.75743466040993,
              3.696663247129696
            ],
            [
              164.07362332832474,
              3.9285861399383677
            ],
            [
              164.1021394319467,
              3.9437234671825108
            ],
            [
              164.0525413666079,
              4.07113387583649
            ],
            [
              163.99780456306726,
              4.233255987961541
            ],
            [
              164.14325676050726,
              3.9229190391588142
            ]
          ]
        ]
      },
      "id": "f8de40bd-710f-498e-854f-d2c69e557372"
    },
    {
      "type": "Feature",
      "properties": {
        "id": "157987bf-af40-4806-aa1b-68c7191aae2a",
        "name": "sketch386-2"
      },
      "geometry": {
        "type": "Polygon",
        "coordinates": [
          [
            [
              152.79009584564525,
              10.7434397243682
            ],
            [
              152.60936623669937,
              10.644148458494705
            ],
            [
              152.68439699794885,
              10.56797377713348
            ],
            [
              152.4733361951678,
              10.406221995646058
            ],
            [
              152.43976905081405,
              10.572728785474645
            ],
            [
              152.54263326310178,
              10.658142912394824
            ],
            [
              152.26421033263853,
              10.59936158952182
            ],
            [
              152.3890695297702,
              10.742366589938024
            ],
            [
              152.48438411630667,
              10.814649976955138
            ],
            [
              152.43785903569676,
              11.08444842531555
            ],
            [
              152.79009584564525,
              10.7434397243682
            ]
          ]
        ]
      },
      "id": "157987bf-af40-4806-aa1b-68c7191aae2a"
    },
    {
      "type": "Feature",
      "properties": {
        "id": "03bf6f65-8c16-46c5-8f2b-83b30b163792",
        "name": "sketch386-3"
      },
      "geometry": {
        "type": "Polygon",
        "coordinates": [
          [
            [
              138.95855142899714,
              13.28006739766043
            ],
            [
              139.0013642185971,
              12.982619530992658
            ],
            [
              139.15719101749505,
              12.915348410684366
            ],
            [
              139.1547010982988,
              12.75159335046522
            ],
            [
              138.91080458550647,
              12.772961550053788
            ],
            [
              138.86773390657063,
              12.740759007039282
            ],
            [
              138.75037317557562,
              12.63447524255138
            ],
            [
              138.76959802382748,
              12.791857620770738
            ],
            [
              138.7324431411346,
              12.796469162147297
            ],
            [
              138.54705631118077,
              13.012626482878257
            ],
            [
              138.95855142899714,
              13.28006739766043
            ]
          ]
        ]
      },
      "id": "03bf6f65-8c16-46c5-8f2b-83b30b163792"
    },
    {
      "type": "Feature",
      "properties": {
        "id": "f791a1a5-df07-4d7b-bc54-83b364eb0f1f",
        "name": "sketch386-4"
      },
      "geometry": {
        "type": "Polygon",
        "coordinates": [
          [
            [
              161.90969202146007,
              8.135960096583336
            ],
            [
              161.94635697676543,
              7.873321904100027
            ],
            [
              162.22471054361887,
              7.744040823462219
            ],
            [
              162.13644701447453,
              7.751819406372453
            ],
            [
              161.8612130188564,
              7.807360673428521
            ],
            [
              161.74197758445382,
              7.717121671406018
            ],
            [
              161.5369682779953,
              7.543271125218258
            ],
            [
              161.73949735648569,
              7.876061234423422
            ],
            [
              161.37730928659488,
              8.104637164366203
            ],
            [
              161.6814844158785,
              7.947368249819467
            ],
            [
              161.90969202146007,
              8.135960096583336
            ]
          ]
        ]
      },
      "id": "f791a1a5-df07-4d7b-bc54-83b364eb0f1f"
    },
    {
      "type": "Feature",
      "properties": {
        "id": "a342891a-62a1-46ec-a70d-c0f7097271b3",
        "name": "sketch386-5"
      },
      "geometry": {
        "type": "Polygon",
        "coordinates": [
          [
            [
              156.19955303609677,
              12.323663333243374
            ],
            [
              156.48805282171492,
              12.403122016370174
            ],
            [
              156.5632938769272,
              12.133557635958496
            ],
            [
              156.240709470466,
              12.168991771528264
            ],
            [
              156.11934977678135,
              12.054692346041353
            ],
            [
              156.1136776127125,
              12.116696596161114
            ],
            [
              156.09927522109786,
              12.195700896504432
            ],
            [
              155.84050503725172,
              12.153339534954629
            ],
            [
              156.14071012999835,
              12.289372249546805
            ],
            [
              155.99199210613457,
              12.47741841654597
            ],
            [
              156.19955303609677,
              12.323663333243374
            ]
          ]
        ]
      },
      "id": "a342891a-62a1-46ec-a70d-c0f7097271b3"
    }
  ],
  "bbox": [
    138.54705631118077,
    3.696663247129696,
    164.30197288254288,
    13.28006739766043
  ]
}
