{
  "type": "FeatureCollection",
  "features": [
    {
      "type": "Feature",
      "properties": {
        "id": "66902644-f85d-42ef-a0fc-d6427d205262",
        "name": "sketch377-0"
      },
      "geometry": {
        "type": "Polygon",
        "coordinates": [
          [
            [
              141.32755603885357,
              7.237447983562676
            ],
            [
              141.44582928483692,
              7.411296803306713
            ],
            [
              141.5972228833962,
              7.4667697739635095
            ],
            [
              141.33873070697504,
              7.1482636117932525
            ],
            [
              141.35942070414222,
              7.126735809795354
            ],
            [
              141.27556702265767,
              7.096441584274636
            ],
            [
              141.01988596751468,
              6.879404836666624
            ],
            [
              141.05294610680545,
              6.924285375268707
            ],
            [
              140.82335503971882,
              7.241028691086152
            ],
            [
              140.91811175766944,
              7.354620626939757
            ],
            [
              141.32755603885357,
              7.237447983562676
            ]
          ]
        ]
      },
      "id": "66902644-f85d-42ef-a0fc-d6427d205262"
    },
    {
      "type": "Feature",
      "properties": {
        "id": "d7194174-6e78-45be-be7c-bf28fd6f8c15",
        "name": "sketch377-1"
      },
      "geometry": {
        "type": "Polygon",
        "coordinates": [
          [
            [
              144.82595497348586,
              11.440504041653524
            ],
            [
              145.1008810376494,
              11.668171398041537
            ],
            [
              145.2622645981402,
              11.472823883919855
            ],
            [
              144.8604815309976,
              11.333471416320196
            ],
            [
              145.03623130163692,
              11.036053801775417
            ],
            [
              144.9074132895902,
              11.123268543609402
            ],
            [
              144.69400865989732,
              11.08139362032947
            ],
            [
              144.64399991874558,
              11.364753947467378
            ],
            [
              144.5859079556157,
              11.487881978985389
            ],
            [
              144.52003486246264,
              11.592508889932065
            ],
            [
              144.82595497348586,
              11.440504041653524
            ]
          ]
        ]
      },
      "id": "d7194174-6e78-45be-be7c-bf28fd6f8c15"
    },
    {
      "type": "Feature",
      "properties": {
        "id": "87c52708-9196-403d-b636-fa75f2241b5a",
        "name": "sketch377-2"
      },
      "geometry": {
        "type": "Polygon",
        "coordinates": [
          [
            [
              147.7010174514174,
              10.368703576816253
            ],
            [
              147.78760811755643,
              10.293154912911218
            ],
            [
              147.69008696757365,
              10.246535157585159
            ],
            [
              147.80207489258055,
              10.149018468069466
            ],
            [
              147.83795048384937,
              10.00394997107708
            ],
            [
              147.67668011145676,
              9.795604433793887
            ],
            [
              147.37694795531897,
              9.876126913973174
            ],
            [
              147.5569509735681,
              10.254704322961844
            ],
            [
              147.6303113632804,
              10.275073472008259
            ],
            [
              147.5037604520269,
              10.507590472697999
            ],
            [
              147.7010174514174,
              10.368703576816253
            ]
          ]
        ]
      },
      "id": "87c52708-9196-403d-b636-fa75f2241b5a"
    },
    {
      "type": "Feature",
      "properties": {
        "id": "a3fa7bcf-9825-4a51-b7ae-34ca180e9499",
        "name": "sketch377-3"
      },
      "geometry": {
        "type": "Polygon",
        "coordinates": [
          [
            [
              156.11997761380317,
              2.7545022421837593
            ],
            [
              156.43678384524998,
              2.843913576628708
            ],
            [
              156.26306479539394,
              2.607011110128063
            ],
            [
              156.23525084564002,
              2.202382233504618
            ],
            [
              156.07723997887751,
              2.2240857252194064
            ],
            [
              156.0335282494026,
              2.5918753431336907
            ],
            [
              155.8317369273102,
              2.5544725898988836
            ],
            [
              155.89348643292686,
              2.7000900575451174
            ],
            [
              155.87725526826856,
              2.831269325821931
            ],
            [
              156.0238324951203,
              3.0967929690184084
            ],
            [
              156.11997761380317,
              2.7545022421837593
            ]
          ]
        ]
      },
      "id": "a3fa7bcf-9825-4a51-b7ae-34ca180e9499"
    },
    {
      "type": "Feature",
      "properties": {
        "id": "4f4da4b6-04ab-480d-9290-1ecb4ac5c531",
        "name": "sketch377-4"
      },
      "geometry": {
        "type": "Polygon",
        "coordinates": [
          [
            [
              165.15880931012168,
              12.643246050318636
            ],
            [
              165.0424365209871,
              12.38580886993331
            ],
            [
              165.15859454529422,
              12.309407189295063
            ],
            [
              165.06504975956014,
              12.273631860680133
            ],
            [
              165.01869422416218,
              12.350510112952104
            ],
            [
              164.88210949963624,
              11.897704926426412
            ],
            [
              164.67801006407421,
              12.120246189137166
            ],
            [
              164.92698884014834,
              12.347256539482718
            ],
            [
              164.93855791102393,
              12.407584442258756
            ],
            [
              164.69571958083418,
              12.699681978272713
            ],
            [
              165.15880931012168,
              12.643246050318636
            ]
          ]
        ]
      },
      "id": "4f4da4b6-04ab-480d-9290-1ecb4ac5c531"
    },
    {
      "type": "Feature",
      "properties": {
        "id": "167889b2-7cfb-40f6-b45a-d6c601adc209",
        "name": "sketch377-5"
      },
      "geometry": {
        "type": "Polygon",
        "coordinates": [
          [
            [
              163.05111894631233,
              2.3796616866227627
            ],
            [
              163.1757446183838,
              2.086586101628684
            ],
            [
              162.819740666689,
              2.2048171935241805
            ],
            [
              162.85599663847583,
              2.0152777381350404
            ],
            [
              162.69117423304883,
              2.1626278076400074
            ],
            [
              162.25520491684344,
              2.2270269511048997
            ],
            [
              162.2659398225987,
              2.4363189582563685
            ],
            [
              162.39635064335712,
              2.4254243985603265
            ],
            [
              162.62277498477582,
              2.5589866430594213
            ],
            [
              162.63755845771985,
              2.6874879106780325
            ],
            [
              163.05111894631233,
              2.3796616866227627
            ]
          ]
        ]
      },
      "id": "167889b2-7cfb-40f6-b45a-d6c601adc209"
    },
    {
      "type": "Feature",
      "properties": {
        "id": "1d66ed5b-ceff-4d5a-add7-1a4b36917831",
        "name": "sketch377-6"
      },
      "geometry": {
        "type": "Polygon",
        "coordinates": [
          [
            [
              142.26297821658434,
              3.491504255807933
            ],
            [
              142.15657481642765,
              3.3949651253810034
            ],
            [
              142.24721185907654,
              3.054686650157567
            ],
            [
              141.89312002235073,
              2.8563730362510062
            ],
            [
              141.68607180734494,
              3.0765048325944204
            ],
            [
              141.75587265777892,
              3.2193979207322547
            ],
            [
              141.6160214465849,
              3.3573286610943662
            ],
            [
              141.6467720622915,
              3.4144237392822983
            ],
            [
              141.53776626033175,
              3.603436312004234
            ],
            [
              141.8844011929246,
              3.327896801408463
            ],
            [
              142.26297821658434,
              3.491504255807933
            ]
          ]
        ]
      },
      "id": "1d66ed5b-ceff-4d5a-add7-1a4b36917831"
    }
  ],
  "bbox": [
    140.82335503971882,
    2.0152777381350404,
    165.15880931012168,
    12.699681978272713
  ]
}
