{
  "type": "FeatureCollection",
  "features": [
    {
      "type": "Feature",
      "properties": {
        "id": "ce753681-ee81-436b-a85a-d5c968d4558a",
        "name": "sketch60-0"
      },
      "geometry": {
        "type": "Polygon",
        "coordinates": [
          [
            [
              160.53217534861537,
              11.323471974068962
            ],
            [
              160.74362293429297,
              11.111170391317241
            ],
            [
              160.30223041903412,
              11.109251580458237
            ],
            [
              160.47727387212757,
              10.7353926021296
            ],
            [
              160.20080904199756,
              10.812207340682027
            ],
            [
              160.1786994936799,
              10.95485033328812
            ],
            [
              160.1947002509586,
              11.08984909943486
            ],
            [
              159.98651898764183,
              11.209783143090347
            ],
            [
              160.2499523075062,
              11.13961187101174
            ],
            [
              160.13922120444605,
              11.535659570329164
            ],
            [
              160.53217534861537,
              11.323471974068962
            ]
          ]
        ]
      },
      "id": "ce753681-ee81-436b-a85a-d5c968d4558a"
    },
    {
      "type": "Feature",
      "properties": {
        "id": "f39ffa24-f1c8-4253-aebc-e2e0c945cc5c",
        "name": "sketch60-1"
      },
      "geometry": {
        "type": "Polygon",
        "coordinates": [
          [
            [
              148.75440731854994,
              9.05124359175369
            ],
            [
              149.13547244794438,
              8.977242293885293
            ],
            [
              148.90401712790106,
              8.680898586161279
            ],
            [
              148.79136233417182,
              8.745364475921185
            ],
            [
              148.84363646485528,
              8.534534417940215
            ],
            [
              148.68128395261482,
              8.730903023270786
            ],
            [
              148.63608979048976,
              8.824133499730884
            ],
            [
              148.45493039392844,
              8.832420079476924
            ],
            [
              148.49199870919594,
              8.988595568263852
            ],
            [
              148.63047660113372,
              9.001465249929431
            ],
            [
              148.75440731854994,
              9.05124359175369
            ]
          ]
        ]
      },
      "id": "f39ffa24-f1c8-4253-aebc-e2e0c945cc5c"
    },
    {
      "type": "Feature",
      "properties": {
        "id": "fc49bf16-6283-4d1e-a866-3239be0f7fb4",
        "name": "sketch60-2"
      },
      "geometry": {
        "type": "Polygon",
        "coordinates": [
          [
            [
              146.30204920883403,
              12.004780268300884
            ],
            [
              146.15107499869495,
              11.772883728997314
            ],
            [
              146.26034258867907,
              11.717690305851919
            ],
            [
              146.23929066729062,
              11.518546165538293
            ],
            [
              146.10906342412994,
              11.673050899914049
            ],
            [
              145.90421106954514,
              11.594198917214337
            ],
            [
              145.87350094509185,
              11.814862021646794
            ],
            [
              146.07565342447717,
              11.740814847422705
            ],
            [
              146.0386072895567,
              12.0072411365619
            ],
            [
              146.07049302369268,
              12.165559382132383
            ],
            [
              146.30204920883403,
              12.004780268300884
            ]
          ]
        ]
      },
      "id": "fc49bf16-6283-4d1e-a866-3239be0f7fb4"
    },
    {
      "type": "Feature",
      "properties": {
        "id": "f5a1300a-e00d-4db9-a123-3b5e0bc11bc5",
        "name": "sketch60-3"
      },
      "geometry": {
        "type": "Polygon",
        "coordinates": [
          [
            [
              151.95895817663893,
              9.808863383494225
            ],
            [
              152.1000996261725,
              9.918918264774621
            ],
            [
              152.15724147074118,
              9.635525661372503
            ],
            [
              151.9614136615843,
              9.625533119527313
            ],
            [
              152.36382122310107,
              9.44039778611812
            ],
            [
              152.0208560530752,
              9.162190183079241
            ],
            [
              151.83919189132456,
              9.44220381644538
            ],
            [
              151.82726822106073,
              9.51118982831606
            ],
            [
              151.4945790890881,
              9.72883150416526
            ],
            [
              151.7686239875195,
              10.089806426646462
            ],
            [
              151.95895817663893,
              9.808863383494225
            ]
          ]
        ]
      },
      "id": "f5a1300a-e00d-4db9-a123-3b5e0bc11bc5"
    },
    {
      "type": "Feature",
      "properties": {
        "id": "973ef5a7-c800-41f3-8659-2634cf9f3e7c",
        "name": "sketch60-4"
      },
      "geometry": {
        "type": "Polygon",
        "coordinates": [
          [
            [
              153.22091238435002,
              3.562643372692649
            ],
            [
              153.3571408095417,
              3.409087134215307
            ],
            [
              153.18019527663836,
              3.3144795944141787
            ],
            [
              153.3347611489933,
              3.111174780448289
            ],
            [
              153.1644089105072,
              2.9919629166054125
            ],
            [
              153.16850840617454,
              3.3113996539217703
            ],
            [
              152.88667528454693,
              3.2893338921865483
            ],
            [
              152.8236303914066,
              3.3162831102138175
            ],
            [
              153.15353785989262,
              3.3222901279630523
            ],
            [
              153.11838988813983,
              3.4712264599473444
            ],
            [
              153.22091238435002,
              3.562643372692649
            ]
          ]
        ]
      },
      "id": "973ef5a7-c800-41f3-8659-2634cf9f3e7c"
    },
    {
      "type": "Feature",
      "properties": {
        "id": "71b15587-5732-4ed9-882e-0428c39f39b0",
        "name": "sketch60-5"
      },
      "geometry": {
        "type": "Polygon",
        "coordinates": [
          [
            [
              158.41879568379605,
              7.10052755088756
            ],
            [
              158.50263411735247,
              7.144814126992313
            ],
            [
              158.5077081935535,
              7.016877644757955
            ],
            [
              158.4635433816506,
              6.828365865919719
            ],
            [
              158.42299620756134,
              6.710320741441613
            ],
            [
              158.23317386730207,
              6.790457458877608
            ],
            [
              158.1271220658943,
              6.72917381183259
            ],
            [
              158.04864392237718,
              6.904325734805854
            ],
            [
              157.96142619001648,
              7.146778691622935
            ],
            [
              158.13692465100422,
              7.135214577302183
            ],
            [
              158.41879568379605,
              7.10052755088756
            ]
          ]
        ]
      },
      "id": "71b15587-5732-4ed9-882e-0428c39f39b0"
    },
    {
      "type": "Feature",
      "properties": {
        "id": "abbb209e-fb94-4e80-a985-c8915c9b9ac9",
        "name": "sketch60-6"
      },
      "geometry": {
        "type": "Polygon",
        "coordinates": [
          [
            [
              142.09189379861363,
              2.960192001399803
            ],
            [
              142.4827153878461,
              2.985729499500233
            ],
            [
              142.54274707236593,
              2.670268966510369
            ],
            [
              142.07950047932752,
              2.780716126191368
            ],
            [
              142.14608808466818,
              2.381534961557487
            ],
            [
              142.0293425107289,
              2.7348050043778973
            ],
            [
              141.9546886106232,
              2.648603370510227
            ],
            [
              141.96593872249113,
              2.7865939631450694
            ],
            [
              141.83627161619825,
              3.2324799190785822
            ],
            [
              142.01106598052198,
              2.9822594018320823
            ],
            [
              142.09189379861363,
              2.960192001399803
            ]
          ]
        ]
      },
      "id": "abbb209e-fb94-4e80-a985-c8915c9b9ac9"
    },
    {
      "type": "Feature",
      "properties": {
        "id": "0892a238-2312-4172-be36-015fa2ffc484",
        "name": "sketch60-7"
      },
      "geometry": {
        "type": "Polygon",
        "coordinates": [
          [
            [
              154.897522311191,
              8.906814471710543
            ],
            [
              154.96837830926785,
              8.789327550107338
            ],
            [
              154.95092928270037,
              8.702598623861457
            ],
            [
              155.2536850746573,
              8.445270864769354
            ],
            [
              154.82717973240995,
              8.317291497950729
            ],
            [
              154.7502343513891,
              8.644023942002379
            ],
            [
              154.55254171166484,
              8.685616646867913
            ],
            [
              154.69984795236428,
              8.721450096127358
            ],
            [
              154.69681103665482,
              8.8266576406765
            ],
            [
              154.62411957338676,
              8.937711920737504
            ],
            [
              154.897522311191,
              8.906814471710543
            ]
          ]
        ]
      },
      "id": "0892a238-2312-4172-be36-015fa2ffc484"
    },
    {
      "type": "Feature",
      "properties": {
        "id": "2ce71029-ee1d-4110-b179-08f49b5cdcaf",
        "name": "sketch60-8"
      },
      "geometry": {
        "type": "Polygon",
        "coordinates": [
          [
            [
              156.33239253187938,
              8.56932455806079
            ],
            [
              156.42382142552526,
              8.480629661805862
            ],
            [
              156.20740174965866,
              8.463395498136942
            ],
            [
              156.18537361788728,
              8.150727826687799
            ],
            [
              156.06578485825065,
              7.971796485510801
            ],
            [
              155.88657473027354,
              8.169853714616952
            ],
            [
              155.87054596337367,
              8.44567592314501
            ],
            [
              156.04799521667368,
              8.473312410156796
            ],
            [
              155.92012987741504,
              8.614376151551399
            ],
            [
              155.9110642990808,
              8.830971807817232
            ],
            [
              156.33239253187938,
              8.56932455806079
            ]
          ]
        ]
      },
      "id": "2ce71029-ee1d-4110-b179-08f49b5cdcaf"
    },
    {
      "type": "Feature",
      "properties": {
        "id": "e615687d-926d-45a0-a027-53f1d6613db3",
        "name": "sketch60-9"
      },
      "geometry": {
        "type": "Polygon",
        "coordinates": [
          [
            [
              153.29326787160213,
              10.984728364377318
            ],
            [
              153.38830138880058,
              10.780672202698918
            ],
            [
              153.7325628732064,
              10.500142103459703
            ],
            [
              153.32490079182483,
              10.376251995790225
            ],
            [
              153.20794716873928,
              10.61588612980044
            ],
            [
              152.823235961983,
              10.646104507681823
            ],
            [
              152.87868220874077,
              10.654614413927307
            ],
            [
              153.2010533494576,
              10.667317067465932
            ],
            [
              153.16737207163632,
              10.715496094483283
            ],
            [
              152.93784971497794,
              10.892855378314172
            ],
            [
              153.29326787160213,
              10.984728364377318
            ]
          ]
        ]
      },
      "id": "e615687d-926d-45a0-a027-53f1d6613db3"
    }
  ],
  "bbox": [
    141.83627161619825,
    2.381534961557487,
    160.74362293429297,
    12.165559382132383
  ]
}
