{
  "type": "FeatureCollection",
  "features": [
    {
      "type": "Feature",
      "properties": {
        "id": "552012d6-739b-458c-a77e-7293415151fb",
        "name": "sketch354-0"
      },
      "geometry": {
        "type": "Polygon",
        "coordinates": [
          [
            [
              142.54688623524578,
              7.373408493939867
            ],
            [
              142.5361861723272,
              7.110474180646432
            ],
            [
              142.46494300479011,
              7.117793870476313
            ],
            [
              142.278601810789,
              6.755003382751052
            ],
            [
              142.2810001177251,
              6.900575139530016
            ],
            [
              142.22348057811467,
              6.879176185998563
            ],
            [
              142.17594437948844,
              6.859926547909474
            ],
            [
              142.00730442424396,
              6.977720077891265
            ],
            [
              142.09017110839957,
              7.222623594757309
            ],
            [
              142.41069618190423,
              7.174499949047179
            ],
            [
              142.54688623524578,
              7.373408493939867
            ]
          ]
        ]
      },
      "id": "552012d6-739b-458c-a77e-7293415151fb"
    },
    {
      "type": "Feature",
      "properties": {
        "id": "72bfaea6-5b61-4c91-b837-a143c9922601",
        "name": "sketch354-1"
      },
      "geometry": {
        "type": "Polygon",
        "coordinates": [
          [
            [
              141.31317850554643,
              -0.8128977031478244
            ],
            [
              141.53194472266668,
              -1.0214565362959511
            ],
            [
              141.26465123855252,
              -1.1730960077115862
            ],
            [
              141.25949772547582,
              -1.2209720411945781
            ],
            [
              140.9646127862357,
              -1.52549183285273
            ],
            [
              141.0437039946476,
              -1.3051602538271352
            ],
            [
              140.88086287458964,
              -1.4554946752755515
            ],
            [
              140.80266749733227,
              -1.4144854205553354
            ],
            [
              140.9290397600238,
              -1.2754922642416053
            ],
            [
              140.80263364354352,
              -0.8832414832887275
            ],
            [
              141.31317850554643,
              -0.8128977031478244
            ]
          ]
        ]
      },
      "id": "72bfaea6-5b61-4c91-b837-a143c9922601"
    },
    {
      "type": "Feature",
      "properties": {
        "id": "8e60e1b9-3492-4928-8ef9-60d7f96e2622",
        "name": "sketch354-2"
      },
      "geometry": {
        "type": "Polygon",
        "coordinates": [
          [
            [
              158.03267726105605,
              3.9297541691721944
            ],
            [
              158.32007612045933,
              4.258478125564908
            ],
            [
              158.40867117839767,
              4.064173495899918
            ],
            [
              158.4150456555313,
              3.78370514349732
            ],
            [
              158.1914079910684,
              3.6239475537079002
            ],
            [
              158.00625773327263,
              3.850090129536864
            ],
            [
              157.92087571725085,
              3.664138123008734
            ],
            [
              157.9107090709771,
              3.817192481519514
            ],
            [
              157.53225978059302,
              3.964745776506682
            ],
            [
              157.95895972007372,
              3.9171387518778045
            ],
            [
              158.03267726105605,
              3.9297541691721944
            ]
          ]
        ]
      },
      "id": "8e60e1b9-3492-4928-8ef9-60d7f96e2622"
    },
    {
      "type": "Feature",
      "properties": {
        "id": "3dc2f7df-03f0-487d-b795-9ab82aa65cc6",
        "name": "sketch354-3"
      },
      "geometry": {
        "type": "Polygon",
        "coordinates": [
          [
            [
              155.8198265169993,
              3.388020415123481
            ],
            [
              155.9194447828012,
              3.6362345153856936
            ],
            [
              155.88820783848485,
              3.303909830944985
            ],
            [
              155.794945404813,
              3.2915307416637494
            ],
            [
              156.03302259870236,
              2.994881185285532
            ],
            [
              155.76910696168355,
              2.9605899160976663
            ],
            [
              155.62288039186583,
              2.9588252686790817
            ],
            [
              155.30909454737514,
              3.245984232257618
            ],
            [
              155.49481360991493,
              3.377967720743964
            ],
            [
              155.66240943622049,
              3.375655875220805
            ],
            [
              155.8198265169993,
              3.388020415123481
            ]
          ]
        ]
      },
      "id": "3dc2f7df-03f0-487d-b795-9ab82aa65cc6"
    }
  ],
  "bbox": [
    140.80263364354352,
    -1.52549183285273,
    158.4150456555313,
    7.373408493939867
  ]
}
