{
  "type": "FeatureCollection",
  "features": [
    {
      "type": "Feature",
      "properties": {
        "id": "91a1c4a5-da72-436e-8b7a-199a9c0d276f",
        "name": "sketch87-0"
      },
      "geometry": {
        "type": "Polygon",
        "coordinates": [
          [
            [
              165.1595276132418,
              2.9350306041447105
            ],
            [
              165.23727742243977,
              2.7193515220192617
            ],
            [
              165.19287627675712,
              2.687273574382017
            ],
            [
              164.82539195759404,
              2.679703867654457
            ],
            [
              164.47835560896675,
              2.340578588546406
            ],
            [
              164.40593203916123,
              2.6186932670177168
            ],
            [
              164.52217095140085,
              3.025278712312157
            ],
            [
              164.69761452569773,
              2.8315795235103405
            ],
            [
              164.6959017410592,
              2.9895991246607188
            ],
            [
              164.73142732923898,
              3.1351446787086155
            ],
            [
              165.1595276132418,
              2.9350306041447105
            ]
          ]
        ]
      },
      "id": "91a1c4a5-da72-436e-8b7a-199a9c0d276f"
    },
    {
      "type": "Feature",
      "properties": {
        "id": "191b2c7e-3b73-4a41-961e-22981a72728a",
        "name": "sketch87-1"
      },
      "geometry": {
        "type": "Polygon",
        "coordinates": [
          [
            [
              146.32727085979835,
              7.554106553658325
            ],
            [
              146.33781527248212,
              7.398071746566475
            ],
            [
              146.39540599781765,
              7.204441483044722
            ],
            [
              146.72756022563183,
              7.085183201599098
            ],
            [
              146.3922819333328,
              6.927113768104094
            ],
            [
              146.21338123429197,
              6.8938466134854
            ],
            [
              145.96736255387125,
              7.039480754791533
            ],
            [
              146.28043518876757,
              7.167147081466501
            ],
            [
              145.81372159304414,
              7.305558979939637
            ],
            [
              146.22536255951078,
              7.418410665227193
            ],
            [
              146.32727085979835,
              7.554106553658325
            ]
          ]
        ]
      },
      "id": "191b2c7e-3b73-4a41-961e-22981a72728a"
    },
    {
      "type": "Feature",
      "properties": {
        "id": "7008b6f4-c0d7-47f8-8f58-c007eeda5f90",
        "name": "sketch87-2"
      },
      "geometry": {
        "type": "Polygon",
        "coordinates": [
          [
            [
              154.5504520784227,
              9.511047346864402
            ],
            [
              154.75793098152076,
              9.347130949425374
            ],
            [
              154.72699156005498,
              9.058940924287123
            ],
            [
              154.60939904045924,
              9.106124906553447
            ],
            [
              154.4445416609636,
              9.044425238421375
            ],
            [
              154.20858080289088,
              8.903445863258181
            ],
            [
              154.13982390106398,
              9.198553169141762
            ],
            [
              154.1500785530286,
              9.278340161744937
            ],
            [
              153.9092970122503,
              9.407545514824818
            ],
            [
              154.32462152497047,
              9.370955172040246
            ],
            [
              154.5504520784227,
              9.511047346864402
            ]
          ]
        ]
      },
      "id": "7008b6f4-c0d7-47f8-8f58-c007eeda5f90"
    },
    {
      "type": "Feature",
      "properties": {
        "id": "b3500862-c670-43c0-8f0a-80e43bef3b56",
        "name": "sketch87-3"
      },
      "geometry": {
        "type": "Polygon",
        "coordinates": [
          [
            [
              165.6259591229213,
              -0.46218425986630257
            ],
            [
              165.60306560148703,
              -0.777973372707678
            ],
            [
              165.76093726409044,
              -0.7878266066859305
            ],
            [
              165.74206629578873,
              -0.8240333707403797
            ],
            [
              165.8770357050498,
              -0.989230889988498
            ],
            [
              165.6755601785267,
              -1.1389592943520286
            ],
            [
              165.5633259654266,
              -0.8120797695789088
            ],
            [
              165.22519791889192,
              -0.9122469587857921
            ],
            [
              165.34437442350284,
              -0.7159483425610383
            ],
            [
              165.4486714761389,
              -0.7224621408491285
            ],
            [
              165.6259591229213,
              -0.46218425986630257
            ]
          ]
        ]
      },
      "id": "b3500862-c670-43c0-8f0a-80e43bef3b56"
    },
    {
      "type": "Feature",
      "properties": {
        "id": "95cdd0ad-b35d-4395-a66b-c296f09d60d1",
        "name": "sketch87-4"
      },
      "geometry": {
        "type": "Polygon",
        "coordinates": [
          [
            [
              152.4672612488709,
              12.134252449555726
            ],
            [
              152.78419278134868,
              12.336636751696354
            ],
            [
              152.63552561988953,
              12.004843587703647
            ],
            [
              152.49477297475025,
              12.009022709685931
            ],
            [
              152.39612872172773,
              12.006251186214694
            ],
            [
              152.43352096597997,
              12.083247940288091
            ],
            [
              152.05406683202244,
              12.07405819169273
            ],
            [
              151.99366764481567,
              12.218533399335163
            ],
            [
              152.36437058600745,
              12.128766803338277
            ],
            [
              152.25576715996954,
              12.51533933393554
            ],
            [
              152.4672612488709,
              12.134252449555726
            ]
          ]
        ]
      },
      "id": "95cdd0ad-b35d-4395-a66b-c296f09d60d1"
    },
    {
      "type": "Feature",
      "properties": {
        "id": "153f0d3f-528c-4752-8ae5-e5b4d7d00318",
        "name": "sketch87-5"
      },
      "geometry": {
        "type": "Polygon",
        "coordinates": [
          [
            [
              148.81672380003332,
              2.718186033438845
            ],
            [
              148.84002499923497,
              2.423103195568035
            ],
            [
              149.1591774701071,
              2.2701003973961145
            ],
            [
              148.93625276709648,
              2.171962794380937
            ],
            [
              148.86963367661286,
              1.9512321572779618
            ],
            [
              148.6196382678486,
              1.9620649160176737
            ],
            [
              148.30336438871223,
              2.01214228213089
            ],
            [
              148.19946612563535,
              2.262091651250864
            ],
            [
              148.5862532477846,
              2.336773139578606
            ],
            [
              148.64300553983196,
              2.344394596692522
            ],
            [
              148.81672380003332,
              2.718186033438845
            ]
          ]
        ]
      },
      "id": "153f0d3f-528c-4752-8ae5-e5b4d7d00318"
    },
    {
      "type": "Feature",
      "properties": {
        "id": "41d15a90-29e9-49f6-9a12-a06c2f97a72a",
        "name": "sketch87-6"
      },
      "geometry": {
        "type": "Polygon",
        "coordinates": [
          [
            [
              158.15081265762342,
              -0.1458693471767033
            ],
            [
              158.25100136172267,
              -0.3587354143469487
            ],
            [
              157.97531248352274,
              -0.3754595720138272
            ],
            [
              157.92865073838044,
              -0.6539588731327627
            ],
            [
              157.82862421661548,
              -0.7311743378533622
            ],
            [
              157.74783766072272,
              -0.44147492413020695
            ],
            [
              157.7142159158222,
              -0.3861414818798591
            ],
            [
              157.64383655600744,
              -0.27900830433139445
            ],
            [
              157.72058711868416,
              -0.09150149596665152
            ],
            [
              157.72901888602578,
              0.012281327098583483
            ],
            [
              158.15081265762342,
              -0.1458693471767033
            ]
          ]
        ]
      },
      "id": "41d15a90-29e9-49f6-9a12-a06c2f97a72a"
    }
  ],
  "bbox": [
    145.81372159304414,
    -1.1389592943520286,
    165.8770357050498,
    12.51533933393554
  ]
}
