{
  "type": "FeatureCollection",
  "features": [
    {
      "type": "Feature",
      "properties": {
        "id": "c870f52f-5a4d-46d8-b5c7-953e8b11562d",
        "name": "sketch474-0"
      },
      "geometry": {
        "type": "Polygon",
        "coordinates": [
          [
            [
              163.11120853583157,
              12.893818989983853
            ],
            [
              163.29164056057883,
              12.99183889542497
            ],
            [
              163.1886274840233,
              12.695543654584311
            ],
            [
              163.51772614555466,
              12.527465026423501
            ],
            [
              163.09932863325898,
              12.665365882699225
            ],
            [
              163.12620556244462,
              12.435724356487636
            ],
            [
              163.0736768622951,
              12.68176169489615
            ],
            [
              162.99220390884088,
              12.59725171003792
            ],
            [
              163.06518786002871,
              12.685495202440203
            ],
            [
              162.96484151044234,
              12.799040705589853
            ],
            [
              163.11120853583157,
              12.893818989983853
            ]
          ]
        ]
      },
      "id": "c870f52f-5a4d-46d8-b5c7-953e8b11562d"
    },
    {
      "type": "Feature",
      "properties": {
        "id": "e8add0ca-cb1a-4c9e-97ba-9cefd8af9b5b",
        "name": "sketch474-1"
      },
      "geometry": {
        "type": "Polygon",
        "coordinates": [
          [
            [
              149.17191117919612,
              10.298870560941715
            ],
            [
              149.11226863778728,
              10.200518005719108
            ],
            [
              149.23370818524808,
              10.190031459549756
            ],
            [
              149.43276151593068,
              10.160046339813027
            ],
            [
              148.97133469199815,
              10.180492879264646
            ],
            [
              149.03768911225848,
              10.048558207690993
            ],
            [
              148.95506126544103,
              10.148011342135609
            ],
            [
              148.84003185729588,
              10.088874178882271
            ],
            [
              148.55424039536646,
              10.363431008651272
            ],
            [
              148.91230111754354,
              10.666159351579159
            ],
            [
              149.17191117919612,
              10.298870560941715
            ]
          ]
        ]
      },
      "id": "e8add0ca-cb1a-4c9e-97ba-9cefd8af9b5b"
    },
    {
      "type": "Feature",
      "properties": {
        "id": "ee719285-46c7-43c6-ad5f-efce62129600",
        "name": "sketch474-2"
      },
      "geometry": {
        "type": "Polygon",
        "coordinates": [
          [
            [
              149.60768361974016,
              3.3601525951820066
            ],
            [
              149.53926793395368,
              3.1986324629275296
            ],
            [
              149.66916320924807,
              3.09664588660781
            ],
            [
              149.6486721975823,
              2.900706071838573
            ],
            [
              149.40954939978647,
              3.0874265886164185
            ],
            [
              149.31781039747733,
              2.865750482457244
            ],
            [
              149.39876586337041,
              3.1025719409165937
            ],
            [
              149.29749492422246,
              3.147524865904599
            ],
            [
              149.13992773984876,
              3.3432930540913546
            ],
            [
              149.2554780198338,
              3.2492306788493353
            ],
            [
              149.60768361974016,
              3.3601525951820066
            ]
          ]
        ]
      },
      "id": "ee719285-46c7-43c6-ad5f-efce62129600"
    },
    {
      "type": "Feature",
      "properties": {
        "id": "bb31f1e0-bf72-4acd-94f2-8a45caa96146",
        "name": "sketch474-3"
      },
      "geometry": {
        "type": "Polygon",
        "coordinates": [
          [
            [
              155.22319520029762,
              2.515402101874553
            ],
            [
              155.1915998203096,
              2.3830346636323365
            ],
            [
              155.28702074915765,
              2.2205765812441443
            ],
            [
              155.12876516750276,
              2.23282999106586
            ],
            [
              155.0598573599146,
              2.15236255436248
            ],
            [
              154.98875191748792,
              2.175356514540755
            ],
            [
              154.9464029170196,
              2.186569678450125
            ],
            [
              154.7249484578626,
              2.3997555937077775
            ],
            [
              154.76177536503792,
              2.498596577499862
            ],
            [
              155.05633152695543,
              2.4699349335708503
            ],
            [
              155.22319520029762,
              2.515402101874553
            ]
          ]
        ]
      },
      "id": "bb31f1e0-bf72-4acd-94f2-8a45caa96146"
    }
  ],
  "bbox": [
    148.55424039536646,
    2.15236255436248,
    163.51772614555466,
    12.99183889542497
  ]
}
