{
  "type": "FeatureCollection",
  "features": [
    {
      "type": "Feature",
      "properties": {
        "id": "28ab31a3-b2ad-4e70-b92c-88ed4f1fe40a",
        "name": "sketch413-0"
      },
      "geometry": {
        "type": "Polygon",
        "coordinates": [
          [
            [
              142.93075785648534,
              5.432515139666128
            ],
            [
              142.88351319609072,
              5.302973974112472
            ],
            [
              143.07062785750787,
              5.144207793779578
            ],
            [
              142.91693433183022,
              5.210810005950241
            ],
            [
              143.03346291913968,
              4.948250253413355
            ],
            [
              142.84483033769723,
              5.264836276986357
            ],
            [
              142.69733674099976,
              5.325257905217468
            ],
            [
              142.84093952896558,
              5.304340643038289
            ],
            [
              142.81143647079185,
              5.376509447522649
            ],
            [
              142.67808828875044,
              5.659857176261161
            ],
            [
              142.93075785648534,
              5.432515139666128
            ]
          ]
        ]
      },
      "id": "28ab31a3-b2ad-4e70-b92c-88ed4f1fe40a"
    },
    {
      "type": "Feature",
      "properties": {
        "id": "94d24d37-96b0-4199-b87d-6e6d2c3fc7c3",
        "name": "sketch413-1"
      },
      "geometry": {
        "type": "Polygon",
        "coordinates": [
          [
            [
              142.79281783739373,
              9.100117103170895
            ],
            [
              142.86649576327287,
              9.151753935991913
            ],
            [
              143.12448349559816,
              8.993975784120192
            ],
            [
              143.13387376580624,
              8.752419583499782
            ],
            [
              142.79734802612882,
              8.971663324317053
            ],
            [
              142.77061541790746,
              8.609983205665017
            ],
            [
              142.6841944470594,
              8.765347852832397
            ],
            [
              142.74287042271487,
              8.978292008119372
            ],
            [
              142.74380327706754,
              9.018559174980435
            ],
            [
              142.73430610765936,
              9.367259122561565
            ],
            [
              142.79281783739373,
              9.100117103170895
            ]
          ]
        ]
      },
      "id": "94d24d37-96b0-4199-b87d-6e6d2c3fc7c3"
    },
    {
      "type": "Feature",
      "properties": {
        "id": "a97d2076-4730-4c6f-ac1f-f5364e675f74",
        "name": "sketch413-2"
      },
      "geometry": {
        "type": "Polygon",
        "coordinates": [
          [
            [
              162.66705548171404,
              12.380680004487424
            ],
            [
              162.6468674835779,
              12.221583873331511
            ],
            [
              162.79336791509095,
              12.22818271876367
            ],
            [
              162.57136066434987,
              12.133925983283719
            ],
            [
              162.7075234016697,
              11.996778761772914
            ],
            [
              162.5221955087431,
              11.960270612577707
            ],
            [
              162.54729218204,
              12.123860959172037
            ],
            [
              162.27529991469711,
              12.106224130648606
            ],
            [
              162.1575474706174,
              12.362339619029784
            ],
            [
              162.55899815496542,
              12.14631444131299
            ],
            [
              162.66705548171404,
              12.380680004487424
            ]
          ]
        ]
      },
      "id": "a97d2076-4730-4c6f-ac1f-f5364e675f74"
    }
  ],
  "bbox": [
    142.67808828875044,
    4.948250253413355,
    162.79336791509095,
    12.380680004487424
  ]
}
