{
  "type": "FeatureCollection",
  "features": [
    {
      "type": "Feature",
      "properties": {
        "id": "86d6121c-163f-4294-8968-17fb00c34511",
        "name": "sketch487-0"
      },
      "geometry": {
        "type": "Polygon",
        "coordinates": [
          [
            [
              143.53981987023036,
              9.574098521946743
            ],
            [
              143.63849875586982,
              9.277499835357956
            ],
            [
              143.530866457847,
              9.065273685258692
            ],
            [
              143.24191561669554,
              9.318133575500584
            ],
            [
              143.21802905358788,
              8.876907622356672
            ],
            [
              143.1442120466175,
              9.200031616989879
            ],
            [
              142.90356680304978,
              9.314625609617364
            ],
            [
              143.2119432490628,
              9.342058769946513
            ],
            [
              143.15346284374544,
              9.380051276981861
            ],
            [
              143.13459777609557,
              9.804874075578722
            ],
            [
              143.53981987023036,
              9.574098521946743
            ]
          ]
        ]
      },
      "id": "86d6121c-163f-4294-8968-17fb00c34511"
    },
    {
      "type": "Feature",
      "properties": {
        "id": "5007aa66-a0e8-4734-9f69-fa988e5c622b",
        "name": "sketch487-1"
      },
      "geometry": {
        "type": "Polygon",
        "coordinates": [
          [
            [
              136.66372243415182,
              13.468160783160156
            ],
            [
              136.73249184334446,
              13.163895816152724
            ],
            [
              137.0322900964309,
              13.071713462004176
            ],
            [
              136.67094004287463,
              12.958586656730096
            ],
            [
              136.60287849433644,
              12.992163580659653
            ],
            [
              136.2177833743111,
              12.949436861595894
            ],
            [
              136.38331493666294,
              13.009863696296772
            ],
            [
              136.37992055399226,
              13.063041467544455
            ],
            [
              136.54569883278563,
              13.06770340572032
            ],
            [
              136.43514714364284,
              13.357914467518524
            ],
            [
              136.66372243415182,
              13.468160783160156
            ]
          ]
        ]
      },
      "id": "5007aa66-a0e8-4734-9f69-fa988e5c622b"
    },
    {
      "type": "Feature",
      "properties": {
        "id": "16335557-c6bb-4689-ba73-3b63fdc74f4f",
        "name": "sketch487-2"
      },
      "geometry": {
        "type": "Polygon",
        "coordinates": [
          [
            [
              148.37922014281753,
              2.4133169598961586
            ],
            [
              148.1886592691779,
              2.2913719526523018
            ],
            [
              148.24501539750196,
              2.287843753971795
            ],
            [
              148.31557827532473,
              2.3022294914392076
            ],
            [
              148.20985878679193,
              1.9885703223917135
            ],
            [
              148.06084216329458,
              2.187464416548338
            ],
            [
              148.0716079008216,
              2.161908917614533
            ],
            [
              147.97254644495789,
              2.155115897236155
            ],
            [
              147.74427488576347,
              2.362398100309214
            ],
            [
              147.9416468166067,
              2.5184033067603617
            ],
            [
              148.37922014281753,
              2.4133169598961586
            ]
          ]
        ]
      },
      "id": "16335557-c6bb-4689-ba73-3b63fdc74f4f"
    },
    {
      "type": "Feature",
      "properties": {
        "id": "853e74e7-1383-4a23-aa79-45ba9c110d18",
        "name": "sketch487-3"
      },
      "geometry": {
        "type": "Polygon",
        "coordinates": [
          [
            [
              153.79951533405955,
              13.900435199471309
            ],
            [
              153.89512860488466,
              13.529486340927173
            ],
            [
              154.12719514945758,
              13.48579110628427
            ],
            [
              154.2187889690399,
              13.350319050536097
            ],
            [
              153.84745548547107,
              13.39169460953737
            ],
            [
              153.81712922259993,
              12.977082128461673
            ],
            [
              153.7550908616015,
              13.173774064352946
            ],
            [
              153.6091567609927,
              13.198004231644092
            ],
            [
              153.3849152552848,
              13.405432438875833
            ],
            [
              153.6755230500859,
              13.551186820243037
            ],
            [
              153.79951533405955,
              13.900435199471309
            ]
          ]
        ]
      },
      "id": "853e74e7-1383-4a23-aa79-45ba9c110d18"
    },
    {
      "type": "Feature",
      "properties": {
        "id": "8d11d033-5824-4ad5-beac-86d3e771b5a3",
        "name": "sketch487-4"
      },
      "geometry": {
        "type": "Polygon",
        "coordinates": [
          [
            [
              157.8012780579421,
              -0.3825592942357858
            ],
            [
              157.91985652236158,
              -0.4738199311422351
            ],
            [
              157.69718150804812,
              -0.6573691752684402
            ],
            [
              158.05009674785788,
              -0.9047362462989607
            ],
            [
              157.70764751142562,
              -1.124800398828174
            ],
            [
              157.59514817950316,
              -0.7161079570135559
            ],
            [
              157.58655738235709,
              -0.7103865740740586
            ],
            [
              157.63314800471153,
              -0.6524152029892026
            ],
            [
              157.42266501975303,
              -0.37075479871080474
            ],
            [
              157.6609400084719,
              -0.1970482772552375
            ],
            [
              157.8012780579421,
              -0.3825592942357858
            ]
          ]
        ]
      },
      "id": "8d11d033-5824-4ad5-beac-86d3e771b5a3"
    },
    {
      "type": "Feature",
      "properties": {
        "id": "36f78e7a-865e-42ca-b737-a94c5aa7a8fd",
        "name": "sketch487-5"
      },
      "geometry": {
        "type": "Polygon",
        "coordinates": [
          [
            [
              154.49486453830366,
              0.34480721640925677
            ],
            [
              154.38819490286974,
              -0.08760113407474414
            ],
            [
              154.4758289114802,
              -0.02305437802626302
            ],
            [
              154.72194476577232,
              0.019229931488901342
            ],
            [
              154.56446770423256,
              -0.05955058808264067
            ],
            [
              154.58578319886098,
              -0.09310039666632972
            ],
            [
              154.67342140308762,
              -0.2991234379050709
            ],
            [
              154.32924243148565,
              -0.3672737588745403
            ],
            [
              154.11724467889823,
              -0.34503205869656023
            ],
            [
              154.08270089603815,
              0.01290741763374366
            ],
            [
              154.49486453830366,
              0.34480721640925677
            ]
          ]
        ]
      },
      "id": "36f78e7a-865e-42ca-b737-a94c5aa7a8fd"
    },
    {
      "type": "Feature",
      "properties": {
        "id": "7c53df37-007a-4b00-a206-b0a5c4434803",
        "name": "sketch487-6"
      },
      "geometry": {
        "type": "Polygon",
        "coordinates": [
          [
            [
              157.00476557320962,
              10.30168339760548
            ],
            [
              157.1986965184093,
              10.356052288686156
            ],
            [
              157.167933956593,
              10.151933948348654
            ],
            [
              156.933464942187,
              10.007991607776937
            ],
            [
              156.80592775171422,
              9.953989869669337
            ],
            [
              156.49402476653907,
              9.938234706107039
            ],
            [
              156.46628312316528,
              10.157462211502196
            ],
            [
              156.8256230648682,
              10.160314203857462
            ],
            [
              156.55589985717066,
              10.456052559097913
            ],
            [
              156.65824991592868,
              10.582353491653302
            ],
            [
              157.00476557320962,
              10.30168339760548
            ]
          ]
        ]
      },
      "id": "7c53df37-007a-4b00-a206-b0a5c4434803"
    }
  ],
  "bbox": [
    136.2177833743111,
    -1.124800398828174,
    158.05009674785788,
    13.900435199471309
  ]
}
