{
  "type": "FeatureCollection",
  "features": [
    {
      "type": "Feature",
      "properties": {
        "id": "125a3aca-a137-4bf5-978e-8b573ff3996a",
        "name": "sketch34-0"
      },
      "geometry": {
        "type": "Polygon",
        "coordinates": [
          [
            [
              145.86476819573582,
              6.408543068755596
            ],
            [
              146.21992839779912,
              6.362446407275392
            ],
            [
              146.20189607075883,
              6.047786516790117
            ],
            [
              145.86806605164148,
              6.326807933131022
            ],
            [
              145.83913177447533,
              6.34193552525818
            ],
            [
              145.6891463203163,
              6.212545985998927
            ],
            [
              145.6420515603794,
              6.274411485557121
            ],
            [
              145.63717874988106,
              6.390582747173634
            ],
            [
              145.4152505414285,
              6.589499756224885
            ],
            [
              145.83202305386573,
              6.41308024404194
            ],
            [
              145.86476819573582,
              6.408543068755596
            ]
          ]
        ]
      },
      "id": "125a3aca-a137-4bf5-978e-8b573ff3996a"
    },
    {
      "type": "Feature",
      "properties": {
        "id": "31e9f066-a099-49b1-90ae-b4f611b34e15",
        "name": "sketch34-1"
      },
      "geometry": {
        "type": "Polygon",
        "coordinates": [
          [
            [
              151.3936012264974,
              12.179373300098316
            ],
            [
              151.4145930882601,
              12.072969226629343
            ],
            [
              151.36580626876358,
              12.006491909607293
            ],
            [
              151.45763129165672,
              11.695554601729784
            ],
            [
              151.307607147256,
              11.843593677111576
            ],
            [
              151.1852291484666,
              11.936741491684936
            ],
            [
              151.1681957508395,
              11.94691833419849
            ],
            [
              151.06990389866965,
              12.00117930155251
            ],
            [
              151.25392922591723,
              12.162730219718995
            ],
            [
              151.24618893142613,
              12.253909821164685
            ],
            [
              151.3936012264974,
              12.179373300098316
            ]
          ]
        ]
      },
      "id": "31e9f066-a099-49b1-90ae-b4f611b34e15"
    },
    {
      "type": "Feature",
      "properties": {
        "id": "3384e320-d0ab-4f52-86ce-bc14f86ff9f4",
        "name": "sketch34-2"
      },
      "geometry": {
        "type": "Polygon",
        "coordinates": [
          [
            [
              165.03194480445345,
              6.744685392233759
            ],
            [
              165.03875602767252,
              6.689156890442456
            ],
            [
              165.09091684542773,
              6.85724163102424
            ],
            [
              165.16101025717268,
              6.825843547598599
            ],
            [
              165.0940902912181,
              6.599042298380251
            ],
            [
              165.13846667578395,
              6.444033251581324
            ],
            [
              165.03986597842996,
              6.246097451040581
            ],
            [
              164.97336794618835,
              6.512477725351773
            ],
            [
              164.68712083538594,
              6.573796133907229
            ],
            [
              164.99383921886522,
              6.638742852266927
            ],
            [
              165.03194480445345,
              6.744685392233759
            ]
          ]
        ]
      },
      "id": "3384e320-d0ab-4f52-86ce-bc14f86ff9f4"
    },
    {
      "type": "Feature",
      "properties": {
        "id": "b5ae9bea-5f80-45ab-b6ec-8973e03bc24a",
        "name": "sketch34-3"
      },
      "geometry": {
        "type": "Polygon",
        "coordinates": [
          [
            [
              140.64643378595048,
              11.932871602767086
            ],
            [
              140.726009276302,
              11.853256471030065
            ],
            [
              140.59171000303823,
              11.814678739418083
            ],
            [
              140.6557884903432,
              11.695677731543476
            ],
            [
              140.50273073958266,
              11.671302517519063
            ],
            [
              140.48759404103006,
              11.738425114646251
            ],
            [
              140.35317607483535,
              11.772336951893655
            ],
            [
              140.34230124683992,
              11.98100806896654
            ],
            [
              140.26238536578865,
              12.158447278553554
            ],
            [
              140.4059573577943,
              12.06104287443149
            ],
            [
              140.64643378595048,
              11.932871602767086
            ]
          ]
        ]
      },
      "id": "b5ae9bea-5f80-45ab-b6ec-8973e03bc24a"
    }
  ],
  "bbox": [
    140.26238536578865,
    6.047786516790117,
    165.16101025717268,
    12.253909821164685
  ]
}
