{
  "type": "FeatureCollection",
  "features": [
    {
      "type": "Feature",
      "properties": {
        "id": "795030fa-00cf-4549-ab89-fd068d2de5ac",
        "name": "sketch418-0"
      },
      "geometry": {
        "type": "Polygon",
        "coordinates": [
          [
            [
              141.35549245116624,
              7.887735374701945
            ],
            [
              141.33996304654372,
              7.582045016617029
            ],
            [
              141.4845632775229,
              7.290150369915855
            ],
            [
              141.31351686011402,
              7.28145134481547
            ],
            [
              141.1830846779377,
              7.481016449451214
            ],
            [
              140.8666695137593,
              7.369435911494611
            ],
            [
              141.0231823049896,
              7.503044189554694
            ],
            [
              141.05422147334792,
              7.665160097126717
            ],
            [
              141.17645230679264,
              7.6376085328402645
            ],
            [
              141.10850767362774,
              7.888490335155928
            ],
            [
              141.35549245116624,
              7.887735374701945
            ]
          ]
        ]
      },
      "id": "795030fa-00cf-4549-ab89-fd068d2de5ac"
    },
    {
      "type": "Feature",
      "properties": {
        "id": "9556cae0-fd4c-45de-aa5a-ccc870d2edb8",
        "name": "sketch418-1"
      },
      "geometry": {
        "type": "Polygon",
        "coordinates": [
          [
            [
              161.62968899371282,
              7.8338629763959435
            ],
            [
              161.38153892615176,
              7.562381444717651
            ],
            [
              161.67908688671758,
              7.422747743283663
            ],
            [
              161.33558580373204,
              7.411087428394882
            ],
            [
              161.2794706177523,
              7.271431702652008
            ],
            [
              161.21104993627353,
              7.069729605910089
            ],
            [
              161.06203353424118,
              7.289675747923266
            ],
            [
              161.24435183263313,
              7.542571130708939
            ],
            [
              161.16434830439863,
              7.6045821056870855
            ],
            [
              161.2302635739971,
              7.733774985921327
            ],
            [
              161.62968899371282,
              7.8338629763959435
            ]
          ]
        ]
      },
      "id": "9556cae0-fd4c-45de-aa5a-ccc870d2edb8"
    },
    {
      "type": "Feature",
      "properties": {
        "id": "d28af907-6543-44e5-8ff4-ab03e29191b9",
        "name": "sketch418-2"
      },
      "geometry": {
        "type": "Polygon",
        "coordinates": [
          [
            [
              147.48124085740085,
              12.687047921230656
            ],
            [
              147.6302920649433,
              12.64117354806201
            ],
            [
              147.69980821516862,
              12.451639957883875
            ],
            [
              147.64705035038315,
              12.396567024420348
            ],
            [
              147.70227259066684,
              12.16079126578407
            ],
            [
              147.45867842685698,
              12.399476743172485
            ],
            [
              147.20258997629332,
              12.380174681380497
            ],
            [
              147.4690373989845,
              12.535080107578626
            ],
            [
              147.32053899098628,
              12.612042187157993
            ],
            [
              147.3668414388431,
              12.681116370912896
            ],
            [
              147.48124085740085,
              12.687047921230656
            ]
          ]
        ]
      },
      "id": "d28af907-6543-44e5-8ff4-ab03e29191b9"
    },
    {
      "type": "Feature",
      "properties": {
        "id": "acb9c0a1-8e61-4b13-bc61-ae892d548fd5",
        "name": "sketch418-3"
      },
      "geometry": {
        "type": "Polygon",
        "coordinates": [
          [
            [
              147.40253955289955,
              5.789787916094187
            ],
            [
              147.5777294467124,
              5.4570627851165625
            ],
            [
              147.28842133756848,
              5.29510653815681
            ],
            [
              147.20210583728172,
              4.984460291734563
            ],
            [
              147.22142108541905,
              5.126385001444712
            ],
            [
              147.2131366486644,
              5.10470259466852
            ],
            [
              146.82842416141546,
              5.167298395183497
            ],
            [
              147.24765778918695,
              5.316401741141701
            ],
            [
              147.23510550747616,
              5.3823427620261235
            ],
            [
              147.21452407182488,
              5.448967434232846
            ],
            [
              147.40253955289955,
              5.789787916094187
            ]
          ]
        ]
      },
      "id": "acb9c0a1-8e61-4b13-bc61-ae892d548fd5"
    },
    {
      "type": "Feature",
      "properties": {
        "id": "60ac40b9-6eee-41b8-b2f0-acd737cfa193",
        "name": "sketch418-4"
      },
      "geometry": {
        "type": "Polygon",
        "coordinates": [
          [
            [
              156.66761616070355,
              12.969224982576005
            ],
            [
              156.55897724094032,
              12.620710162324233
            ],
            [
              156.6143666855436,
              12.496828849893763
            ],
            [
              156.43139393375958,
              12.521812733535072
            ],
            [
              156.2937828934631,
              12.177239721825183
            ],
            [
              156.1291787483047,
              12.373288935964842
            ],
            [
              156.06677227989158,
              12.668475836191075
            ],
            [
              156.29284912826665,
              12.61942566791102
            ],
            [
              156.28192737385945,
              12.656337682855067
            ],
            [
              156.40177331464483,
              12.872055998359823
            ],
            [
              156.66761616070355,
              12.969224982576005
            ]
          ]
        ]
      },
      "id": "60ac40b9-6eee-41b8-b2f0-acd737cfa193"
    },
    {
      "type": "Feature",
      "properties": {
        "id": "188309b7-4933-46d6-8cc2-4cf524c8c9e1",
        "name": "sketch418-5"
      },
      "geometry": {
        "type": "Polygon",
        "coordinates": [
          [
            [
              162.50190231935244,
              3.3929570812420122
            ],
            [
              162.6649991681312,
              3.6771793469111946
            ],
            [
              162.54865136250876,
              3.376794401005072
            ],
            [
              162.7689717165333,
              3.3005723239930775
            ],
            [
              162.65659058069218,
              3.158414977198631
            ],
            [
              162.56985398386442,
              2.904037050545035
            ],
            [
              162.50966741430668,
              3.0111124216450835
            ],
            [
              162.45088122834466,
              3.2800203574215643
            ],
            [
              162.38558336441062,
              3.32578526001618
            ],
            [
              162.35172234539075,
              3.5040960643839307
            ],
            [
              162.50190231935244,
              3.3929570812420122
            ]
          ]
        ]
      },
      "id": "188309b7-4933-46d6-8cc2-4cf524c8c9e1"
    },
    {
      "type": "Feature",
      "properties": {
        "id": "904b1a7e-7cda-41e9-8866-c59086c49718",
        "name": "sketch418-6"
      },
      "geometry": {
        "type": "Polygon",
        "coordinates": [
          [
            [
              161.01739573638352,
              5.516341855132517
            ],
            [
              160.99480791448403,
              5.368214933345631
            ],
            [
              160.84906285114795,
              5.398125722204911
            ],
            [
              160.8234093528918,
              5.3935128760228395
            ],
            [
              160.73708715707554,
              5.277353963172252
            ],
            [
              160.67032339722792,
              5.2023848171690235
            ],
            [
              160.52271384327037,
              5.342346745053146
            ],
            [
              160.65943081001151,
              5.4063558107075105
            ],
            [
              160.78344550267911,
              5.4727412553858255
            ],
            [
              160.82144636739227,
              5.545270277878287
            ],
            [
              161.01739573638352,
              5.516341855132517
            ]
          ]
        ]
      },
      "id": "904b1a7e-7cda-41e9-8866-c59086c49718"
    },
    {
      "type": "Feature",
      "properties": {
        "id": "dd66eaa1-3179-4bc9-90bd-947d04e84e55",
        "name": "sketch418-7"
      },
      "geometry": {
        "type": "Polygon",
        "coordinates": [
          [
            [
              164.2284169451023,
              11.864259677929876
            ],
            [
              164.30150848292243,
              11.63050331342225
            ],
            [
              164.2128787462127,
              11.395548846881324
            ],
            [
              164.02421049648635,
              11.562216705415826
            ],
            [
              164.05563233046647,
              11.373154666421975
            ],
            [
              163.90537721087864,
              11.429655319771532
            ],
            [
              163.69080725821493,
              11.453123974051541
            ],
            [
              163.9217659328939,
              11.609627900218763
            ],
            [
              163.64231048381822,
              11.828828648816291
            ],
            [
              163.9249522230703,
              11.904934540151187
            ],
            [
              164.2284169451023,
              11.864259677929876
            ]
          ]
        ]
      },
      "id": "dd66eaa1-3179-4bc9-90bd-947d04e84e55"
    }
  ],
  "bbox": [
    140.8666695137593,
    2.904037050545035,
    164.30150848292243,
    12.969224982576005
  ]
}
