{
  "type": "FeatureCollection",
  "features": [
    {
      "type": "Feature",
      "properties": {
        "id": "212b4548-5997-4077-8372-9164f9fe6823",
        "name": "sketch410-0"
      },
      "geometry": {
        "type": "Polygon",
        "coordinates": [
          [
            [
              144.56518846180205,
              11.617856339591585
            ],
            [
              144.55346759695365,
              11.48435556005798
            ],
            [
              144.73954665107274,
              11.157025786316762
            ],
            [
              144.45531417183997,
              11.357216214422781
            ],
            [
              144.38920530119668,
              11.066360715073577
            ],
            [
              144.29397689202267,
              11.014952080926326
            ],
            [
              144.23959197113496,
              11.18950978812884
            ],
            [
              144.25683666147253,
              11.40063292076629
            ],
            [
              144.17767185990544,
              11.529468927911717
            ],
            [
              144.3197010728318,
              11.731863107930025
            ],
            [
              144.56518846180205,
              11.617856339591585
            ]
          ]
        ]
      },
      "id": "212b4548-5997-4077-8372-9164f9fe6823"
    },
    {
      "type": "Feature",
      "properties": {
        "id": "a2700745-68b4-47d9-8e77-6db4a0b10a23",
        "name": "sketch410-1"
      },
      "geometry": {
        "type": "Polygon",
        "coordinates": [
          [
            [
              162.8673079006912,
              0.510868782646426
            ],
            [
              162.88142917719037,
              0.16551202867787979
            ],
            [
              162.62775680380065,
              0.2119067732755198
            ],
            [
              162.37291784162537,
              0.21651088628328
            ],
            [
              162.2051286914551,
              0.5392925226740252
            ],
            [
              162.16764260611382,
              0.5670333617535022
            ],
            [
              162.41212349372043,
              0.5449318152317153
            ],
            [
              162.2385740524112,
              0.8290243463641189
            ],
            [
              162.37961363029345,
              0.6150571975668994
            ],
            [
              162.29580488153132,
              0.7800621481408694
            ],
            [
              162.8673079006912,
              0.510868782646426
            ]
          ]
        ]
      },
      "id": "a2700745-68b4-47d9-8e77-6db4a0b10a23"
    },
    {
      "type": "Feature",
      "properties": {
        "id": "3c59bd8a-1e61-480c-b180-65b6e8ab1864",
        "name": "sketch410-2"
      },
      "geometry": {
        "type": "Polygon",
        "coordinates": [
          [
            [
              141.06734779325546,
              6.619881306332316
            ],
            [
              141.24210006042645,
              6.858114608507859
            ],
            [
              141.31687279004652,
              6.639530189592446
            ],
            [
              141.42548226616864,
              6.405896931446173
            ],
            [
              141.1085906095818,
              6.542171793322309
            ],
            [
              141.14204641146307,
              6.227108561275466
            ],
            [
              141.0408230304408,
              6.570531146929679
            ],
            [
              141.02109087607016,
              6.58067731115633
            ],
            [
              140.94498019982217,
              6.725254079664999
            ],
            [
              141.01955463571804,
              6.901820211690926
            ],
            [
              141.06734779325546,
              6.619881306332316
            ]
          ]
        ]
      },
      "id": "3c59bd8a-1e61-480c-b180-65b6e8ab1864"
    },
    {
      "type": "Feature",
      "properties": {
        "id": "5e2702ab-ad11-4955-8edf-91629b9e4597",
        "name": "sketch410-3"
      },
      "geometry": {
        "type": "Polygon",
        "coordinates": [
          [
            [
              163.63299863452605,
              9.701365063071902
            ],
            [
              163.5769615597491,
              9.399981858575016
            ],
            [
              163.541960739617,
              9.149510942511133
            ],
            [
              163.3957479956787,
              9.3656648860824
            ],
            [
              163.19695765650678,
              9.420898724667053
            ],
            [
              163.3200448056304,
              9.500636307040544
            ],
            [
              163.3315938784772,
              9.511734111018457
            ],
            [
              163.32498204210412,
              9.53317717246565
            ],
            [
              163.19787727838658,
              9.807754194379752
            ],
            [
              163.35301921590298,
              9.782096250265013
            ],
            [
              163.63299863452605,
              9.701365063071902
            ]
          ]
        ]
      },
      "id": "5e2702ab-ad11-4955-8edf-91629b9e4597"
    },
    {
      "type": "Feature",
      "properties": {
        "id": "9b30b56d-d9dd-4e41-b777-2c820f109be2",
        "name": "sketch410-4"
      },
      "geometry": {
        "type": "Polygon",
        "coordinates": [
          [
            [
              149.62610541302772,
              12.598660333203876
            ],
            [
              149.74850496032025,
              12.418592116356734
            ],
            [
              149.54632378139536,
              12.412197297053734
            ],
            [
              149.44709733201205,
              12.134181746368334
            ],
            [
              149.3484474060394,
              12.08798927356219
            ],
            [
              149.2686889268244,
              12.161195903196937
            ],
            [
              149.39163264026104,
              12.401907444660383
            ],
            [
              149.39404804182024,
              12.485862549687376
            ],
            [
              149.49679015197253,
              12.464695774776544
            ],
            [
              149.47402311628804,
              12.481459888490987
            ],
            [
              149.62610541302772,
              12.598660333203876
            ]
          ]
        ]
      },
      "id": "9b30b56d-d9dd-4e41-b777-2c820f109be2"
    },
    {
      "type": "Feature",
      "properties": {
        "id": "3df77904-a59b-45ed-ad26-fb8acf87ab80",
        "name": "sketch410-5"
      },
      "geometry": {
        "type": "Polygon",
        "coordinates": [
          [
            [
              157.0270490103458,
              12.188215498532097
            ],
            [
              156.80881746181214,
              12.023695461590217
            ],
            [
              156.86263175455304,
              12.036144058383584
            ],
            [
              157.14263512243102,
              12.008834265627788
            ],
            [
              157.0835131818737,
              11.931910722936497
            ],
            [
              156.83341965981364,
              11.897469498843742
            ],
            [
              156.76076141802392,
              11.957979137195403
            ],
            [
              156.480906720003,
              11.703390185721316
            ],
            [
              156.5709988885562,
              11.951966456163898
            ],
            [
              156.74662531951975,
              12.05269572495845
            ],
            [
              157.0270490103458,
              12.188215498532097
            ]
          ]
        ]
      },
      "id": "3df77904-a59b-45ed-ad26-fb8acf87ab80"
    },
    {
      "type": "Feature",
      "properties": {
        "id": "e26f0833-e511-4707-b249-6ab2b2296e74",
        "name": "sketch410-6"
      },
      "geometry": {
        "type": "Polygon",
        "coordinates": [
          [
            [
              165.46012989039596,
              2.2962933679256627
            ],
            [
              165.6480927566738,
              1.825317552794902
            ],
            [
              165.25231025026065,
              1.521777245198716
            ],
            [
              165.18480830257144,
              1.8889445707122767
            ],
            [
              165.17258850664697,
              1.946646985340691
            ],
            [
              164.8052489351741,
              1.655629623190591
            ],
            [
              165.05905328279465,
              1.96445516555678
            ],
            [
              164.77951857618152,
              2.1198241506427395
            ],
            [
              165.0958117781428,
              2.0609527493965905
            ],
            [
              165.1016055487625,
              2.2871226769504536
            ],
            [
              165.46012989039596,
              2.2962933679256627
            ]
          ]
        ]
      },
      "id": "e26f0833-e511-4707-b249-6ab2b2296e74"
    },
    {
      "type": "Feature",
      "properties": {
        "id": "db44c9c6-d0de-406d-8b62-3ad72ef04da2",
        "name": "sketch410-7"
      },
      "geometry": {
        "type": "Polygon",
        "coordinates": [
          [
            [
              140.3062846684813,
              12.655297969933695
            ],
            [
              140.5688400052722,
              12.581506191452766
            ],
            [
              140.53717263246688,
              12.522897951395466
            ],
            [
              140.54359070163224,
              12.362761792315753
            ],
            [
              140.3848219181051,
              12.32179974555604
            ],
            [
              140.2255978976576,
              12.370545993895462
            ],
            [
              140.14986502787477,
              12.433519687246822
            ],
            [
              140.2485232889598,
              12.6011728441149
            ],
            [
              139.9240294504822,
              12.66487908646387
            ],
            [
              140.11098015957484,
              12.843883647985784
            ],
            [
              140.3062846684813,
              12.655297969933695
            ]
          ]
        ]
      },
      "id": "db44c9c6-d0de-406d-8b62-3ad72ef04da2"
    },
    {
      "type": "Feature",
      "properties": {
        "id": "1b595873-c3f7-47d6-9cd7-5761206f63f0",
        "name": "sketch410-8"
      },
      "geometry": {
        "type": "Polygon",
        "coordinates": [
          [
            [
              147.3245044697261,
              13.453723657042326
            ],
            [
              147.31341606809195,
              13.029061334576657
            ],
            [
              147.59464909505166,
              12.876051584727426
            ],
            [
              147.2365675105954,
              12.964837694888095
            ],
            [
              147.09637861398255,
              12.685128398576447
            ],
            [
              147.10746165272596,
              12.777493858604865
            ],
            [
              147.00620417769747,
              12.930082435070506
            ],
            [
              146.85766525011528,
              13.29024015453117
            ],
            [
              147.02321493740044,
              13.174227121148828
            ],
            [
              147.18392432826312,
              13.054653972413584
            ],
            [
              147.3245044697261,
              13.453723657042326
            ]
          ]
        ]
      },
      "id": "1b595873-c3f7-47d6-9cd7-5761206f63f0"
    },
    {
      "type": "Feature",
      "properties": {
        "id": "5cb8c4a8-b41b-43bb-a683-19bb6c844a70",
        "name": "sketch410-9"
      },
      "geometry": {
        "type": "Polygon",
        "coordinates": [
          [
            [
              135.62183076687538,
              4.129382481093564
            ],
            [
              135.77871624123614,
              3.993389587934653
            ],
            [
              135.8535122841423,
              3.8831011638632127
            ],
            [
              135.61513005989076,
              3.944275635014487
            ],
            [
              135.76805257221187,
              3.805251464737912
            ],
            [
              135.64199648524007,
              3.8049745449474517
            ],
            [
              135.51625232448177,
              3.89271424909603
            ],
            [
              135.5326606473009,
              3.954855475792796
            ],
            [
              135.25190724426895,
              3.972383418086181
            ],
            [
              135.52446426919565,
              4.132180559514948
            ],
            [
              135.62183076687538,
              4.129382481093564
            ]
          ]
        ]
      },
      "id": "5cb8c4a8-b41b-43bb-a683-19bb6c844a70"
    }
  ],
  "bbox": [
    135.25190724426895,
    0.16551202867787979,
    165.6480927566738,
    13.453723657042326
  ]
}
