{
  "type": "FeatureCollection",
  "features": [
    {
      "type": "Feature",
      "properties": {
        "id": "f031adc4-63f0-42ee-803f-15757ffada4e",
        "name": "sketch20-0"
      },
      "geometry": {
        "type": "Polygon",
        "coordinates": [
          [
            [
              164.01504508098043,
              12.548348905389407
            ],
            [
              163.9077575513416,
              12.355746143585137
            ],
            [
              163.83430102949805,
              12.20273901125319
            ],
            [
              163.93152210780428,
              12.02432898012885
            ],
            [
              163.72185518354195,
              12.141078952736107
            ],
            [
              163.65743951304728,
              12.118127973955271
            ],
            [
              163.41716105888128,
              11.78486184463019
            ],
            [
              163.41074724117559,
              12.129680553276028
            ],
            [
              163.5337167868529,
              12.286702686626711
            ],
            [
              163.64452643477233,
              12.2608134852635
            ],
            [
              164.01504508098043,
              12.548348905389407
            ]
          ]
        ]
      },
      "id": "f031adc4-63f0-42ee-803f-15757ffada4e"
    },
    {
      "type": "Feature",
      "properties": {
        "id": "31ef6b54-32ed-4736-ada5-b4ab8e48f5fb",
        "name": "sketch20-1"
      },
      "geometry": {
        "type": "Polygon",
        "coordinates": [
          [
            [
              153.83267638977236,
              -0.2340050337512326
            ],
            [
              153.93563487684554,
              -0.07553312757980096
            ],
            [
              154.07615776614333,
              0.05993023273478826
            ],
            [
              153.8104794184463,
              -0.3156777316908231
            ],
            [
              153.89814851000762,
              -0.3283675679395505
            ],
            [
              154.23760488715823,
              -0.47391462983682375
            ],
            [
              153.85812207442484,
              -0.5308751875485622
            ],
            [
              153.68677363283203,
              -0.4342686522409313
            ],
            [
              153.53221473800244,
              -0.35236876383452037
            ],
            [
              153.77612988141385,
              -0.30303074073588115
            ],
            [
              153.83267638977236,
              -0.2340050337512326
            ]
          ]
        ]
      },
      "id": "31ef6b54-32ed-4736-ada5-b4ab8e48f5fb"
    },
    {
      "type": "Feature",
      "properties": {
        "id": "75af0ebb-c525-4a94-8a76-2f5315aa64cf",
        "name": "sketch20-2"
      },
      "geometry": {
        "type": "Polygon",
        "coordinates": [
          [
            [
              157.54203798096364,
              6.579278216212724
            ],
            [
              157.7624382815294,
              6.331698686768775
            ],
            [
              157.41660039637583,
              6.224700863911868
            ],
            [
              157.45222362583772,
              6.2036055131085694
            ],
            [
              157.5343608462054,
              5.945406778601996
            ],
            [
              157.42403133466127,
              5.973926040781064
            ],
            [
              157.30970211418952,
              6.160925208034333
            ],
            [
              157.23683061737526,
              6.341965926521379
            ],
            [
              157.1689032911314,
              6.578329872699927
            ],
            [
              157.23784236497937,
              6.610836522465272
            ],
            [
              157.54203798096364,
              6.579278216212724
            ]
          ]
        ]
      },
      "id": "75af0ebb-c525-4a94-8a76-2f5315aa64cf"
    },
    {
      "type": "Feature",
      "properties": {
        "id": "f0b7ebc0-4c13-440f-b7c7-88b68af550db",
        "name": "sketch20-3"
      },
      "geometry": {
        "type": "Polygon",
        "coordinates": [
          [
            [
              149.56477548759264,
              2.4716376702254688
            ],
            [
              149.65377369935547,
              2.633140525104761
            ],
            [
              149.82673198694619,
              2.4021120379919734
            ],
            [
              149.76860054282,
              2.2647905706366434
            ],
            [
              149.65582963798855,
              1.946928326692165
            ],
            [
              149.33320075681021,
              2.0518175734923134
            ],
            [
              149.0773365876877,
              2.256018190460802
            ],
            [
              149.10919686410892,
              2.3276811668951067
            ],
            [
              149.29279575285278,
              2.3234070965809632
            ],
            [
              149.3797836795107,
              2.424579280524565
            ],
            [
              149.56477548759264,
              2.4716376702254688
            ]
          ]
        ]
      },
      "id": "f0b7ebc0-4c13-440f-b7c7-88b68af550db"
    },
    {
      "type": "Feature",
      "properties": {
        "id": "92a130d5-a0d2-428f-a1eb-07ec79fa89c1",
        "name": "sketch20-4"
      },
      "geometry": {
        "type": "Polygon",
        "coordinates": [
          [
            [
              153.00822082112728,
              11.008869075250571
            ],
            [
              153.11968121983773,
              10.774798781348883
            ],
            [
              152.90560902123624,
              10.635022920673206
            ],
            [
              153.073887558273,
              10.507767087143433
            ],
            [
              152.9394612148515,
              10.206844875705174
            ],
            [
              152.8368376876041,
              10.557789762160654
            ],
            [
              152.84536457711334,
              10.63102227346175
            ],
            [
              152.391833116575,
              10.468298946571096
            ],
            [
              152.840506195064,
              10.644626915930104
            ],
            [
              152.83009255211218,
              10.685205183452526
            ],
            [
              153.00822082112728,
              11.008869075250571
            ]
          ]
        ]
      },
      "id": "92a130d5-a0d2-428f-a1eb-07ec79fa89c1"
    },
    {
      "type": "Feature",
      "properties": {
        "id": "037fff57-d7e0-4a6f-8abc-a30765ae990f",
        "name": "sketch20-5"
      },
      "geometry": {
        "type": "Polygon",
        "coordinates": [
          [
            [
              143.10836339759652,
              5.835493363142533
            ],
            [
              143.16498566164398,
              5.668557972105348
            ],
            [
              143.18740398217153,
              5.587757337977621
            ],
            [
              143.13849355181148,
              5.528831761518392
            ],
            [
              142.93500702130558,
              5.21335314932188
            ],
            [
              142.81878959649626,
              5.311440278672524
            ],
            [
              142.71942805726033,
              5.471414494806768
            ],
            [
              143.0190565006556,
              5.6190532798410615
            ],
            [
              142.8086609492247,
              5.803603607648923
            ],
            [
              142.99026595961794,
              5.828959950946669
            ],
            [
              143.10836339759652,
              5.835493363142533
            ]
          ]
        ]
      },
      "id": "037fff57-d7e0-4a6f-8abc-a30765ae990f"
    },
    {
      "type": "Feature",
      "properties": {
        "id": "cd121ac0-8cb6-47e2-bc57-82820ea46054",
        "name": "sketch20-6"
      },
      "geometry": {
        "type": "Polygon",
        "coordinates": [
          [
            [
              139.62714337343084,
              13.04548095962839
            ],
            [
              139.8804405345551,
              13.258604624196815
            ],
            [
              140.0303126855344,
              12.78307544126708
            ],
            [
              139.63303691326865,
              12.83683895269417
            ],
            [
              139.546221539142,
              12.766599644353132
            ],
            [
              139.37394255671623,
              12.657476215630565
            ],
            [
              139.60371599479302,
              12.857763514700626
            ],
            [
              139.54720435131966,
              12.864104332192163
            ],
            [
              139.4901193712216,
              12.900895246379266
            ],
            [
              139.4720362121479,
              12.907603155782898
            ],
            [
              139.62714337343084,
              13.04548095962839
            ]
          ]
        ]
      },
      "id": "cd121ac0-8cb6-47e2-bc57-82820ea46054"
    },
    {
      "type": "Feature",
      "properties": {
        "id": "f59ba84b-3b7b-4841-a6e3-a847b08912f9",
        "name": "sketch20-7"
      },
      "geometry": {
        "type": "Polygon",
        "coordinates": [
          [
            [
              148.84939907827118,
              0.5709586287592225
            ],
            [
              148.69849971516155,
              0.4040178297832395
            ],
            [
              148.57372123646797,
              0.3736403080417073
            ],
            [
              148.80638643074045,
              0.06763407469213117
            ],
            [
              148.7214021704114,
              -0.0627245097805561
            ],
            [
              148.52306812499268,
              0.04488819301685543
            ],
            [
              148.5088391186647,
              0.3007196510298239
            ],
            [
              148.41584789957543,
              0.2632440185763769
            ],
            [
              148.4042598062756,
              0.4894657564962063
            ],
            [
              148.52534772146916,
              0.4133750528987811
            ],
            [
              148.84939907827118,
              0.5709586287592225
            ]
          ]
        ]
      },
      "id": "f59ba84b-3b7b-4841-a6e3-a847b08912f9"
    },
    {
      "type": "Feature",
      "properties": {
        "id": "72dcc96d-2cc0-42ec-820c-930186de4e85",
        "name": "sketch20-8"
      },
      "geometry": {
        "type": "Polygon",
        "coordinates": [
          [
            [
              140.3407848785829,
              3.3281531130561683
            ],
            [
              140.32469417318111,
              2.9494521614100333
            ],
            [
              140.38702281292422,
              2.566396018698279
            ],
            [
              140.16699886889614,
              2.822926989095379
            ],
            [
              140.21490527243876,
              2.4883508471077693
            ],
            [
              139.91262324313107,
              2.73912203388314
            ],
            [
              139.76385945090135,
              2.988960273559622
            ],
            [
              139.92783838417662,
              2.987525210936595
            ],
            [
              140.06856807921736,
              2.9620870104856003
            ],
            [
              140.07703382979255,
              3.4300057971312476
            ],
            [
              140.3407848785829,
              3.3281531130561683
            ]
          ]
        ]
      },
      "id": "72dcc96d-2cc0-42ec-820c-930186de4e85"
    },
    {
      "type": "Feature",
      "properties": {
        "id": "5c13539c-33ca-4229-a981-352e9154a097",
        "name": "sketch20-9"
      },
      "geometry": {
        "type": "Polygon",
        "coordinates": [
          [
            [
              160.9726285347633,
              -0.4028374704215496
            ],
            [
              160.93336391410259,
              -0.462032305258427
            ],
            [
              161.31866863640485,
              -0.6399107115939198
            ],
            [
              160.93924288401936,
              -0.5163727884597714
            ],
            [
              160.89207195850344,
              -0.6774640781153687
            ],
            [
              160.71287973078466,
              -0.9323153524715764
            ],
            [
              160.85500701611872,
              -0.5561020906611929
            ],
            [
              160.8777151319152,
              -0.4878545627216747
            ],
            [
              160.87799006543628,
              -0.4710259773337706
            ],
            [
              160.83736137301972,
              -0.40395192896046495
            ],
            [
              160.9726285347633,
              -0.4028374704215496
            ]
          ]
        ]
      },
      "id": "5c13539c-33ca-4229-a981-352e9154a097"
    }
  ],
  "bbox": [
    139.37394255671623,
    -0.9323153524715764,
    164.01504508098043,
    13.258604624196815
  ]
}
