{
  "type": "FeatureCollection",
  "features": [
    {
      "type": "Feature",
      "properties": {
        "id": "76114ffb-950a-449e-a2df-c634461e229e",
        "name": "sketch147-0"
      },
      "geometry": {
        "type": "Polygon",
        "coordinates": [
          [
            [
              161.2196319522392,
              9.418238135186044
            ],
            [
              161.35318790576864,
              9.121091707217172
            ],
            [
              161.35652388905382,
              8.937582538544628
            ],
            [
              161.4448571078352,
              8.839467926423543
            ],
            [
              161.52043592046257,
              8.654670550443546
            ],
            [
              161.38021876121798,
              8.49492858963723
            ],
            [
              160.98666006825135,
              8.599322895623114
            ],
            [
              160.90629813460518,
              8.795918167122396
            ],
            [
              160.92762059806992,
              8.951664364206863
            ],
            [
              161.2048369098418,
              8.934113147299623
            ],
            [
              161.2196319522392,
              9.418238135186044
            ]
          ]
        ]
      },
      "id": "76114ffb-950a-449e-a2df-c634461e229e"
    },
    {
      "type": "Feature",
      "properties": {
        "id": "7c9b0505-6dfb-435c-a1d6-0e25271475d5",
        "name": "sketch147-1"
      },
      "geometry": {
        "type": "Polygon",
        "coordinates": [
          [
            [
              154.8332412092992,
              3.528043010208901
            ],
            [
              154.87378087791748,
              3.591094105356344
            ],
            [
              154.97500005030082,
              3.604271241526042
            ],
            [
              154.8855888675469,
              3.4854891945456505
            ],
            [
              154.88422873706287,
              3.273316292214527
            ],
            [
              154.48909121156768,
              3.1712563416935593
            ],
            [
              154.62612377460786,
              3.333674424806309
            ],
            [
              154.74480061665813,
              3.444251048403874
            ],
            [
              154.606568915846,
              3.572952941499676
            ],
            [
              154.61858034072245,
              3.6900489295309034
            ],
            [
              154.8332412092992,
              3.528043010208901
            ]
          ]
        ]
      },
      "id": "7c9b0505-6dfb-435c-a1d6-0e25271475d5"
    },
    {
      "type": "Feature",
      "properties": {
        "id": "afa17c71-fe2e-4ec7-b94b-cb2e6369fbcc",
        "name": "sketch147-2"
      },
      "geometry": {
        "type": "Polygon",
        "coordinates": [
          [
            [
              142.91543711592786,
              4.605108574942871
            ],
            [
              143.20538965053194,
              4.906774044457009
            ],
            [
              143.2458619151957,
              4.8603325241758855
            ],
            [
              143.0190626401183,
              4.547453470503058
            ],
            [
              142.94707233127252,
              4.381405505765011
            ],
            [
              142.88767757807383,
              4.453248021647285
            ],
            [
              142.5345800277565,
              4.285693247560132
            ],
            [
              142.81776807841612,
              4.547797506435171
            ],
            [
              142.52119580143753,
              4.700057646571333
            ],
            [
              142.90935442617322,
              4.857198664839664
            ],
            [
              142.91543711592786,
              4.605108574942871
            ]
          ]
        ]
      },
      "id": "afa17c71-fe2e-4ec7-b94b-cb2e6369fbcc"
    },
    {
      "type": "Feature",
      "properties": {
        "id": "deca2f36-5b35-4a0c-bb3d-7898191db63d",
        "name": "sketch147-3"
      },
      "geometry": {
        "type": "Polygon",
        "coordinates": [
          [
            [
              154.30117802199337,
              0.5488739023458727
            ],
            [
              154.61424401154386,
              0.6892054827396958
            ],
            [
              154.31479105293238,
              0.5016637857593985
            ],
            [
              154.61438258317247,
              0.19150140846766733
            ],
            [
              154.21518856048937,
              0.08787925064212265
            ],
            [
              154.15334832331897,
              0.40772036503215076
            ],
            [
              154.1684534311343,
              0.442272482565038
            ],
            [
              153.77939459083456,
              0.44934150947277884
            ],
            [
              153.76617853708387,
              0.6371502897134349
            ],
            [
              153.97244890548174,
              0.6286415225803528
            ],
            [
              154.30117802199337,
              0.5488739023458727
            ]
          ]
        ]
      },
      "id": "deca2f36-5b35-4a0c-bb3d-7898191db63d"
    },
    {
      "type": "Feature",
      "properties": {
        "id": "b629ed4e-40ee-4648-af5b-640b2c7dfc4f",
        "name": "sketch147-4"
      },
      "geometry": {
        "type": "Polygon",
        "coordinates": [
          [
            [
              156.10622945796766,
              7.9985262022098125
            ],
            [
              155.96535243615588,
              7.818447843066205
            ],
            [
              155.90810225791657,
              7.775691407801536
            ],
            [
              156.30370659335162,
              7.929995929926882
            ],
            [
              156.11618285199782,
              7.485867233771147
            ],
            [
              155.85797914937496,
              7.714363983861056
            ],
            [
              155.67663337173957,
              7.497407651638286
            ],
            [
              155.80869140535114,
              7.6883866034605015
            ],
            [
              155.4608867747616,
              7.8590635489919265
            ],
            [
              155.84721657494987,
              7.777061459577723
            ],
            [
              156.10622945796766,
              7.9985262022098125
            ]
          ]
        ]
      },
      "id": "b629ed4e-40ee-4648-af5b-640b2c7dfc4f"
    },
    {
      "type": "Feature",
      "properties": {
        "id": "ffd9e8c8-5b38-4bde-8941-3d112801e23b",
        "name": "sketch147-5"
      },
      "geometry": {
        "type": "Polygon",
        "coordinates": [
          [
            [
              142.28717944826,
              11.592828411995258
            ],
            [
              142.35918338450813,
              11.564588439950308
            ],
            [
              142.3811036641426,
              11.30677930792093
            ],
            [
              142.4944255784198,
              11.148844358479753
            ],
            [
              142.4718000467114,
              11.080542426939335
            ],
            [
              142.34302717118982,
              10.993389769359613
            ],
            [
              142.04876345739947,
              10.864460871248973
            ],
            [
              142.07518627216936,
              11.155864866500655
            ],
            [
              141.9575644154664,
              11.41830123866192
            ],
            [
              142.25244081579416,
              11.317251641854224
            ],
            [
              142.28717944826,
              11.592828411995258
            ]
          ]
        ]
      },
      "id": "ffd9e8c8-5b38-4bde-8941-3d112801e23b"
    },
    {
      "type": "Feature",
      "properties": {
        "id": "f919f09f-91dd-443e-98ec-b9e5fb70fa48",
        "name": "sketch147-6"
      },
      "geometry": {
        "type": "Polygon",
        "coordinates": [
          [
            [
              140.05710645306536,
              9.763798699096084
            ],
            [
              140.1063967601607,
              9.409173093478923
            ],
            [
              140.08045969430447,
              9.218477270509853
            ],
            [
              139.9332053899775,
              9.058341046125381
            ],
            [
              139.88667291940192,
              9.308908578065353
            ],
            [
              139.82657419579579,
              9.191008074359734
            ],
            [
              139.70160810198666,
              9.304480089433639
            ],
            [
              139.83730677526734,
              9.364409551578738
            ],
            [
              139.6637545903719,
              9.553476057377738
            ],
            [
              139.7852271384405,
              9.751526087697405
            ],
            [
              140.05710645306536,
              9.763798699096084
            ]
          ]
        ]
      },
      "id": "f919f09f-91dd-443e-98ec-b9e5fb70fa48"
    }
  ],
  "bbox": [
    139.6637545903719,
    0.08787925064212265,
    161.52043592046257,
    11.592828411995258
  ]
}
