{
  "type": "FeatureCollection",
  "features": [
    {
      "type": "Feature",
      "properties": {
        "id": "88b41797-b043-43a6-8d37-fccd61cbbe63",
        "name": "sketch496-0"
      },
      "geometry": {
        "type": "Polygon",
        "coordinates": [
          [
            [
              157.71963981217306,
              10.04963965159724
            ],
            [
              157.97901737561287,
              10.191219608075789
            ],
            [
              158.18679405711381,
              10.048487340638603
            ],
            [
              157.74175385020845,
              9.948503469323455
            ],
            [
              157.70859572544967,
              9.988179707392916
            ],
            [
              157.44175717863428,
              9.688974358599562
            ],
            [
              157.63094945603885,
              9.999154548174847
            ],
            [
              157.47922878334307,
              10.029949313834392
            ],
            [
              157.56171428015955,
              10.283708637628527
            ],
            [
              157.6812790595431,
              10.083142096814166
            ],
            [
              157.71963981217306,
              10.04963965159724
            ]
          ]
        ]
      },
      "id": "88b41797-b043-43a6-8d37-fccd61cbbe63"
    },
    {
      "type": "Feature",
      "properties": {
        "id": "5f54db63-7bb6-4980-98e3-fc690fb283ab",
        "name": "sketch496-1"
      },
      "geometry": {
        "type": "Polygon",
        "coordinates": [
          [
            [
              159.16015501177873,
              6.203134187441547
            ],
            [
              159.33377706693275,
              6.2422862640390555
            ],
            [
              159.39479301727386,
              6.007865264514772
            ],
            [
              159.33507645493282,
              5.819525337180962
            ],
            [
              159.21369901344733,
              5.581411363380562
            ],
            [
              158.93410676972445,
              5.621377187007198
            ],
            [
              159.03340955533378,
              5.942738293026857
            ],
            [
              158.72653464433435,
              6.048159830654575
            ],
            [
              158.82396695055135,
              6.097903065960741
            ],
            [
              159.0192147465549,
              5.981012037256647
            ],
            [
              159.16015501177873,
              6.203134187441547
            ]
          ]
        ]
      },
      "id": "5f54db63-7bb6-4980-98e3-fc690fb283ab"
    },
    {
      "type": "Feature",
      "properties": {
        "id": "f1592090-4837-42d7-838d-20e5e9943bae",
        "name": "sketch496-2"
      },
      "geometry": {
        "type": "Polygon",
        "coordinates": [
          [
            [
              137.85632496537715,
              0.28350225303742993
            ],
            [
              138.0417780303616,
              0.19839393543381953
            ],
            [
              138.1706924949029,
              -0.08384822214473035
            ],
            [
              138.15584237515085,
              -0.22727187422321365
            ],
            [
              137.69496897739208,
              -0.47020406693302924
            ],
            [
              137.54738735072095,
              -0.3755897205827994
            ],
            [
              137.65276208470908,
              -0.07224949473589773
            ],
            [
              137.58797506944592,
              -0.12373884613582857
            ],
            [
              137.42188120864643,
              -0.10605126610633106
            ],
            [
              137.32643234125217,
              0.22517848737543977
            ],
            [
              137.85632496537715,
              0.28350225303742993
            ]
          ]
        ]
      },
      "id": "f1592090-4837-42d7-838d-20e5e9943bae"
    },
    {
      "type": "Feature",
      "properties": {
        "id": "7b6acaa9-30b1-4c9e-8391-e95cde2b8ef3",
        "name": "sketch496-3"
      },
      "geometry": {
        "type": "Polygon",
        "coordinates": [
          [
            [
              141.5073206229551,
              -0.19190263365809423
            ],
            [
              141.46568727188802,
              -0.2777111392918899
            ],
            [
              141.49952898603578,
              -0.30985766408130977
            ],
            [
              141.46301312125752,
              -0.32709962772573775
            ],
            [
              141.42043978744007,
              -0.26368375520703674
            ],
            [
              141.07510392289257,
              -0.45627778850923195
            ],
            [
              141.09468928173592,
              -0.4289454470480036
            ],
            [
              140.96636090725664,
              -0.2893084406297962
            ],
            [
              141.19396759888647,
              0.05446316510962479
            ],
            [
              141.4104035457738,
              -0.14187479205031073
            ],
            [
              141.5073206229551,
              -0.19190263365809423
            ]
          ]
        ]
      },
      "id": "7b6acaa9-30b1-4c9e-8391-e95cde2b8ef3"
    },
    {
      "type": "Feature",
      "properties": {
        "id": "16d2016a-a174-4af5-adae-af1233876023",
        "name": "sketch496-4"
      },
      "geometry": {
        "type": "Polygon",
        "coordinates": [
          [
            [
              148.76551093058595,
              2.0424586910211664
            ],
            [
              148.67047357932498,
              1.6777823252179738
            ],
            [
              148.47357465351655,
              1.7177480210640645
            ],
            [
              148.60544112697596,
              1.5612339276415248
            ],
            [
              148.4050886945827,
              1.5306489390554388
            ],
            [
              148.33402327017984,
              1.6736506829962186
            ],
            [
              148.35467771270822,
              1.7243580406449066
            ],
            [
              148.10741443744334,
              1.7508513887903618
            ],
            [
              148.18309933829175,
              2.0097107740651836
            ],
            [
              148.40864593635067,
              2.037332297147045
            ],
            [
              148.76551093058595,
              2.0424586910211664
            ]
          ]
        ]
      },
      "id": "16d2016a-a174-4af5-adae-af1233876023"
    },
    {
      "type": "Feature",
      "properties": {
        "id": "a2a548c3-0d2a-4fde-bcd6-9b5d3118bb02",
        "name": "sketch496-5"
      },
      "geometry": {
        "type": "Polygon",
        "coordinates": [
          [
            [
              139.4849355014272,
              1.1660423471099552
            ],
            [
              139.75354051921013,
              0.9097415499815402
            ],
            [
              139.55923355478697,
              0.6655039242818657
            ],
            [
              139.31629607353474,
              0.7675025234003825
            ],
            [
              139.23771547592136,
              0.6604442931390805
            ],
            [
              139.08850299664243,
              0.5030600962619418
            ],
            [
              139.09795469648083,
              0.7373399846927067
            ],
            [
              138.93595805813936,
              0.9467511117728844
            ],
            [
              138.87291276959542,
              1.1341097969736236
            ],
            [
              139.03057942896223,
              1.1579834399375026
            ],
            [
              139.4849355014272,
              1.1660423471099552
            ]
          ]
        ]
      },
      "id": "a2a548c3-0d2a-4fde-bcd6-9b5d3118bb02"
    }
  ],
  "bbox": [
    137.32643234125217,
    -0.47020406693302924,
    159.39479301727386,
    10.283708637628527
  ]
}
