{
  "type": "FeatureCollection",
  "features": [
    {
      "type": "Feature",
      "properties": {
        "id": "61325bae-e0ec-4d61-be3d-9a5e5842eab3",
        "name": "sketch459-0"
      },
      "geometry": {
        "type": "Polygon",
        "coordinates": [
          [
            [
              141.7958329405547,
              8.274237842774163
            ],
            [
              141.45918643633814,
              7.950196205468774
            ],
            [
              141.3862978321737,
              7.728513690678124
            ],
            [
              141.3164617049129,
              7.853637118132578
            ],
            [
              141.34331963101587,
              7.9462756842186035
            ],
            [
              141.19775870812262,
              7.883227750033023
            ],
            [
              141.2695945430443,
              7.961662568888365
            ],
            [
              141.2517360219783,
              8.192024612519761
            ],
            [
              141.39259702129735,
              8.066523722526838
            ],
            [
              141.39653807141917,
              8.219939977684708
            ],
            [
              141.7958329405547,
              8.274237842774163
            ]
          ]
        ]
      },
      "id": "61325bae-e0ec-4d61-be3d-9a5e5842eab3"
    },
    {
      "type": "Feature",
      "properties": {
        "id": "11ce75cd-04ca-45d4-aaa8-84c56dc42ed1",
        "name": "sketch459-1"
      },
      "geometry": {
        "type": "Polygon",
        "coordinates": [
          [
            [
              141.4647313151868,
              6.481165672466154
            ],
            [
              141.35686351525035,
              6.237953773621541
            ],
            [
              141.79903118989517,
              6.03417373988648
            ],
            [
              141.60932007038457,
              6.108941790491952
            ],
            [
              141.5152781628162,
              6.021300731546931
            ],
            [
              141.20827019491315,
              5.8323727853836145
            ],
            [
              141.22385878733525,
              6.220635454053874
            ],
            [
              140.9180783312355,
              6.338462125252125
            ],
            [
              140.954542672758,
              6.364181385975645
            ],
            [
              141.2416731561388,
              6.293692347559743
            ],
            [
              141.4647313151868,
              6.481165672466154
            ]
          ]
        ]
      },
      "id": "11ce75cd-04ca-45d4-aaa8-84c56dc42ed1"
    },
    {
      "type": "Feature",
      "properties": {
        "id": "bed5cb57-9247-4e81-b197-71ea0743be91",
        "name": "sketch459-2"
      },
      "geometry": {
        "type": "Polygon",
        "coordinates": [
          [
            [
              150.89441365405378,
              11.631372340654698
            ],
            [
              150.6721675312569,
              11.33104021143914
            ],
            [
              151.0344216042414,
              11.233494427031394
            ],
            [
              150.61118484353085,
              11.251825703551157
            ],
            [
              150.60044177658054,
              11.211731322156089
            ],
            [
              150.5831657988583,
              11.250222771708259
            ],
            [
              150.50340644463427,
              11.22212708944001
            ],
            [
              150.56171375443608,
              11.280820008724541
            ],
            [
              150.4711083882338,
              11.426220465336593
            ],
            [
              150.4253411437048,
              11.570096116284422
            ],
            [
              150.89441365405378,
              11.631372340654698
            ]
          ]
        ]
      },
      "id": "bed5cb57-9247-4e81-b197-71ea0743be91"
    },
    {
      "type": "Feature",
      "properties": {
        "id": "3276154d-841a-47f8-92a8-bacc2c93d585",
        "name": "sketch459-3"
      },
      "geometry": {
        "type": "Polygon",
        "coordinates": [
          [
            [
              141.15424196668448,
              13.104627322903209
            ],
            [
              141.2932526606497,
              13.033317314516388
            ],
            [
              141.27160225067777,
              12.922096954136284
            ],
            [
              141.31338728353802,
              12.670427286186015
            ],
            [
              140.99146907355419,
              12.89328955842953
            ],
            [
              140.97937290300467,
              12.945547331149756
            ],
            [
              140.676117267876,
              12.732864749896255
            ],
            [
              140.6776708339049,
              12.794019496111128
            ],
            [
              140.8958957116376,
              12.964689153714133
            ],
            [
              140.68835064591772,
              13.295508239182915
            ],
            [
              141.15424196668448,
              13.104627322903209
            ]
          ]
        ]
      },
      "id": "3276154d-841a-47f8-92a8-bacc2c93d585"
    },
    {
      "type": "Feature",
      "properties": {
        "id": "2df2f1f4-c8b1-415b-9e0d-dfa3824b1ecf",
        "name": "sketch459-4"
      },
      "geometry": {
        "type": "Polygon",
        "coordinates": [
          [
            [
              143.7428586951895,
              2.7730753502343775
            ],
            [
              143.55804683323947,
              2.5804159480938265
            ],
            [
              143.45720856638513,
              2.4784269654885276
            ],
            [
              143.14852008254783,
              2.2967554489439843
            ],
            [
              143.05687293717256,
              2.5857118941985426
            ],
            [
              143.3676600260346,
              2.672555961239905
            ],
            [
              143.09183754463837,
              2.83724436190086
            ],
            [
              143.42771818708417,
              2.684435741375019
            ],
            [
              143.349007524218,
              3.1300210849235204
            ],
            [
              143.42393117928424,
              3.0498480219061714
            ],
            [
              143.7428586951895,
              2.7730753502343775
            ]
          ]
        ]
      },
      "id": "2df2f1f4-c8b1-415b-9e0d-dfa3824b1ecf"
    },
    {
      "type": "Feature",
      "properties": {
        "id": "9b1fb2f0-a57a-4773-b6b7-67cd819e44db",
        "name": "sketch459-5"
      },
      "geometry": {
        "type": "Polygon",
        "coordinates": [
          [
            [
              149.9148470387814,
              11.8955897758987
            ],
            [
              149.9489799681831,
              11.649267503481276
            ],
            [
              150.13303274340907,
              11.715247723670501
            ],
            [
              149.76748497506352,
              11.542361148626942
            ],
            [
              149.73948990690056,
              11.38964732596758
            ],
            [
              149.72476997534338,
              11.348725217397964
            ],
            [
              149.678039116459,
              11.278135254824043
            ],
            [
              149.48179867151507,
              11.20098960844695
            ],
            [
              149.28025869620444,
              11.448226521126582
            ],
            [
              149.4488990887486,
              11.751491270430908
            ],
            [
              149.9148470387814,
              11.8955897758987
            ]
          ]
        ]
      },
      "id": "9b1fb2f0-a57a-4773-b6b7-67cd819e44db"
    },
    {
      "type": "Feature",
      "properties": {
        "id": "c38c8cbf-eed4-4304-8e45-2f88f7db6adf",
        "name": "sketch459-6"
      },
      "geometry": {
        "type": "Polygon",
        "coordinates": [
          [
            [
              165.772446916441,
              8.05742521183491
            ],
            [
              165.97053622972606,
              7.961389286243845
            ],
            [
              165.91694970205813,
              7.642144548952808
            ],
            [
              165.57341320662604,
              7.5426107486807314
            ],
            [
              165.5393510036197,
              7.5798827781453335
            ],
            [
              165.4544705952806,
              7.790353731492438
            ],
            [
              165.19568310342166,
              7.864537385850641
            ],
            [
              165.61474150435427,
              7.886078295600808
            ],
            [
              165.55874289680426,
              7.927470944745699
            ],
            [
              165.51113208398843,
              8.044171269642046
            ],
            [
              165.772446916441,
              8.05742521183491
            ]
          ]
        ]
      },
      "id": "c38c8cbf-eed4-4304-8e45-2f88f7db6adf"
    },
    {
      "type": "Feature",
      "properties": {
        "id": "f4564703-e630-4e99-9425-fa10f03da173",
        "name": "sketch459-7"
      },
      "geometry": {
        "type": "Polygon",
        "coordinates": [
          [
            [
              161.28675802441467,
              13.086296499121445
            ],
            [
              161.35821919681072,
              12.770189430195098
            ],
            [
              161.2840132657399,
              12.745824955052278
            ],
            [
              161.34421093065635,
              12.733724442394438
            ],
            [
              161.450810981867,
              12.66373742454536
            ],
            [
              161.36119078301388,
              12.589575777938993
            ],
            [
              161.08415219259885,
              12.544013804110566
            ],
            [
              161.1151280908634,
              12.735741574751339
            ],
            [
              161.0269892342285,
              12.717158426248853
            ],
            [
              160.84591779673616,
              12.942936077346928
            ],
            [
              161.28675802441467,
              13.086296499121445
            ]
          ]
        ]
      },
      "id": "f4564703-e630-4e99-9425-fa10f03da173"
    },
    {
      "type": "Feature",
      "properties": {
        "id": "beb74380-a6fa-4a08-9fb5-1dd2ff0e1c2d",
        "name": "sketch459-8"
      },
      "geometry": {
        "type": "Polygon",
        "coordinates": [
          [
            [
              158.29254605190897,
              12.050379350072438
            ],
            [
              158.67057675224208,
              11.884745266216543
            ],
            [
              158.3445457892247,
              11.958164912764081
            ],
            [
              158.37067785528535,
              11.816075172025911
            ],
            [
              158.17428428583756,
              11.77108887756495
            ],
            [
              157.96963336948835,
              11.758193934817925
            ],
            [
              157.88109752799448,
              11.95852685490145
            ],
            [
              158.00199591950363,
              12.028596676246652
            ],
            [
              157.9959459645847,
              12.034426203953831
            ],
            [
              158.17825812776633,
              12.228087062295815
            ],
            [
              158.29254605190897,
              12.050379350072438
            ]
          ]
        ]
      },
      "id": "beb74380-a6fa-4a08-9fb5-1dd2ff0e1c2d"
    }
  ],
  "bbox": [
    140.676117267876,
    2.2967554489439843,
    165.97053622972606,
    13.295508239182915
  ]
}
