{
  "type": "FeatureCollection",
  "features": [
    {
      "type": "Feature",
      "properties": {
        "id": "efb357e0-56e2-47a0-9158-f51366855f8c",
        "name": "sketch365-0"
      },
      "geometry": {
        "type": "Polygon",
        "coordinates": [
          [
            [
              158.50118475017973,
              2.6239879229670175
            ],
            [
              158.4286835169252,
              2.5115325003821654
            ],
            [
              158.4683066063427,
              2.4928608565743966
            ],
            [
              158.54136394262426,
              2.312316005269646
            ],
            [
              158.31780713682036,
              2.1547470381857847
            ],
            [
              158.28519561064695,
              2.394055049229725
            ],
            [
              158.02084314875248,
              2.3759179809102955
            ],
            [
              157.93315656399545,
              2.4874551608693083
            ],
            [
              158.31421888820654,
              2.597582166559622
            ],
            [
              158.37496203051643,
              2.6283997946070663
            ],
            [
              158.50118475017973,
              2.6239879229670175
            ]
          ]
        ]
      },
      "id": "efb357e0-56e2-47a0-9158-f51366855f8c"
    },
    {
      "type": "Feature",
      "properties": {
        "id": "eac2bbb0-bb16-4f3a-9392-d5dd738f029b",
        "name": "sketch365-1"
      },
      "geometry": {
        "type": "Polygon",
        "coordinates": [
          [
            [
              150.5667447156003,
              3.380005576513901
            ],
            [
              150.5152249720061,
              3.2241298339445112
            ],
            [
              150.473617823164,
              3.210449126065451
            ],
            [
              150.72067089342588,
              2.9104894560731585
            ],
            [
              150.34685973050676,
              3.1642511089124996
            ],
            [
              150.2994155778108,
              3.121012127946026
            ],
            [
              150.2358612775902,
              3.2087575907325663
            ],
            [
              150.06438832316314,
              3.2309696799195757
            ],
            [
              150.20643671813568,
              3.403711545535959
            ],
            [
              150.27050683890772,
              3.6100890458759816
            ],
            [
              150.5667447156003,
              3.380005576513901
            ]
          ]
        ]
      },
      "id": "eac2bbb0-bb16-4f3a-9392-d5dd738f029b"
    },
    {
      "type": "Feature",
      "properties": {
        "id": "f7e815b0-63d6-4f2d-b964-9c719ef92374",
        "name": "sketch365-2"
      },
      "geometry": {
        "type": "Polygon",
        "coordinates": [
          [
            [
              136.60212431791942,
              1.8650400826117621
            ],
            [
              136.69369997704638,
              1.464202426996522
            ],
            [
              136.84587404572062,
              1.481514975913545
            ],
            [
              136.80369242767588,
              1.2179264616758754
            ],
            [
              136.4501944268969,
              1.1666552944028412
            ],
            [
              136.43925836229377,
              1.1615836241085087
            ],
            [
              136.474630892097,
              1.3667646266772602
            ],
            [
              136.33024681156985,
              1.5152356623500134
            ],
            [
              136.3305397335782,
              1.5760313070938778
            ],
            [
              136.5108026826405,
              1.6905237063111387
            ],
            [
              136.60212431791942,
              1.8650400826117621
            ]
          ]
        ]
      },
      "id": "f7e815b0-63d6-4f2d-b964-9c719ef92374"
    },
    {
      "type": "Feature",
      "properties": {
        "id": "d878c440-2837-4ed1-9ee2-c20ccd6f6398",
        "name": "sketch365-3"
      },
      "geometry": {
        "type": "Polygon",
        "coordinates": [
          [
            [
              137.77327048161396,
              5.682780687361014
            ],
            [
              137.84192332068406,
              5.549583430503453
            ],
            [
              138.05272460733093,
              5.3486232175981145
            ],
            [
              137.85219556541446,
              5.287303820107074
            ],
            [
              137.7731354990367,
              5.256678774514015
            ],
            [
              137.79480795659933,
              4.91810044436432
            ],
            [
              137.64457141708766,
              5.2629807355135325
            ],
            [
              137.41824811932983,
              5.330649293243169
            ],
            [
              137.52124221561417,
              5.539960836850197
            ],
            [
              137.6441379735287,
              5.791231828459056
            ],
            [
              137.77327048161396,
              5.682780687361014
            ]
          ]
        ]
      },
      "id": "d878c440-2837-4ed1-9ee2-c20ccd6f6398"
    },
    {
      "type": "Feature",
      "properties": {
        "id": "36db429f-aa18-47bb-ac35-cd01bc532104",
        "name": "sketch365-4"
      },
      "geometry": {
        "type": "Polygon",
        "coordinates": [
          [
            [
              135.48646969610678,
              12.501543133820187
            ],
            [
              135.77699385940878,
              12.543664608596874
            ],
            [
              135.7166760970897,
              12.203127903888701
            ],
            [
              135.50616042113842,
              12.122616100633731
            ],
            [
              135.3843701731445,
              12.120963975397595
            ],
            [
              135.15951278374948,
              12.039297656358436
            ],
            [
              135.0371770029151,
              12.218217390978982
            ],
            [
              134.9986380807822,
              12.40781202220687
            ],
            [
              135.17882685501831,
              12.516799512517437
            ],
            [
              135.33349383102907,
              12.576382982631156
            ],
            [
              135.48646969610678,
              12.501543133820187
            ]
          ]
        ]
      },
      "id": "36db429f-aa18-47bb-ac35-cd01bc532104"
    }
  ],
  "bbox": [
    134.9986380807822,
    1.1615836241085087,
    158.54136394262426,
    12.576382982631156
  ]
}
