{
  "type": "FeatureCollection",
  "features": [
    {
      "type": "Feature",
      "properties": {
        "id": "0ecc806c-b9ba-4b34-aebb-8d9caaa77cd1",
        "name": "sketch152-0"
      },
      "geometry": {
        "type": "Polygon",
        "coordinates": [
          [
            [
              139.45213309003418,
              6.992456584520013
            ],
            [
              139.53153165391257,
              6.902247446099671
            ],
            [
              139.67692092670282,
              6.792485414876836
            ],
            [
              139.48405498276512,
              6.629176708733126
            ],
            [
              139.29536062976632,
              6.643863510764053
            ],
            [
              139.12708140295112,
              6.7657715995060626
            ],
            [
              139.08472373887537,
              7.017074728816197
            ],
            [
              139.2819679601743,
              7.109693502984792
            ],
            [
              139.34206689961277,
              7.024958250384318
            ],
            [
              139.3553116561942,
              7.094868238615929
            ],
            [
              139.45213309003418,
              6.992456584520013
            ]
          ]
        ]
      },
      "id": "0ecc806c-b9ba-4b34-aebb-8d9caaa77cd1"
    },
    {
      "type": "Feature",
      "properties": {
        "id": "6e0c86da-0c8f-468f-bc46-673bfe1856d8",
        "name": "sketch152-1"
      },
      "geometry": {
        "type": "Polygon",
        "coordinates": [
          [
            [
              147.98670159181472,
              3.0830460455412294
            ],
            [
              147.76400710456946,
              2.77215888131914
            ],
            [
              147.9485855716071,
              2.8443930877092365
            ],
            [
              147.9858068550161,
              2.6706991181739355
            ],
            [
              147.82287570304226,
              2.708716118413181
            ],
            [
              147.78916413454252,
              2.63168334801007
            ],
            [
              147.7093181242585,
              2.6149970740752986
            ],
            [
              147.51289938732364,
              2.627338079544936
            ],
            [
              147.29649646039366,
              2.700891811929526
            ],
            [
              147.3629557271696,
              3.084676835381474
            ],
            [
              147.98670159181472,
              3.0830460455412294
            ]
          ]
        ]
      },
      "id": "6e0c86da-0c8f-468f-bc46-673bfe1856d8"
    }
  ],
  "bbox": [
    139.08472373887537,
    2.6149970740752986,
    147.98670159181472,
    7.109693502984792
  ]
}
