{
  "type": "FeatureCollection",
  "features": [
    {
      "type": "Feature",
      "properties": {
        "id": "6730911a-a596-48a7-80f1-b71f5b803d2d",
        "name": "sketch200-0"
      },
      "geometry": {
        "type": "Polygon",
        "coordinates": [
          [
            [
              148.4943067843597,
              5.422224018926609
            ],
            [
              148.58108640143664,
              5.493723015435249
            ],
            [
              148.66681790572412,
              5.32553458431829
            ],
            [
              148.6355643426557,
              5.213284418375236
            ],
            [
              148.5722510483606,
              4.996277561178076
            ],
            [
              148.56900450602512,
              4.962561107467858
            ],
            [
              148.4026535243195,
              4.845278970057559
            ],
            [
              148.19711530435345,
              4.997920196791344
            ],
            [
              148.01947847363232,
              5.29695027304129
            ],
            [
              148.37298185331002,
              5.343348558533144
            ],
            [
              148.4943067843597,
              5.422224018926609
            ]
          ]
        ]
      },
      "id": "6730911a-a596-48a7-80f1-b71f5b803d2d"
    },
    {
      "type": "Feature",
      "properties": {
        "id": "9a591ba9-e061-4d2f-82aa-b1bd446b5760",
        "name": "sketch200-1"
      },
      "geometry": {
        "type": "Polygon",
        "coordinates": [
          [
            [
              137.2888969362331,
              6.444472399023478
            ],
            [
              137.27553070569672,
              6.236374838688519
            ],
            [
              137.43451290589618,
              6.1501809198433515
            ],
            [
              137.14807613047225,
              6.221908139618337
            ],
            [
              137.42948701364165,
              6.0634167652230815
            ],
            [
              137.0767437522177,
              6.2290965877947695
            ],
            [
              137.09707138951572,
              5.798085740726942
            ],
            [
              136.69497685208125,
              6.106895958507233
            ],
            [
              136.78355747180402,
              6.451490158377129
            ],
            [
              136.9466924234758,
              6.748586274177511
            ],
            [
              137.2888969362331,
              6.444472399023478
            ]
          ]
        ]
      },
      "id": "9a591ba9-e061-4d2f-82aa-b1bd446b5760"
    },
    {
      "type": "Feature",
      "properties": {
        "id": "20d1d46a-2ce1-4667-a14b-13c6b5b4fc09",
        "name": "sketch200-2"
      },
      "geometry": {
        "type": "Polygon",
        "coordinates": [
          [
            [
              163.65327479160027,
              3.694387166896491
            ],
            [
              163.65583614520258,
              3.6263072856221497
            ],
            [
              163.97908562735955,
              3.807774574726698
            ],
            [
              163.93149011662666,
              3.6837920232060335
            ],
            [
              164.1039432697262,
              3.502864684234364
            ],
            [
              163.81880683362022,
              3.2017592129773913
            ],
            [
              163.47635442152355,
              3.1824068333434337
            ],
            [
              163.22065707009364,
              3.5279896477199992
            ],
            [
              163.62467077067396,
              3.6471507406568735
            ],
            [
              163.48210280623317,
              3.9558589784648723
            ],
            [
              163.65327479160027,
              3.694387166896491
            ]
          ]
        ]
      },
      "id": "20d1d46a-2ce1-4667-a14b-13c6b5b4fc09"
    },
    {
      "type": "Feature",
      "properties": {
        "id": "cf9f278a-7a05-4427-ba40-01418cac164e",
        "name": "sketch200-3"
      },
      "geometry": {
        "type": "Polygon",
        "coordinates": [
          [
            [
              165.74971886134006,
              1.6192332308648016
            ],
            [
              165.87089114039273,
              1.6727179676397181
            ],
            [
              165.9112458455604,
              1.6319245774334976
            ],
            [
              165.99964279693512,
              1.5048626441564559
            ],
            [
              165.99224328489518,
              1.1529198276278738
            ],
            [
              165.6317213412117,
              1.233715331980519
            ],
            [
              165.50163693099677,
              1.2625359075028089
            ],
            [
              165.44404329457393,
              1.301395676521256
            ],
            [
              165.54861328540235,
              1.3604738061206325
            ],
            [
              165.29868715716592,
              1.5376646353950583
            ],
            [
              165.74971886134006,
              1.6192332308648016
            ]
          ]
        ]
      },
      "id": "cf9f278a-7a05-4427-ba40-01418cac164e"
    },
    {
      "type": "Feature",
      "properties": {
        "id": "787ce791-abef-4553-80b5-575c64ccb754",
        "name": "sketch200-4"
      },
      "geometry": {
        "type": "Polygon",
        "coordinates": [
          [
            [
              144.27324810657987,
              6.898091467896022
            ],
            [
              144.6327889940614,
              6.989034484957722
            ],
            [
              144.65045012838058,
              6.744878391711034
            ],
            [
              144.53379273280686,
              6.651325936073037
            ],
            [
              144.24001515553977,
              6.716920054604924
            ],
            [
              144.04042823868113,
              6.709372665062491
            ],
            [
              144.14778247028156,
              6.823743220315918
            ],
            [
              144.182001533308,
              6.9032598450789875
            ],
            [
              144.2295877660716,
              6.887581268787433
            ],
            [
              144.05539831064246,
              7.096230635764866
            ],
            [
              144.27324810657987,
              6.898091467896022
            ]
          ]
        ]
      },
      "id": "787ce791-abef-4553-80b5-575c64ccb754"
    },
    {
      "type": "Feature",
      "properties": {
        "id": "06318ae3-aa88-4aa5-8cad-8d04d1916088",
        "name": "sketch200-5"
      },
      "geometry": {
        "type": "Polygon",
        "coordinates": [
          [
            [
              158.59281392287832,
              11.274122927992837
            ],
            [
              158.78586202825008,
              11.15115147799603
            ],
            [
              158.87708483273204,
              11.155741770979304
            ],
            [
              158.7972854756781,
              10.7847779909918
            ],
            [
              158.50764253424506,
              10.887360440796527
            ],
            [
              158.34977776211068,
              10.877476479942478
            ],
            [
              158.20096495469363,
              10.733369897988371
            ],
            [
              158.1328562712377,
              11.041201216789869
            ],
            [
              158.41333839062457,
              11.115672112064386
            ],
            [
              158.41504172540022,
              11.123794061728768
            ],
            [
              158.59281392287832,
              11.274122927992837
            ]
          ]
        ]
      },
      "id": "06318ae3-aa88-4aa5-8cad-8d04d1916088"
    },
    {
      "type": "Feature",
      "properties": {
        "id": "c8423d7e-ddf5-490c-afda-4cb50a78f631",
        "name": "sketch200-6"
      },
      "geometry": {
        "type": "Polygon",
        "coordinates": [
          [
            [
              148.74011807876357,
              0.9770122027947197
            ],
            [
              148.67393179928177,
              0.8944197291896663
            ],
            [
              149.1254114165525,
              0.7126657375211181
            ],
            [
              148.76142777459393,
              0.5679912214010501
            ],
            [
              148.6999361752979,
              0.7505021136102733
            ],
            [
              148.6931077207805,
              0.5804717459168568
            ],
            [
              148.64439344060867,
              0.8153019289582953
            ],
            [
              148.29505973520796,
              0.7238367230143835
            ],
            [
              148.52527391403498,
              0.9115350338941295
            ],
            [
              148.36427638206544,
              1.2273014158242181
            ],
            [
              148.74011807876357,
              0.9770122027947197
            ]
          ]
        ]
      },
      "id": "c8423d7e-ddf5-490c-afda-4cb50a78f631"
    },
    {
      "type": "Feature",
      "properties": {
        "id": "149918b2-1a9e-4153-898d-2935ab902bc1",
        "name": "sketch200-7"
      },
      "geometry": {
        "type": "Polygon",
        "coordinates": [
          [
            [
              157.92685827222687,
              1.9947659820259789
            ],
            [
              157.94685017270822,
              1.7487854240378629
            ],
            [
              158.14169011491123,
              1.6783484384664566
            ],
            [
              158.1407318201668,
              1.618259287559469
            ],
            [
              158.00131123480304,
              1.4640336484364866
            ],
            [
              157.75757324589225,
              1.281989635621653
            ],
            [
              157.55550325064632,
              1.4802122321216724
            ],
            [
              157.7578373532543,
              1.6615717904319387
            ],
            [
              157.48632790622838,
              1.889950785187958
            ],
            [
              157.6473351026019,
              1.8333802651322921
            ],
            [
              157.92685827222687,
              1.9947659820259789
            ]
          ]
        ]
      },
      "id": "149918b2-1a9e-4153-898d-2935ab902bc1"
    },
    {
      "type": "Feature",
      "properties": {
        "id": "1d1c9069-bb05-4899-bda2-599318b0cfab",
        "name": "sketch200-8"
      },
      "geometry": {
        "type": "Polygon",
        "coordinates": [
          [
            [
              162.2577166435558,
              8.66761899462906
            ],
            [
              162.27445432714467,
              8.625842998340941
            ],
            [
              162.43172190583883,
              8.361999040785046
            ],
            [
              162.22594640264833,
              8.485355273167404
            ],
            [
              162.10188984591005,
              8.516258830143691
            ],
            [
              161.988495624005,
              8.447224765450413
            ],
            [
              161.80425337125538,
              8.511646966938967
            ],
            [
              161.71039653645445,
              8.742834411671923
            ],
            [
              162.06421427322005,
              8.639598275828758
            ],
            [
              162.09926059563236,
              8.641251406970424
            ],
            [
              162.2577166435558,
              8.66761899462906
            ]
          ]
        ]
      },
      "id": "1d1c9069-bb05-4899-bda2-599318b0cfab"
    },
    {
      "type": "Feature",
      "properties": {
        "id": "6c3008f1-0c0c-40f5-86b8-afe081be3f80",
        "name": "sketch200-9"
      },
      "geometry": {
        "type": "Polygon",
        "coordinates": [
          [
            [
              159.43427446047204,
              8.26734194323799
            ],
            [
              159.49982959646613,
              8.250487342650597
            ],
            [
              159.7280969152594,
              8.030161686433486
            ],
            [
              159.38129710311654,
              8.183498929254476
            ],
            [
              159.36345070005774,
              8.157894616098853
            ],
            [
              159.26412127262518,
              8.022006355924342
            ],
            [
              159.20092178405176,
              8.025325481316662
            ],
            [
              158.9131910864343,
              8.039145900662803
            ],
            [
              159.2652843902511,
              8.21977997701565
            ],
            [
              159.30159749999387,
              8.318003397477545
            ],
            [
              159.43427446047204,
              8.26734194323799
            ]
          ]
        ]
      },
      "id": "6c3008f1-0c0c-40f5-86b8-afe081be3f80"
    }
  ],
  "bbox": [
    136.69497685208125,
    0.5679912214010501,
    165.99964279693512,
    11.274122927992837
  ]
}
