{
  "type": "FeatureCollection",
  "features": [
    {
      "type": "Feature",
      "properties": {
        "id": "ac8ea1cb-995c-44a4-b58a-44970c2aa9d6",
        "name": "sketch497-0"
      },
      "geometry": {
        "type": "Polygon",
        "coordinates": [
          [
            [
              150.0894141276757,
              12.625638068023529
            ],
            [
              150.1572417894304,
              12.631153827070744
            ],
            [
              150.14262978359685,
              12.62820061707699
            ],
            [
              150.2024862110865,
              12.570382148449491
            ],
            [
              150.09319697679163,
              12.577678193800221
            ],
            [
              150.06767313856994,
              12.462156918291491
            ],
            [
              149.90769789968545,
              12.320569651715756
            ],
            [
              149.83865125524645,
              12.456561462606187
            ],
            [
              149.9208466753417,
              12.664313326046681
            ],
            [
              149.84924558457578,
              13.041346036704923
            ],
            [
              150.0894141276757,
              12.625638068023529
            ]
          ]
        ]
      },
      "id": "ac8ea1cb-995c-44a4-b58a-44970c2aa9d6"
    },
    {
      "type": "Feature",
      "properties": {
        "id": "6e8a2464-4512-441c-9137-ecf4ac3bd6c9",
        "name": "sketch497-1"
      },
      "geometry": {
        "type": "Polygon",
        "coordinates": [
          [
            [
              160.60079127766957,
              3.793193014118902
            ],
            [
              160.83192191454177,
              3.779903812868031
            ],
            [
              160.68330032801126,
              3.713385003470196
            ],
            [
              160.75579085513928,
              3.488354303616228
            ],
            [
              160.58049878626767,
              3.4571742241260353
            ],
            [
              160.37624070144173,
              3.413500902867183
            ],
            [
              160.39673074382637,
              3.6316909566408584
            ],
            [
              160.1383335355571,
              3.609800801986449
            ],
            [
              160.16433878605625,
              3.78744026834025
            ],
            [
              160.44041355775764,
              3.9190469164681523
            ],
            [
              160.60079127766957,
              3.793193014118902
            ]
          ]
        ]
      },
      "id": "6e8a2464-4512-441c-9137-ecf4ac3bd6c9"
    },
    {
      "type": "Feature",
      "properties": {
        "id": "f60cdfb4-dc0d-46d6-b3bf-2f212896c975",
        "name": "sketch497-2"
      },
      "geometry": {
        "type": "Polygon",
        "coordinates": [
          [
            [
              164.97992793143695,
              11.847219938532453
            ],
            [
              165.12302071472925,
              11.555213110335298
            ],
            [
              165.15218821335588,
              11.461211732859512
            ],
            [
              164.93925658416578,
              11.300949464369225
            ],
            [
              164.92052336657116,
              11.235817088644676
            ],
            [
              164.81406732717497,
              11.278403061360452
            ],
            [
              164.6656725448983,
              11.04057066645296
            ],
            [
              164.580843520765,
              11.216083904419728
            ],
            [
              164.63611157060103,
              11.575316904920232
            ],
            [
              164.8243321516545,
              11.402814739538531
            ],
            [
              164.97992793143695,
              11.847219938532453
            ]
          ]
        ]
      },
      "id": "f60cdfb4-dc0d-46d6-b3bf-2f212896c975"
    },
    {
      "type": "Feature",
      "properties": {
        "id": "2f1a3696-c85b-41e4-bba3-15e021a8b60d",
        "name": "sketch497-3"
      },
      "geometry": {
        "type": "Polygon",
        "coordinates": [
          [
            [
              141.93079561209154,
              9.563904291572333
            ],
            [
              142.22815613829087,
              9.719638113793522
            ],
            [
              142.17794806629124,
              9.596226747880651
            ],
            [
              142.08712821500225,
              9.565635736208007
            ],
            [
              141.96216256398327,
              9.514042007022388
            ],
            [
              142.08526910050998,
              9.079384221737387
            ],
            [
              141.88352267492894,
              9.465613872293234
            ],
            [
              141.81969366334556,
              9.502085072189352
            ],
            [
              141.53535036611714,
              9.636283141051017
            ],
            [
              141.71437847469986,
              9.86411604836045
            ],
            [
              141.93079561209154,
              9.563904291572333
            ]
          ]
        ]
      },
      "id": "2f1a3696-c85b-41e4-bba3-15e021a8b60d"
    },
    {
      "type": "Feature",
      "properties": {
        "id": "97db7967-e72e-40d8-bbea-879a7ea3e161",
        "name": "sketch497-4"
      },
      "geometry": {
        "type": "Polygon",
        "coordinates": [
          [
            [
              165.50085506473715,
              8.545945257335408
            ],
            [
              165.4819667854116,
              8.450357489228368
            ],
            [
              165.78538637622324,
              8.33357592258196
            ],
            [
              165.8200753350256,
              8.2790417880686
            ],
            [
              165.38776611590376,
              8.300602664995003
            ],
            [
              165.33533706013688,
              8.275135481520733
            ],
            [
              165.274262429546,
              8.248402249245288
            ],
            [
              165.1236735303672,
              8.325341761695865
            ],
            [
              165.34304368503172,
              8.369918478559386
            ],
            [
              165.34100594209917,
              8.495028141435473
            ],
            [
              165.50085506473715,
              8.545945257335408
            ]
          ]
        ]
      },
      "id": "97db7967-e72e-40d8-bbea-879a7ea3e161"
    },
    {
      "type": "Feature",
      "properties": {
        "id": "184031a7-893f-44a5-b394-8a1fba9f3f1c",
        "name": "sketch497-5"
      },
      "geometry": {
        "type": "Polygon",
        "coordinates": [
          [
            [
              147.55515280260443,
              10.303891898028107
            ],
            [
              147.8670712037386,
              10.141526251826328
            ],
            [
              147.55500551841433,
              10.040580043279224
            ],
            [
              147.51307573945107,
              9.700514163411802
            ],
            [
              147.41277571753767,
              9.853757655167312
            ],
            [
              147.43455994972348,
              10.081551199067752
            ],
            [
              147.32653883966978,
              10.072554891422055
            ],
            [
              147.44817477321328,
              10.185501680831555
            ],
            [
              147.44012077784748,
              10.243848411857941
            ],
            [
              147.3225948711157,
              10.59556079105322
            ],
            [
              147.55515280260443,
              10.303891898028107
            ]
          ]
        ]
      },
      "id": "184031a7-893f-44a5-b394-8a1fba9f3f1c"
    },
    {
      "type": "Feature",
      "properties": {
        "id": "5c33ca4e-d6cc-4f29-8d36-e4b6655562de",
        "name": "sketch497-6"
      },
      "geometry": {
        "type": "Polygon",
        "coordinates": [
          [
            [
              136.43154094095257,
              3.294189080305178
            ],
            [
              136.46629625226055,
              3.208937216674354
            ],
            [
              136.47729191096525,
              2.9785498744826215
            ],
            [
              136.30562258099226,
              3.1375975272173817
            ],
            [
              136.08677796887315,
              2.951068333624219
            ],
            [
              136.06541394726491,
              3.165950765357895
            ],
            [
              136.08779400082042,
              3.2885243801150046
            ],
            [
              136.24937949189263,
              3.252130865244011
            ],
            [
              136.21972090230676,
              3.531456947660819
            ],
            [
              136.29917055325984,
              3.454103763984902
            ],
            [
              136.43154094095257,
              3.294189080305178
            ]
          ]
        ]
      },
      "id": "5c33ca4e-d6cc-4f29-8d36-e4b6655562de"
    }
  ],
  "bbox": [
    136.06541394726491,
    2.951068333624219,
    165.8200753350256,
    13.041346036704923
  ]
}
