{
  "type": "FeatureCollection",
  "features": [
    {
      "type": "Feature",
      "properties": {
        "id": "a2d49739-f28c-402f-9dff-fad839b85421",
        "name": "sketch2-0"
      },
      "geometry": {
        "type": "Polygon",
        "coordinates": [
          [
            [
              161.8919592851611,
              8.211592000598502
            ],
            [
              162.04247678827232,
              8.148296962633522
            ],
            [
              161.92730060375837,
              8.176357585846189
            ],
            [
              162.22613738508556,
              7.864375695757622
            ],
            [
              161.9850125063075,
              8.016328331451641
            ],
            [
              161.82208521311557,
              7.88639301174704
            ],
            [
              161.83837995191618,
              8.16472746135482
            ],
            [
              161.7854315937611,
              8.210441910237897
            ],
            [
              161.75404502629073,
              8.237890894794619
            ],
            [
              161.87227349693302,
              8.207285618588903
            ],
            [
              161.8919592851611,
              8.211592000598502
            ]
          ]
        ]
      },
      "id": "a2d49739-f28c-402f-9dff-fad839b85421"
    },
    {
      "type": "Feature",
      "properties": {
        "id": "fe36c59e-5e04-4d1a-b7ff-079114a4a0a9",
        "name": "sketch2-1"
      },
      "geometry": {
        "type": "Polygon",
        "coordinates": [
          [
            [
              162.87739137008708,
              4.68092616122836
            ],
            [
              162.96495195950268,
              4.446203190057627
            ],
            [
              163.05250852896125,
              4.224017709631587
            ],
            [
              162.92085019787646,
              4.2734006596157545
            ],
            [
              162.77074291607698,
              4.3570682213262435
            ],
            [
              162.4969719103457,
              4.248861054714836
            ],
            [
              162.33994766813336,
              4.441632018230831
            ],
            [
              162.66011563197128,
              4.449401364571251
            ],
            [
              162.4706460289303,
              4.774519949300277
            ],
            [
              162.66749627740978,
              4.592517804247664
            ],
            [
              162.87739137008708,
              4.68092616122836
            ]
          ]
        ]
      },
      "id": "fe36c59e-5e04-4d1a-b7ff-079114a4a0a9"
    }
  ],
  "bbox": [
    161.75404502629073,
    4.224017709631587,
    163.05250852896125,
    8.237890894794619
  ]
}
