{
  "type": "FeatureCollection",
  "features": [
    {
      "type": "Feature",
      "properties": {
        "id": "2211ee20-6003-43ed-bfb1-a85d91b40fbe",
        "name": "sketch198-0"
      },
      "geometry": {
        "type": "Polygon",
        "coordinates": [
          [
            [
              163.4737311135664,
              4.280243787266171
            ],
            [
              163.35449028316444,
              4.05780747836054
            ],
            [
              163.2262211655176,
              3.838763005704868
            ],
            [
              163.0769338880897,
              3.801135811307833
            ],
            [
              162.86909244391344,
              4.02933595007692
            ],
            [
              162.7714036510187,
              4.203139991471794
            ],
            [
              162.91646127861523,
              4.184232710913324
            ],
            [
              162.75767684772174,
              4.3000754563075345
            ],
            [
              162.88029495960015,
              4.299752231062749
            ],
            [
              162.90030736257614,
              4.328655452070186
            ],
            [
              163.4737311135664,
              4.280243787266171
            ]
          ]
        ]
      },
      "id": "2211ee20-6003-43ed-bfb1-a85d91b40fbe"
    },
    {
      "type": "Feature",
      "properties": {
        "id": "0c3a609e-33c0-41d6-b8d5-9dbafc9e6f29",
        "name": "sketch198-1"
      },
      "geometry": {
        "type": "Polygon",
        "coordinates": [
          [
            [
              156.8868444278786,
              -0.7769904227264024
            ],
            [
              156.80663430157134,
              -0.9332900419588211
            ],
            [
              156.85906749690335,
              -1.001966412400815
            ],
            [
              156.87894226339057,
              -1.1550102118887733
            ],
            [
              156.73035325663702,
              -1.2913488571851393
            ],
            [
              156.65233224977555,
              -1.333377133345561
            ],
            [
              156.6650401688001,
              -1.2657725273481581
            ],
            [
              156.5153317383929,
              -1.1440193321972212
            ],
            [
              156.6865269720789,
              -0.937266229050052
            ],
            [
              156.62333369742254,
              -0.8151671490368722
            ],
            [
              156.8868444278786,
              -0.7769904227264024
            ]
          ]
        ]
      },
      "id": "0c3a609e-33c0-41d6-b8d5-9dbafc9e6f29"
    },
    {
      "type": "Feature",
      "properties": {
        "id": "a3c82a5e-3baa-438f-a689-6afe635caa9f",
        "name": "sketch198-2"
      },
      "geometry": {
        "type": "Polygon",
        "coordinates": [
          [
            [
              156.13244000425573,
              12.894667730593843
            ],
            [
              156.15342012796438,
              12.812720558465228
            ],
            [
              156.05669820421406,
              12.542234379494827
            ],
            [
              156.16071095002144,
              12.519956512692664
            ],
            [
              156.3389667623109,
              12.217807360711596
            ],
            [
              155.97939736861323,
              12.457036615385288
            ],
            [
              155.79863416718752,
              12.300601454144013
            ],
            [
              155.64848195220597,
              12.383532496064435
            ],
            [
              155.68249105994065,
              12.543932158307738
            ],
            [
              155.89743034115574,
              12.594363540591418
            ],
            [
              156.13244000425573,
              12.894667730593843
            ]
          ]
        ]
      },
      "id": "a3c82a5e-3baa-438f-a689-6afe635caa9f"
    },
    {
      "type": "Feature",
      "properties": {
        "id": "6530acf3-4b9c-44c4-b18a-b00a59892c0e",
        "name": "sketch198-3"
      },
      "geometry": {
        "type": "Polygon",
        "coordinates": [
          [
            [
              152.74340146008842,
              9.845339454865433
            ],
            [
              152.79537482403563,
              9.592440260696684
            ],
            [
              152.3832454283069,
              9.66375259928505
            ],
            [
              152.62079994347522,
              9.417052670110177
            ],
            [
              152.56543473769003,
              9.431582327684678
            ],
            [
              152.3310758006034,
              9.47168247479068
            ],
            [
              152.09951038157504,
              9.425418427244487
            ],
            [
              151.92751825412958,
              9.465132873199101
            ],
            [
              152.09879431224152,
              9.675181832291909
            ],
            [
              152.10768098004098,
              9.998534524018243
            ],
            [
              152.74340146008842,
              9.845339454865433
            ]
          ]
        ]
      },
      "id": "6530acf3-4b9c-44c4-b18a-b00a59892c0e"
    },
    {
      "type": "Feature",
      "properties": {
        "id": "e691b666-7e83-4ebe-87c3-152d8ec8340e",
        "name": "sketch198-4"
      },
      "geometry": {
        "type": "Polygon",
        "coordinates": [
          [
            [
              160.8188841917315,
              12.531511117984222
            ],
            [
              160.88378889917448,
              12.354902468421887
            ],
            [
              161.24687498335652,
              12.221213076397547
            ],
            [
              160.89300661508807,
              12.12053250608754
            ],
            [
              160.7795673788143,
              11.927935854256292
            ],
            [
              160.53426480814161,
              12.056653416496264
            ],
            [
              160.59159169258103,
              12.24544115697174
            ],
            [
              160.4472303944414,
              12.610513609814765
            ],
            [
              160.61563445348295,
              12.5856873046611
            ],
            [
              160.7823881995024,
              12.444222448347105
            ],
            [
              160.8188841917315,
              12.531511117984222
            ]
          ]
        ]
      },
      "id": "e691b666-7e83-4ebe-87c3-152d8ec8340e"
    },
    {
      "type": "Feature",
      "properties": {
        "id": "082ff0be-42a2-4c36-97d6-6fbf227251eb",
        "name": "sketch198-5"
      },
      "geometry": {
        "type": "Polygon",
        "coordinates": [
          [
            [
              141.81438937688137,
              10.95989364823733
            ],
            [
              142.09180616206325,
              11.026499566351893
            ],
            [
              141.73655644959555,
              10.836508222949243
            ],
            [
              141.86253720745543,
              10.727054207834016
            ],
            [
              141.685633965308,
              10.365538967203127
            ],
            [
              141.65519356093066,
              10.713432479688658
            ],
            [
              141.43587756953,
              10.52426448488171
            ],
            [
              141.36104932062455,
              10.709934680456469
            ],
            [
              141.2783254443549,
              10.931559967207741
            ],
            [
              141.40594089893074,
              11.0828355792327
            ],
            [
              141.81438937688137,
              10.95989364823733
            ]
          ]
        ]
      },
      "id": "082ff0be-42a2-4c36-97d6-6fbf227251eb"
    },
    {
      "type": "Feature",
      "properties": {
        "id": "3bcd86a2-a4f8-47c1-b767-5ac545a94a11",
        "name": "sketch198-6"
      },
      "geometry": {
        "type": "Polygon",
        "coordinates": [
          [
            [
              146.02640714646938,
              11.745097398127976
            ],
            [
              146.15387433580207,
              11.864890612733662
            ],
            [
              146.10379177369208,
              11.621982531570872
            ],
            [
              145.98823816334803,
              11.650691809409903
            ],
            [
              146.07465510735284,
              11.540707479813507
            ],
            [
              145.96295963489862,
              11.63260059556755
            ],
            [
              145.83571599301652,
              11.486302454151975
            ],
            [
              145.81336067614703,
              11.611284642048195
            ],
            [
              145.80042943619583,
              11.877000686792286
            ],
            [
              145.96046749783486,
              11.684634420291573
            ],
            [
              146.02640714646938,
              11.745097398127976
            ]
          ]
        ]
      },
      "id": "3bcd86a2-a4f8-47c1-b767-5ac545a94a11"
    },
    {
      "type": "Feature",
      "properties": {
        "id": "661ebb45-0ce2-4fe7-bf87-2cfd1827c2a7",
        "name": "sketch198-7"
      },
      "geometry": {
        "type": "Polygon",
        "coordinates": [
          [
            [
              143.32557403632603,
              3.9991201981898734
            ],
            [
              143.3196636932313,
              3.9073465432282175
            ],
            [
              143.40997881735186,
              4.017299008218453
            ],
            [
              143.81162564455414,
              3.927280247804558
            ],
            [
              143.3855708569205,
              3.8275845913615596
            ],
            [
              143.33031826545187,
              3.643122714215109
            ],
            [
              143.11794928974916,
              3.5160884759136017
            ],
            [
              143.19360151001536,
              3.7726113848865217
            ],
            [
              142.95831935246017,
              3.9921965975336104
            ],
            [
              143.1409543241867,
              4.218068693433368
            ],
            [
              143.32557403632603,
              3.9991201981898734
            ]
          ]
        ]
      },
      "id": "661ebb45-0ce2-4fe7-bf87-2cfd1827c2a7"
    }
  ],
  "bbox": [
    141.2783254443549,
    -1.333377133345561,
    163.4737311135664,
    12.894667730593843
  ]
}
