{
  "type": "FeatureCollection",
  "features": [
    {
      "type": "Feature",
      "properties": {
        "id": "1fcc318c-7e64-4c27-9956-9431bbd8bf53",
        "name": "sketch65-0"
      },
      "geometry": {
        "type": "Polygon",
        "coordinates": [
          [
            [
              139.3891166735535,
              -0.5274987757417632
            ],
            [
              139.38919944589443,
              -0.7053153346686712
            ],
            [
              139.66684744601542,
              -0.7475060772829558
            ],
            [
              139.51972496072477,
              -0.8825860016016627
            ],
            [
              139.6392785683484,
              -1.0636680039671846
            ],
            [
              139.3593921244247,
              -0.905389820622742
            ],
            [
              139.12779644905797,
              -0.9515208550366062
            ],
            [
              138.973719063115,
              -0.8918627562283397
            ],
            [
              138.87024332504987,
              -0.7852909009547426
            ],
            [
              139.1538624388275,
              -0.5233351284101324
            ],
            [
              139.3891166735535,
              -0.5274987757417632
            ]
          ]
        ]
      },
      "id": "1fcc318c-7e64-4c27-9956-9431bbd8bf53"
    },
    {
      "type": "Feature",
      "properties": {
        "id": "0cd1207d-29f9-4764-914b-e750b5a991f2",
        "name": "sketch65-1"
      },
      "geometry": {
        "type": "Polygon",
        "coordinates": [
          [
            [
              135.64221140117738,
              -0.6072802916183645
            ],
            [
              135.77204070046372,
              -0.6336815311203517
            ],
            [
              135.96550357576987,
              -0.6270621775438793
            ],
            [
              135.84136011030756,
              -0.9311291372094753
            ],
            [
              135.6470587978348,
              -1.1408208012738732
            ],
            [
              135.60005139223586,
              -0.9014374482145942
            ],
            [
              135.3566128249482,
              -1.014984545431648
            ],
            [
              135.59238513515672,
              -0.7449379131130386
            ],
            [
              135.5609420577616,
              -0.7303597382779625
            ],
            [
              135.50548230593873,
              -0.569025989644613
            ],
            [
              135.64221140117738,
              -0.6072802916183645
            ]
          ]
        ]
      },
      "id": "0cd1207d-29f9-4764-914b-e750b5a991f2"
    },
    {
      "type": "Feature",
      "properties": {
        "id": "aba9f9e3-05ad-4ed1-9405-07ca0f116934",
        "name": "sketch65-2"
      },
      "geometry": {
        "type": "Polygon",
        "coordinates": [
          [
            [
              135.60153456469376,
              12.2530495069689
            ],
            [
              135.44228143876416,
              12.078494642761598
            ],
            [
              135.86954633873555,
              12.143740067564242
            ],
            [
              135.8030953132146,
              11.874595846848807
            ],
            [
              135.51336626701575,
              11.88387722181094
            ],
            [
              135.46010725443134,
              11.84905046693051
            ],
            [
              135.23490227900555,
              11.75881003339517
            ],
            [
              135.1935922883349,
              12.129732202666444
            ],
            [
              135.06064907916493,
              12.162485341825361
            ],
            [
              135.02061412481817,
              12.358008533727006
            ],
            [
              135.60153456469376,
              12.2530495069689
            ]
          ]
        ]
      },
      "id": "aba9f9e3-05ad-4ed1-9405-07ca0f116934"
    },
    {
      "type": "Feature",
      "properties": {
        "id": "c12ded05-6a56-4622-b176-c2e6e45d5c1c",
        "name": "sketch65-3"
      },
      "geometry": {
        "type": "Polygon",
        "coordinates": [
          [
            [
              158.66918282016073,
              1.6231660732682398
            ],
            [
              158.7724379877786,
              1.4436270330355963
            ],
            [
              158.67748912411193,
              1.3192463196173168
            ],
            [
              158.46432605550123,
              1.462440872146547
            ],
            [
              158.49667806197348,
              1.3238620850840896
            ],
            [
              158.37028152560484,
              1.3102841906416796
            ],
            [
              158.0566142354892,
              1.3160397059707685
            ],
            [
              157.99871126737463,
              1.5427266114773073
            ],
            [
              158.33090036638671,
              1.7060586985821722
            ],
            [
              158.31482827031004,
              1.7492474368898285
            ],
            [
              158.66918282016073,
              1.6231660732682398
            ]
          ]
        ]
      },
      "id": "c12ded05-6a56-4622-b176-c2e6e45d5c1c"
    },
    {
      "type": "Feature",
      "properties": {
        "id": "ea49787b-b4f4-4727-bb1d-274b2dd311b1",
        "name": "sketch65-4"
      },
      "geometry": {
        "type": "Polygon",
        "coordinates": [
          [
            [
              152.42350228065055,
              0.18711224009576588
            ],
            [
              152.65679307597006,
              0.17813784309036926
            ],
            [
              152.84906697084847,
              -0.07063076901750623
            ],
            [
              152.85264800167204,
              -0.08975667896611056
            ],
            [
              152.66743763876045,
              -0.045103652900575913
            ],
            [
              152.47190597563971,
              -0.38024944019384954
            ],
            [
              152.26108955571837,
              -0.10874947664082527
            ],
            [
              152.24475882401356,
              0.11360224982630987
            ],
            [
              152.20569207790766,
              0.12456571181632045
            ],
            [
              152.35363997857098,
              0.5439109024032742
            ],
            [
              152.42350228065055,
              0.18711224009576588
            ]
          ]
        ]
      },
      "id": "ea49787b-b4f4-4727-bb1d-274b2dd311b1"
    }
  ],
  "bbox": [
    135.02061412481817,
    -1.1408208012738732,
    158.7724379877786,
    12.358008533727006
  ]
}
