{
  "type": "FeatureCollection",
  "features": [
    {
      "type": "Feature",
      "properties": {
        "id": "d3d426d3-102f-4749-9aca-019f642d6e05",
        "name": "sketch65-0"
      },
      "geometry": {
        "type": "Polygon",
        "coordinates": [
          [
            [
              141.83047005845435,
              6.951050580971754
            ],
            [
              141.72713732127673,
              6.869566042533622
            ],
            [
              141.69378741230068,
              6.876466581169367
            ],
            [
              141.91812500550358,
              6.532275103591328
            ],
            [
              141.71990327527968,
              6.508107320944616
            ],
            [
              141.60719731890023,
              6.629070455722517
            ],
            [
              141.61482260733578,
              6.843081938176144
            ],
            [
              141.47587122821614,
              6.897125502419106
            ],
            [
              141.53545179836334,
              6.9142486564479215
            ],
            [
              141.61171918741923,
              7.096141483951791
            ],
            [
              141.83047005845435,
              6.951050580971754
            ]
          ]
        ]
      },
      "id": "d3d426d3-102f-4749-9aca-019f642d6e05"
    },
    {
      "type": "Feature",
      "properties": {
        "id": "063b64a0-ea2d-438c-aba7-008dbe958aa4",
        "name": "sketch65-1"
      },
      "geometry": {
        "type": "Polygon",
        "coordinates": [
          [
            [
              164.26765637281645,
              12.813797759146343
            ],
            [
              164.43285599750826,
              12.551725396156918
            ],
            [
              164.33683046037413,
              12.52717924535084
            ],
            [
              164.19613709458767,
              12.165263629481268
            ],
            [
              163.9753610783631,
              12.457605387561498
            ],
            [
              164.0560354783279,
              12.61631916331396
            ],
            [
              163.9815694895669,
              12.610248783900037
            ],
            [
              164.01471785014323,
              12.671173632786966
            ],
            [
              163.96160892636172,
              12.90535448872642
            ],
            [
              164.01558476230815,
              12.903116253567054
            ],
            [
              164.26765637281645,
              12.813797759146343
            ]
          ]
        ]
      },
      "id": "063b64a0-ea2d-438c-aba7-008dbe958aa4"
    },
    {
      "type": "Feature",
      "properties": {
        "id": "b1bd8a8d-fdc7-4676-bff6-64e8d6c64371",
        "name": "sketch65-2"
      },
      "geometry": {
        "type": "Polygon",
        "coordinates": [
          [
            [
              139.25003414031266,
              11.858829244790876
            ],
            [
              139.72524098702053,
              11.961959950839413
            ],
            [
              139.55650496196932,
              11.759821960198295
            ],
            [
              139.27304857245804,
              11.805536452316932
            ],
            [
              139.26611715200414,
              11.71285179126835
            ],
            [
              139.21176451904466,
              11.386700215319635
            ],
            [
              138.81518198318543,
              11.70487678203595
            ],
            [
              139.03516606334617,
              11.863614107814584
            ],
            [
              138.94274734935047,
              12.053652458075183
            ],
            [
              139.2211701070263,
              11.934878140211357
            ],
            [
              139.25003414031266,
              11.858829244790876
            ]
          ]
        ]
      },
      "id": "b1bd8a8d-fdc7-4676-bff6-64e8d6c64371"
    },
    {
      "type": "Feature",
      "properties": {
        "id": "fef0dc9b-ea1c-4b4b-ae15-7d7d44e6acdd",
        "name": "sketch65-3"
      },
      "geometry": {
        "type": "Polygon",
        "coordinates": [
          [
            [
              135.5132257105157,
              11.215073519027289
            ],
            [
              135.89356717862856,
              11.153771907561977
            ],
            [
              135.77056454859746,
              11.103492723372346
            ],
            [
              135.82640448601387,
              11.095340122927363
            ],
            [
              135.74010783863622,
              10.794274790071768
            ],
            [
              135.48237728002837,
              10.841930305486017
            ],
            [
              135.313926449564,
              10.852070198325006
            ],
            [
              135.1605232819977,
              10.759011177066153
            ],
            [
              135.15178396197982,
              10.825110660592506
            ],
            [
              135.38714988066022,
              11.15877135078805
            ],
            [
              135.5132257105157,
              11.215073519027289
            ]
          ]
        ]
      },
      "id": "fef0dc9b-ea1c-4b4b-ae15-7d7d44e6acdd"
    },
    {
      "type": "Feature",
      "properties": {
        "id": "14e9358a-0533-41e8-8e34-7a906891a729",
        "name": "sketch65-4"
      },
      "geometry": {
        "type": "Polygon",
        "coordinates": [
          [
            [
              151.35141045633532,
              12.240856537712823
            ],
            [
              151.49238292473223,
              12.287878556550654
            ],
            [
              151.37701331021856,
              12.140704923781177
            ],
            [
              151.29777507208772,
              11.917631789117374
            ],
            [
              151.27944142301834,
              12.068986769733357
            ],
            [
              151.24234575546464,
              11.940759727511027
            ],
            [
              151.22443802206547,
              11.97552940744852
            ],
            [
              151.2839257334239,
              12.13911534304624
            ],
            [
              151.002486672057,
              12.20487766804193
            ],
            [
              151.2715905031611,
              12.181353237780998
            ],
            [
              151.35141045633532,
              12.240856537712823
            ]
          ]
        ]
      },
      "id": "14e9358a-0533-41e8-8e34-7a906891a729"
    }
  ],
  "bbox": [
    135.15178396197982,
    6.508107320944616,
    164.43285599750826,
    12.90535448872642
  ]
}
