{
  "type": "FeatureCollection",
  "features": [
    {
      "type": "Feature",
      "properties": {
        "id": "8aa45ecd-91d7-4d99-8f9e-f65b617d6e34",
        "name": "sketch318-0"
      },
      "geometry": {
        "type": "Polygon",
        "coordinates": [
          [
            [
              151.66269298123282,
              1.5531206571495604
            ],
            [
              151.60000903500682,
              1.3045881859775474
            ],
            [
              151.6652465314417,
              1.3206821279300454
            ],
            [
              151.68120364099585,
              1.2309436921619483
            ],
            [
              151.5999015165057,
              1.1925765810119342
            ],
            [
              151.56538774800237,
              1.181844844346058
            ],
            [
              151.51373465467228,
              1.1900203880425542
            ],
            [
              151.45805225878343,
              1.2721990577191509
            ],
            [
              151.35591792405185,
              1.447930836371174
            ],
            [
              151.55885077493818,
              1.3870166301126088
            ],
            [
              151.66269298123282,
              1.5531206571495604
            ]
          ]
        ]
      },
      "id": "8aa45ecd-91d7-4d99-8f9e-f65b617d6e34"
    },
    {
      "type": "Feature",
      "properties": {
        "id": "37fd8f15-3ef8-4af3-9ffc-40226f457510",
        "name": "sketch318-1"
      },
      "geometry": {
        "type": "Polygon",
        "coordinates": [
          [
            [
              162.8310911693954,
              10.808305041815558
            ],
            [
              162.87057291421107,
              10.620625598663809
            ],
            [
              162.95300066501454,
              10.604723193131155
            ],
            [
              162.8460374957624,
              10.460551191775595
            ],
            [
              163.19102766655607,
              10.358833353728665
            ],
            [
              162.95133268304653,
              10.041448513747467
            ],
            [
              162.70272215973867,
              10.204790636606587
            ],
            [
              162.5177540442898,
              10.370169432147232
            ],
            [
              162.7842700520046,
              10.48243750233506
            ],
            [
              162.55502126214228,
              10.788978593916353
            ],
            [
              162.8310911693954,
              10.808305041815558
            ]
          ]
        ]
      },
      "id": "37fd8f15-3ef8-4af3-9ffc-40226f457510"
    },
    {
      "type": "Feature",
      "properties": {
        "id": "f9508bbf-4290-4f92-ad05-974f9c49c261",
        "name": "sketch318-2"
      },
      "geometry": {
        "type": "Polygon",
        "coordinates": [
          [
            [
              149.46513750469532,
              8.798450508637028
            ],
            [
              149.40743376475078,
              8.729382145238596
            ],
            [
              149.5231521811464,
              8.807030340042756
            ],
            [
              149.39766219948538,
              8.574451905873648
            ],
            [
              149.2959800674003,
              8.573385233377305
            ],
            [
              148.92405523702993,
              8.331546801385127
            ],
            [
              149.19695255873924,
              8.56720294287562
            ],
            [
              149.1008682424092,
              8.648179597347111
            ],
            [
              148.85595944240845,
              8.722644176053603
            ],
            [
              149.21719196906508,
              8.813223940847415
            ],
            [
              149.46513750469532,
              8.798450508637028
            ]
          ]
        ]
      },
      "id": "f9508bbf-4290-4f92-ad05-974f9c49c261"
    },
    {
      "type": "Feature",
      "properties": {
        "id": "b1899c6a-ad97-4571-8739-bd4b2e947e85",
        "name": "sketch318-3"
      },
      "geometry": {
        "type": "Polygon",
        "coordinates": [
          [
            [
              150.305192970143,
              10.150304216559524
            ],
            [
              150.317111529966,
              9.959490160748976
            ],
            [
              150.40372252708474,
              9.766898959372938
            ],
            [
              150.2165847516927,
              9.699805912910682
            ],
            [
              150.16414807592454,
              9.674117168579702
            ],
            [
              150.1003727916909,
              9.682745094981748
            ],
            [
              149.92643833891742,
              9.720451513613751
            ],
            [
              150.02843776576663,
              9.89999523042239
            ],
            [
              149.89470428796207,
              9.983085858544882
            ],
            [
              149.94024727224922,
              10.213911184170511
            ],
            [
              150.305192970143,
              10.150304216559524
            ]
          ]
        ]
      },
      "id": "b1899c6a-ad97-4571-8739-bd4b2e947e85"
    },
    {
      "type": "Feature",
      "properties": {
        "id": "55a0e9cc-f2c6-48c2-9886-2800305a33d7",
        "name": "sketch318-4"
      },
      "geometry": {
        "type": "Polygon",
        "coordinates": [
          [
            [
              153.30306503750722,
              8.137244948908611
            ],
            [
              153.03313602433312,
              7.9774950692231235
            ],
            [
              153.1893311946884,
              7.831111040436715
            ],
            [
              153.1574181897469,
              7.831602461239442
            ],
            [
              153.1487399903159,
              7.7793778540705505
            ],
            [
              153.02523822741728,
              7.863033129464345
            ],
            [
              152.77651085655256,
              7.801692834492097
            ],
            [
              152.6316611670271,
              7.997407088869422
            ],
            [
              152.5939217482013,
              8.000313675136686
            ],
            [
              152.83310689624113,
              8.331564632880752
            ],
            [
              153.30306503750722,
              8.137244948908611
            ]
          ]
        ]
      },
      "id": "55a0e9cc-f2c6-48c2-9886-2800305a33d7"
    },
    {
      "type": "Feature",
      "properties": {
        "id": "96c26121-4cee-488c-913c-b59ae352dcc6",
        "name": "sketch318-5"
      },
      "geometry": {
        "type": "Polygon",
        "coordinates": [
          [
            [
              164.8113432407236,
              -0.34243702028166134
            ],
            [
              165.1586476648582,
              -0.3435603771640549
            ],
            [
              164.8754832127041,
              -0.4795988096264419
            ],
            [
              165.03125227512018,
              -0.7971856659217076
            ],
            [
              164.7878295600015,
              -0.6276274036529504
            ],
            [
              164.70834322796907,
              -0.5281533936142575
            ],
            [
              164.35325221362723,
              -0.615553133642398
            ],
            [
              164.6804114987114,
              -0.4744373322591187
            ],
            [
              164.5958055110122,
              -0.35750917777818697
            ],
            [
              164.6721562814886,
              -0.03678226063377943
            ],
            [
              164.8113432407236,
              -0.34243702028166134
            ]
          ]
        ]
      },
      "id": "96c26121-4cee-488c-913c-b59ae352dcc6"
    },
    {
      "type": "Feature",
      "properties": {
        "id": "b866ede1-9c23-4604-b5f1-50afd38d92cb",
        "name": "sketch318-6"
      },
      "geometry": {
        "type": "Polygon",
        "coordinates": [
          [
            [
              158.09338629364714,
              3.5342644825526963
            ],
            [
              157.91907739310082,
              3.3873297086292733
            ],
            [
              158.31487122208344,
              3.446275624525551
            ],
            [
              158.12878201645736,
              3.181040751188392
            ],
            [
              158.03608594436488,
              3.0298985367737914
            ],
            [
              157.85841757277808,
              3.327326199622317
            ],
            [
              157.76336056888167,
              3.256011210051455
            ],
            [
              157.8491906704199,
              3.3501415201396805
            ],
            [
              157.83413707628947,
              3.382016715640562
            ],
            [
              157.82095518516806,
              3.8397229449248376
            ],
            [
              158.09338629364714,
              3.5342644825526963
            ]
          ]
        ]
      },
      "id": "b866ede1-9c23-4604-b5f1-50afd38d92cb"
    },
    {
      "type": "Feature",
      "properties": {
        "id": "a1bdc504-bf36-45ee-b9f7-d632de70fd43",
        "name": "sketch318-7"
      },
      "geometry": {
        "type": "Polygon",
        "coordinates": [
          [
            [
              141.59470466448875,
              8.977484087330156
            ],
            [
              141.3581157763761,
              8.670061163107473
            ],
            [
              141.33779427047003,
              8.600382544144907
            ],
            [
              141.6156534214718,
              8.457262991344287
            ],
            [
              141.33851684626688,
              8.576761636992247
            ],
            [
              141.35431897233107,
              8.318561322830462
            ],
            [
              141.2680713750131,
              8.382066160491412
            ],
            [
              140.99403995866749,
              8.39749621140574
            ],
            [
              141.1064022349922,
              8.668169765972769
            ],
            [
              141.10800482153763,
              8.780136771023765
            ],
            [
              141.59470466448875,
              8.977484087330156
            ]
          ]
        ]
      },
      "id": "a1bdc504-bf36-45ee-b9f7-d632de70fd43"
    }
  ],
  "bbox": [
    140.99403995866749,
    -0.7971856659217076,
    165.1586476648582,
    10.808305041815558
  ]
}
