{
  "type": "FeatureCollection",
  "features": [
    {
      "type": "Feature",
      "properties": {
        "id": "d646920b-b8ec-4670-be96-2081d0f08224",
        "name": "sketch388-0"
      },
      "geometry": {
        "type": "Polygon",
        "coordinates": [
          [
            [
              145.72615081752986,
              1.6080052379401433
            ],
            [
              146.10246724421162,
              1.563128498021852
            ],
            [
              145.83584731839605,
              1.3850224030843166
            ],
            [
              145.74370410071987,
              1.368810850866692
            ],
            [
              145.54848952570833,
              1.0513634299029064
            ],
            [
              145.6482933246872,
              1.4617747792717175
            ],
            [
              145.28511114741545,
              1.5700961123217159
            ],
            [
              145.62495526108873,
              1.4963277097294652
            ],
            [
              145.38783828202665,
              1.6913390657719916
            ],
            [
              145.54136892774133,
              1.6391433089906908
            ],
            [
              145.72615081752986,
              1.6080052379401433
            ]
          ]
        ]
      },
      "id": "d646920b-b8ec-4670-be96-2081d0f08224"
    },
    {
      "type": "Feature",
      "properties": {
        "id": "8918ab8d-df61-4e69-ba35-a06cd9205243",
        "name": "sketch388-1"
      },
      "geometry": {
        "type": "Polygon",
        "coordinates": [
          [
            [
              155.95442498706961,
              11.911821226173672
            ],
            [
              156.10118507311302,
              12.143810218928424
            ],
            [
              156.00501221938308,
              11.780538965460497
            ],
            [
              156.19269140025017,
              11.689528210496045
            ],
            [
              155.97594097512052,
              11.691129968317744
            ],
            [
              155.93572408339094,
              11.420693344301492
            ],
            [
              155.83276455683887,
              11.612311248572583
            ],
            [
              155.8220515735096,
              11.708295653382221
            ],
            [
              155.91611353760737,
              11.746726543198402
            ],
            [
              155.78177452749196,
              11.993214307691442
            ],
            [
              155.95442498706961,
              11.911821226173672
            ]
          ]
        ]
      },
      "id": "8918ab8d-df61-4e69-ba35-a06cd9205243"
    },
    {
      "type": "Feature",
      "properties": {
        "id": "ba939ef2-3620-45a5-8258-89f4c41d1515",
        "name": "sketch388-2"
      },
      "geometry": {
        "type": "Polygon",
        "coordinates": [
          [
            [
              142.2705031483829,
              0.5254495884526872
            ],
            [
              142.35866343143624,
              0.4399015395397578
            ],
            [
              142.4227060205744,
              0.31255353726216645
            ],
            [
              142.10534394084104,
              0.35908507259908673
            ],
            [
              142.18336793698109,
              0.03993788252147573
            ],
            [
              142.04273683019494,
              0.29134995104429945
            ],
            [
              141.79713940200946,
              0.022786165541789194
            ],
            [
              141.7226537498945,
              0.2991468338733472
            ],
            [
              141.8150567817387,
              0.4982921774005804
            ],
            [
              142.03372438544494,
              0.413266855899702
            ],
            [
              142.2705031483829,
              0.5254495884526872
            ]
          ]
        ]
      },
      "id": "ba939ef2-3620-45a5-8258-89f4c41d1515"
    },
    {
      "type": "Feature",
      "properties": {
        "id": "b3671108-6db9-4fa3-92db-c8bb2247285f",
        "name": "sketch388-3"
      },
      "geometry": {
        "type": "Polygon",
        "coordinates": [
          [
            [
              162.17052357725166,
              13.307993487137724
            ],
            [
              162.21441138165545,
              13.312450720134326
            ],
            [
              162.54101724046404,
              13.3414525964245
            ],
            [
              162.1711944103605,
              13.278714339316156
            ],
            [
              162.21366649236154,
              12.985234064730083
            ],
            [
              161.9561721588217,
              13.078870621536684
            ],
            [
              162.05081464457786,
              13.30233725756356
            ],
            [
              162.0316777983246,
              13.333383820770617
            ],
            [
              161.91124888710766,
              13.48122564317635
            ],
            [
              162.11566093900169,
              13.48536528247493
            ],
            [
              162.17052357725166,
              13.307993487137724
            ]
          ]
        ]
      },
      "id": "b3671108-6db9-4fa3-92db-c8bb2247285f"
    },
    {
      "type": "Feature",
      "properties": {
        "id": "19c78b7f-31f8-4474-bf34-336c230bab0c",
        "name": "sketch388-4"
      },
      "geometry": {
        "type": "Polygon",
        "coordinates": [
          [
            [
              138.87536963051852,
              1.4060884246707976
            ],
            [
              138.9374685503047,
              1.2607597171450253
            ],
            [
              138.94577430830134,
              1.0135590219481991
            ],
            [
              138.85581144435946,
              0.990373334089706
            ],
            [
              138.70758612984818,
              0.7309274058076778
            ],
            [
              138.41366348167315,
              1.0232338201598867
            ],
            [
              138.69329812327672,
              1.2264586352491984
            ],
            [
              138.47293649065952,
              1.3425643244272192
            ],
            [
              138.5849425335021,
              1.485494864054406
            ],
            [
              138.55921383239382,
              1.6093116221293555
            ],
            [
              138.87536963051852,
              1.4060884246707976
            ]
          ]
        ]
      },
      "id": "19c78b7f-31f8-4474-bf34-336c230bab0c"
    },
    {
      "type": "Feature",
      "properties": {
        "id": "85358ded-5d9e-4c1b-9ffb-b3a62f1e415a",
        "name": "sketch388-5"
      },
      "geometry": {
        "type": "Polygon",
        "coordinates": [
          [
            [
              156.9985194275693,
              10.992421368725557
            ],
            [
              157.09216156703474,
              11.072121678333003
            ],
            [
              157.22927308986652,
              10.981580946834228
            ],
            [
              157.3739749266151,
              10.937313121008412
            ],
            [
              157.15038559038905,
              10.6821788434704
            ],
            [
              157.0221796353866,
              10.39023464960268
            ],
            [
              156.78436771464072,
              10.708005800268868
            ],
            [
              156.84449201330594,
              10.836018196496997
            ],
            [
              156.87029427946965,
              10.851641919670076
            ],
            [
              156.80422070371299,
              10.979825873401031
            ],
            [
              156.9985194275693,
              10.992421368725557
            ]
          ]
        ]
      },
      "id": "85358ded-5d9e-4c1b-9ffb-b3a62f1e415a"
    },
    {
      "type": "Feature",
      "properties": {
        "id": "46d387b9-7e00-4560-9e70-7716a01d7584",
        "name": "sketch388-6"
      },
      "geometry": {
        "type": "Polygon",
        "coordinates": [
          [
            [
              142.06713164819197,
              12.501336092989405
            ],
            [
              141.9775351079087,
              12.362864688227063
            ],
            [
              141.9995882487609,
              12.348944649019652
            ],
            [
              142.11816963101202,
              12.264394330766482
            ],
            [
              142.00728638914435,
              12.106248740264295
            ],
            [
              141.8556790120982,
              12.21746575096474
            ],
            [
              141.74783847496226,
              12.31026887320683
            ],
            [
              141.6394509529582,
              12.665293880687827
            ],
            [
              141.7925245738291,
              12.478241378743803
            ],
            [
              141.91611855118614,
              12.351900951154304
            ],
            [
              142.06713164819197,
              12.501336092989405
            ]
          ]
        ]
      },
      "id": "46d387b9-7e00-4560-9e70-7716a01d7584"
    },
    {
      "type": "Feature",
      "properties": {
        "id": "0b40429d-1fe2-4ceb-bd74-688df9c54c94",
        "name": "sketch388-7"
      },
      "geometry": {
        "type": "Polygon",
        "coordinates": [
          [
            [
              140.14692471817128,
              9.15319733771233
            ],
            [
              140.1537751847055,
              8.967689138334528
            ],
            [
              140.34865692006898,
              8.943801365031678
            ],
            [
              140.20780583592145,
              8.878601598336417
            ],
            [
              140.07162296864624,
              8.88647263418577
            ],
            [
              140.0977799951068,
              8.70225748224396
            ],
            [
              140.00023839980446,
              8.870965796086876
            ],
            [
              139.86384160122014,
              8.85913090348139
            ],
            [
              139.82196780538112,
              8.99800765552405
            ],
            [
              139.92513536802917,
              9.245231327282994
            ],
            [
              140.14692471817128,
              9.15319733771233
            ]
          ]
        ]
      },
      "id": "0b40429d-1fe2-4ceb-bd74-688df9c54c94"
    }
  ],
  "bbox": [
    138.41366348167315,
    0.022786165541789194,
    162.54101724046404,
    13.48536528247493
  ]
}
