{
  "type": "FeatureCollection",
  "features": [
    {
      "type": "Feature",
      "properties": {
        "id": "b488e233-2e82-42d0-acbf-b2554befac5a",
        "name": "sketch143-0"
      },
      "geometry": {
        "type": "Polygon",
        "coordinates": [
          [
            [
              152.57178421520516,
              3.252165888230384
            ],
            [
              152.60055365530366,
              3.2955956447613852
            ],
            [
              152.62654430758732,
              3.0880080863994013
            ],
            [
              152.85963373003287,
              2.9603518446430113
            ],
            [
              152.67853378375727,
              2.732704943262325
            ],
            [
              152.54580623272338,
              2.6598240756113882
            ],
            [
              152.44597189311847,
              2.80924044508566
            ],
            [
              152.17049918202582,
              2.6440409941218994
            ],
            [
              152.4649665589357,
              2.8982638102437606
            ],
            [
              152.49353451029154,
              2.8977572844415453
            ],
            [
              152.57178421520516,
              3.252165888230384
            ]
          ]
        ]
      },
      "id": "b488e233-2e82-42d0-acbf-b2554befac5a"
    },
    {
      "type": "Feature",
      "properties": {
        "id": "31da24e2-de48-4382-8d41-37fad8302931",
        "name": "sketch143-1"
      },
      "geometry": {
        "type": "Polygon",
        "coordinates": [
          [
            [
              158.73679647247064,
              9.251449686771554
            ],
            [
              158.84583793523157,
              9.285750606085163
            ],
            [
              159.11704248212024,
              9.032061836219484
            ],
            [
              159.0009071993567,
              8.657424407725037
            ],
            [
              158.94422492212368,
              8.701359925117268
            ],
            [
              158.6907450445923,
              9.043705459208022
            ],
            [
              158.6039090387255,
              8.880902820770874
            ],
            [
              158.48081465221304,
              8.728427033084735
            ],
            [
              158.4160734580104,
              9.083006317571378
            ],
            [
              158.57735334041772,
              9.200485863166374
            ],
            [
              158.73679647247064,
              9.251449686771554
            ]
          ]
        ]
      },
      "id": "31da24e2-de48-4382-8d41-37fad8302931"
    },
    {
      "type": "Feature",
      "properties": {
        "id": "f695c8b9-612a-432e-bd68-56ec6d94563d",
        "name": "sketch143-2"
      },
      "geometry": {
        "type": "Polygon",
        "coordinates": [
          [
            [
              157.6593662781876,
              11.618272171803468
            ],
            [
              157.9827858840219,
              11.568802138251026
            ],
            [
              157.61789257199476,
              11.394558911237175
            ],
            [
              157.87801843105896,
              11.357601607390666
            ],
            [
              157.69626327912692,
              11.309343296430386
            ],
            [
              157.5863118816454,
              10.98928385838547
            ],
            [
              157.55879315193263,
              11.334920860779258
            ],
            [
              157.26764402652418,
              11.347712443402335
            ],
            [
              157.18801513776089,
              11.535257500807637
            ],
            [
              157.50828241485482,
              11.679843143193995
            ],
            [
              157.6593662781876,
              11.618272171803468
            ]
          ]
        ]
      },
      "id": "f695c8b9-612a-432e-bd68-56ec6d94563d"
    }
  ],
  "bbox": [
    152.17049918202582,
    2.6440409941218994,
    159.11704248212024,
    11.679843143193995
  ]
}
