{
  "type": "FeatureCollection",
  "features": [
    {
      "type": "Feature",
      "properties": {
        "id": "8a5be3d9-94f0-4c8d-88dd-23a2baf4b316",
        "name": "sketch156-0"
      },
      "geometry": {
        "type": "Polygon",
        "coordinates": [
          [
            [
              143.46956089631126,
              10.573393813545202
            ],
            [
              143.42512865041297,
              10.45463519163804
            ],
            [
              143.30827405525312,
              10.380264732136288
            ],
            [
              143.32799538636837,
              9.99262517709275
            ],
            [
              143.08359911116693,
              9.963701757738788
            ],
            [
              143.14424801099037,
              10.136629734640422
            ],
            [
              143.16483300283758,
              10.233446325742314
            ],
            [
              142.94857536425482,
              10.227773223329717
            ],
            [
              143.1041365389994,
              10.505515655350676
            ],
            [
              143.13249107739148,
              10.852910829174894
            ],
            [
              143.46956089631126,
              10.573393813545202
            ]
          ]
        ]
      },
      "id": "8a5be3d9-94f0-4c8d-88dd-23a2baf4b316"
    },
    {
      "type": "Feature",
      "properties": {
        "id": "1f261dd6-7002-49fd-aa8a-103d299b5e23",
        "name": "sketch156-1"
      },
      "geometry": {
        "type": "Polygon",
        "coordinates": [
          [
            [
              136.0589526851518,
              2.531079147377124
            ],
            [
              136.27565623647806,
              2.6391956900060904
            ],
            [
              136.26705078523253,
              2.4295215703134736
            ],
            [
              136.32700308622097,
              2.1107647382527754
            ],
            [
              136.20499757592322,
              2.104545903063776
            ],
            [
              135.9622164918793,
              2.132680802270671
            ],
            [
              135.62625304478178,
              1.9751303886424811
            ],
            [
              135.9434320187361,
              2.257697512690803
            ],
            [
              135.7883839978871,
              2.3635510900397843
            ],
            [
              135.8465363147975,
              2.5920505125629125
            ],
            [
              136.0589526851518,
              2.531079147377124
            ]
          ]
        ]
      },
      "id": "1f261dd6-7002-49fd-aa8a-103d299b5e23"
    },
    {
      "type": "Feature",
      "properties": {
        "id": "979697cd-7984-4639-8e91-05f79bbd7149",
        "name": "sketch156-2"
      },
      "geometry": {
        "type": "Polygon",
        "coordinates": [
          [
            [
              161.82260494783864,
              9.770186758852585
            ],
            [
              161.83817404073383,
              9.607043957372591
            ],
            [
              161.99714595440727,
              9.432236076796247
            ],
            [
              161.84017347942373,
              9.378017704372638
            ],
            [
              161.8635722163915,
              9.196356447719236
            ],
            [
              161.6770688204231,
              9.482620956975174
            ],
            [
              161.52620510593394,
              9.077697794798555
            ],
            [
              161.52194351552706,
              9.370142903624629
            ],
            [
              161.6782680256686,
              9.514535129057782
            ],
            [
              161.6264636516249,
              9.557755990354204
            ],
            [
              161.82260494783864,
              9.770186758852585
            ]
          ]
        ]
      },
      "id": "979697cd-7984-4639-8e91-05f79bbd7149"
    },
    {
      "type": "Feature",
      "properties": {
        "id": "71fbeb33-e8f2-47ad-a9fa-8906bc5c652d",
        "name": "sketch156-3"
      },
      "geometry": {
        "type": "Polygon",
        "coordinates": [
          [
            [
              136.3656100974397,
              7.647284925760292
            ],
            [
              136.55614330722193,
              7.459085233051106
            ],
            [
              136.60332678572732,
              7.240781862935324
            ],
            [
              136.34022667026838,
              7.012718628252464
            ],
            [
              136.28690036403626,
              7.058386348411106
            ],
            [
              136.23855772214088,
              7.100619666775133
            ],
            [
              135.98033003003314,
              7.0559441945640975
            ],
            [
              136.24033282792809,
              7.359112062346078
            ],
            [
              136.05650858554554,
              7.451538193926437
            ],
            [
              136.26695852003704,
              7.38183492261828
            ],
            [
              136.3656100974397,
              7.647284925760292
            ]
          ]
        ]
      },
      "id": "71fbeb33-e8f2-47ad-a9fa-8906bc5c652d"
    },
    {
      "type": "Feature",
      "properties": {
        "id": "292c7897-87b1-4e81-8c4b-c7e58b354a8e",
        "name": "sketch156-4"
      },
      "geometry": {
        "type": "Polygon",
        "coordinates": [
          [
            [
              141.00303110993815,
              2.44898348409177
            ],
            [
              140.9371075957289,
              2.2264767387313444
            ],
            [
              140.79550638190477,
              2.1870528460978456
            ],
            [
              141.0293230292501,
              1.937672028090346
            ],
            [
              140.7905918653851,
              2.0527719273756526
            ],
            [
              140.51573756971464,
              1.850645291193464
            ],
            [
              140.58342469679914,
              2.128895243049501
            ],
            [
              140.70276203536534,
              2.1986864170008356
            ],
            [
              140.4719715211236,
              2.4367986440638996
            ],
            [
              140.71805794646002,
              2.5816816691884226
            ],
            [
              141.00303110993815,
              2.44898348409177
            ]
          ]
        ]
      },
      "id": "292c7897-87b1-4e81-8c4b-c7e58b354a8e"
    },
    {
      "type": "Feature",
      "properties": {
        "id": "872ae533-6ee2-4c1a-8827-c975a435edf8",
        "name": "sketch156-5"
      },
      "geometry": {
        "type": "Polygon",
        "coordinates": [
          [
            [
              147.8069170634091,
              12.866731265706813
            ],
            [
              148.16486358081596,
              12.661528487544686
            ],
            [
              147.91416633517218,
              12.525827217863208
            ],
            [
              147.73814668441838,
              12.698123929345952
            ],
            [
              147.51091623006258,
              12.361979545959082
            ],
            [
              147.5398043938632,
              12.67194493329152
            ],
            [
              147.49491804931918,
              12.756180096794766
            ],
            [
              147.67121569271717,
              12.826252621885775
            ],
            [
              147.52700258867887,
              12.913152111127262
            ],
            [
              147.38950339391627,
              13.162158305379451
            ],
            [
              147.8069170634091,
              12.866731265706813
            ]
          ]
        ]
      },
      "id": "872ae533-6ee2-4c1a-8827-c975a435edf8"
    }
  ],
  "bbox": [
    135.62625304478178,
    1.850645291193464,
    161.99714595440727,
    13.162158305379451
  ]
}
