{
  "type": "FeatureCollection",
  "features": [
    {
      "type": "Feature",
      "properties": {
        "id": "167b8230-43f3-49f8-b6be-72a596200f0b",
        "name": "sketch77-0"
      },
      "geometry": {
        "type": "Polygon",
        "coordinates": [
          [
            [
              156.44861740121354,
              3.1510980343140798
            ],
            [
              156.34659209772528,
              2.739809047741786
            ],
            [
              156.51695187278247,
              2.602487336146092
            ],
            [
              156.20364283730143,
              2.6895462379580852
            ],
            [
              156.01373343954708,
              2.4092766969944255
            ],
            [
              156.03157060371115,
              2.5771208704743853
            ],
            [
              155.69902243337745,
              2.527480510770117
            ],
            [
              155.7138668311741,
              2.9134871097134494
            ],
            [
              155.81922308796482,
              3.0643586222109453
            ],
            [
              155.95714541626856,
              2.968726331717995
            ],
            [
              156.44861740121354,
              3.1510980343140798
            ]
          ]
        ]
      },
      "id": "167b8230-43f3-49f8-b6be-72a596200f0b"
    },
    {
      "type": "Feature",
      "properties": {
        "id": "948926fd-9cd0-4d55-8a6c-0cae9fd2a380",
        "name": "sketch77-1"
      },
      "geometry": {
        "type": "Polygon",
        "coordinates": [
          [
            [
              137.62497465366846,
              12.920052002056886
            ],
            [
              137.64068115052018,
              12.91579335404211
            ],
            [
              137.62210035780996,
              12.88499063296826
            ],
            [
              137.9325222913262,
              12.852398387939486
            ],
            [
              137.7370402081038,
              12.708770097402628
            ],
            [
              137.67567226396778,
              12.519892237948051
            ],
            [
              137.54501126777387,
              12.635162574346877
            ],
            [
              137.37523319651467,
              12.648662671150925
            ],
            [
              137.42929544868306,
              12.836869547711556
            ],
            [
              137.38253381497708,
              13.282608100565602
            ],
            [
              137.62497465366846,
              12.920052002056886
            ]
          ]
        ]
      },
      "id": "948926fd-9cd0-4d55-8a6c-0cae9fd2a380"
    },
    {
      "type": "Feature",
      "properties": {
        "id": "b52a81e7-5b75-4621-be89-269cc4ce0488",
        "name": "sketch77-2"
      },
      "geometry": {
        "type": "Polygon",
        "coordinates": [
          [
            [
              160.91152395373803,
              -0.955160172152761
            ],
            [
              161.07725604630912,
              -0.9630948797980665
            ],
            [
              160.98914658454382,
              -0.9666436218992447
            ],
            [
              161.05256234859814,
              -1.0379114723212786
            ],
            [
              160.9107496267912,
              -1.014075223329099
            ],
            [
              160.72658923334333,
              -1.389507053600667
            ],
            [
              160.71329468473633,
              -1.0490147377288623
            ],
            [
              160.61647172113186,
              -0.9243213753035319
            ],
            [
              160.87757734557653,
              -0.9495953170423543
            ],
            [
              160.77514572595544,
              -0.8125852505202446
            ],
            [
              160.91152395373803,
              -0.955160172152761
            ]
          ]
        ]
      },
      "id": "b52a81e7-5b75-4621-be89-269cc4ce0488"
    },
    {
      "type": "Feature",
      "properties": {
        "id": "79216ef1-aa1e-4c7c-b226-180c7081b3a0",
        "name": "sketch77-3"
      },
      "geometry": {
        "type": "Polygon",
        "coordinates": [
          [
            [
              137.84118063444063,
              12.486105422608201
            ],
            [
              138.00948815090985,
              12.469058892861819
            ],
            [
              137.9280097157386,
              12.4360522059808
            ],
            [
              137.5764816901439,
              12.326141523444909
            ],
            [
              137.6562563260842,
              12.1012799036636
            ],
            [
              137.51316363499166,
              12.188170975116467
            ],
            [
              137.34180524488897,
              12.157671323857098
            ],
            [
              137.16918651876213,
              12.416440857828277
            ],
            [
              137.4199455444765,
              12.563177607188674
            ],
            [
              137.470171984509,
              12.50720151802895
            ],
            [
              137.84118063444063,
              12.486105422608201
            ]
          ]
        ]
      },
      "id": "79216ef1-aa1e-4c7c-b226-180c7081b3a0"
    },
    {
      "type": "Feature",
      "properties": {
        "id": "03f332f1-0c0f-4f0e-b00d-576c4b77cab5",
        "name": "sketch77-4"
      },
      "geometry": {
        "type": "Polygon",
        "coordinates": [
          [
            [
              142.18921304738,
              4.5572779329575255
            ],
            [
              142.2841615275372,
              4.698517721005793
            ],
            [
              142.48805462407998,
              4.594636112756079
            ],
            [
              142.40398668690602,
              4.519879660349427
            ],
            [
              142.2196218986862,
              4.420226169296519
            ],
            [
              142.26343741577222,
              3.9843897944963174
            ],
            [
              141.94095055997894,
              4.044260609352719
            ],
            [
              142.15097991277574,
              4.4342054110877225
            ],
            [
              141.962987853003,
              4.31299591988265
            ],
            [
              141.91525925216513,
              4.602201515753451
            ],
            [
              142.18921304738,
              4.5572779329575255
            ]
          ]
        ]
      },
      "id": "03f332f1-0c0f-4f0e-b00d-576c4b77cab5"
    },
    {
      "type": "Feature",
      "properties": {
        "id": "48c882a7-7c1d-42f5-8bed-85cb059a0366",
        "name": "sketch77-5"
      },
      "geometry": {
        "type": "Polygon",
        "coordinates": [
          [
            [
              157.22441308424104,
              12.470091529463106
            ],
            [
              157.17501577831646,
              12.251636523751625
            ],
            [
              157.15095156826143,
              12.207772684590996
            ],
            [
              157.10362950843808,
              12.140984268403917
            ],
            [
              157.027703337679,
              12.074212675582892
            ],
            [
              156.88957372769082,
              11.905021001316939
            ],
            [
              156.8046467124666,
              11.954754059425829
            ],
            [
              156.81826940107402,
              12.088138715774583
            ],
            [
              156.5724496459409,
              12.24159454148379
            ],
            [
              156.93348061220408,
              12.209289404204576
            ],
            [
              157.22441308424104,
              12.470091529463106
            ]
          ]
        ]
      },
      "id": "48c882a7-7c1d-42f5-8bed-85cb059a0366"
    },
    {
      "type": "Feature",
      "properties": {
        "id": "863f4da8-8910-4614-aa57-0eda15fe330b",
        "name": "sketch77-6"
      },
      "geometry": {
        "type": "Polygon",
        "coordinates": [
          [
            [
              137.21569214429744,
              5.528754829241266
            ],
            [
              137.40468353337974,
              5.660219623339502
            ],
            [
              137.2574290330026,
              5.522852243912173
            ],
            [
              137.6906335689109,
              5.63629201612166
            ],
            [
              137.27128328225592,
              5.459887325003454
            ],
            [
              137.23236508652224,
              5.386675062439671
            ],
            [
              137.1619967691343,
              5.315379644134312
            ],
            [
              137.14047770563226,
              5.432988399741272
            ],
            [
              137.00264950283292,
              5.528857826069115
            ],
            [
              137.1451336951418,
              5.5740865636516705
            ],
            [
              137.21569214429744,
              5.528754829241266
            ]
          ]
        ]
      },
      "id": "863f4da8-8910-4614-aa57-0eda15fe330b"
    }
  ],
  "bbox": [
    137.00264950283292,
    -1.389507053600667,
    161.07725604630912,
    13.282608100565602
  ]
}
