{
  "type": "FeatureCollection",
  "features": [
    {
      "type": "Feature",
      "properties": {
        "id": "35b4f7c8-aca1-4368-8a8d-5f4fc04c3eae",
        "name": "sketch133-0"
      },
      "geometry": {
        "type": "Polygon",
        "coordinates": [
          [
            [
              135.9274556710613,
              12.889867315815179
            ],
            [
              136.1030352339622,
              12.689852784911274
            ],
            [
              136.00231525190793,
              12.572210883998647
            ],
            [
              135.70466838777742,
              12.546049606900938
            ],
            [
              135.659831636573,
              12.627057148782807
            ],
            [
              135.44250476947312,
              12.297621549950689
            ],
            [
              135.5047170457831,
              12.528326508071578
            ],
            [
              135.6250100975077,
              12.62507609995977
            ],
            [
              135.34913275001637,
              12.750392171295873
            ],
            [
              135.5867759530593,
              12.817692348647169
            ],
            [
              135.9274556710613,
              12.889867315815179
            ]
          ]
        ]
      },
      "id": "35b4f7c8-aca1-4368-8a8d-5f4fc04c3eae"
    },
    {
      "type": "Feature",
      "properties": {
        "id": "4db8d957-4f49-4a9a-bb08-e26122b06eee",
        "name": "sketch133-1"
      },
      "geometry": {
        "type": "Polygon",
        "coordinates": [
          [
            [
              145.67629047216298,
              4.42234989049564
            ],
            [
              145.70495124259847,
              4.3472121476713825
            ],
            [
              145.89416861425292,
              4.007450021074747
            ],
            [
              145.72273056943115,
              4.158657313045415
            ],
            [
              145.64600247607683,
              3.8822048213544313
            ],
            [
              145.47653348452852,
              3.9762844148644136
            ],
            [
              145.5339606324412,
              4.2298420705688295
            ],
            [
              145.41747573882878,
              4.104209264367731
            ],
            [
              145.19621799223037,
              4.11087389766575
            ],
            [
              145.42306326909682,
              4.378711328151707
            ],
            [
              145.67629047216298,
              4.42234989049564
            ]
          ]
        ]
      },
      "id": "4db8d957-4f49-4a9a-bb08-e26122b06eee"
    },
    {
      "type": "Feature",
      "properties": {
        "id": "1fa4a9d0-7af7-49ae-846d-cf9cbaf1c7a1",
        "name": "sketch133-2"
      },
      "geometry": {
        "type": "Polygon",
        "coordinates": [
          [
            [
              163.77236661005918,
              -0.6733667690906393
            ],
            [
              163.82474779077694,
              -0.9466845489871305
            ],
            [
              163.90890452983453,
              -1.0570155109452986
            ],
            [
              163.95800122718757,
              -1.3367584056405872
            ],
            [
              163.85614232980978,
              -1.4997428303020979
            ],
            [
              163.6447715730511,
              -1.66249320057173
            ],
            [
              163.4522653002392,
              -1.2892613111879692
            ],
            [
              163.68203562841725,
              -1.163861748026926
            ],
            [
              163.52933867230288,
              -1.0926252144051813
            ],
            [
              163.60222765365808,
              -0.6818291926704991
            ],
            [
              163.77236661005918,
              -0.6733667690906393
            ]
          ]
        ]
      },
      "id": "1fa4a9d0-7af7-49ae-846d-cf9cbaf1c7a1"
    }
  ],
  "bbox": [
    135.34913275001637,
    -1.66249320057173,
    163.95800122718757,
    12.889867315815179
  ]
}
