{
  "type": "FeatureCollection",
  "features": [
    {
      "type": "Feature",
      "properties": {
        "id": "b46694b6-6162-4489-8203-6fb84949f81e",
        "name": "sketch32-0"
      },
      "geometry": {
        "type": "Polygon",
        "coordinates": [
          [
            [
              146.52161858148816,
              6.783658184941263
            ],
            [
              146.83088250105558,
              6.787451829570629
            ],
            [
              146.67673327998676,
              6.488281692099097
            ],
            [
              146.55240368763015,
              6.66138471541021
            ],
            [
              146.282003114392,
              6.380946938109035
            ],
            [
              146.29144880923883,
              6.630732786733869
            ],
            [
              146.08270434346215,
              6.938876924213886
            ],
            [
              146.29440205921253,
              7.008502044336476
            ],
            [
              146.46379022015452,
              6.877214720966602
            ],
            [
              146.4665626456749,
              6.901499136661452
            ],
            [
              146.52161858148816,
              6.783658184941263
            ]
          ]
        ]
      },
      "id": "b46694b6-6162-4489-8203-6fb84949f81e"
    },
    {
      "type": "Feature",
      "properties": {
        "id": "71abeed4-19c0-45ab-a11a-c9a20f09a393",
        "name": "sketch32-1"
      },
      "geometry": {
        "type": "Polygon",
        "coordinates": [
          [
            [
              154.89778791773668,
              11.23499873521019
            ],
            [
              154.90625162442257,
              11.154815583180524
            ],
            [
              155.15963606393677,
              11.211930148440144
            ],
            [
              154.97773023104602,
              11.112201052323957
            ],
            [
              154.9065046941978,
              11.086953602766279
            ],
            [
              155.03508453674115,
              10.665648878759795
            ],
            [
              154.77862341344337,
              10.803831537242424
            ],
            [
              154.71549023381036,
              11.053567264073887
            ],
            [
              154.70437158473067,
              11.236365965533237
            ],
            [
              154.86660906139622,
              11.608111855502099
            ],
            [
              154.89778791773668,
              11.23499873521019
            ]
          ]
        ]
      },
      "id": "71abeed4-19c0-45ab-a11a-c9a20f09a393"
    }
  ],
  "bbox": [
    146.08270434346215,
    6.380946938109035,
    155.15963606393677,
    11.608111855502099
  ]
}
