{
  "type": "FeatureCollection",
  "features": [
    {
      "type": "Feature",
      "properties": {
        "id": "0b27523c-c846-46a2-b8b8-1e9acf98a55e",
        "name": "sketch22-0"
      },
      "geometry": {
        "type": "Polygon",
        "coordinates": [
          [
            [
              152.03076513766524,
              4.108952135524252
            ],
            [
              152.29042043791785,
              3.9300169584593636
            ],
            [
              152.07487499983458,
              3.8140886159897844
            ],
            [
              151.9947169648853,
              3.7730480522399206
            ],
            [
              151.88754292806476,
              3.6425127221882425
            ],
            [
              151.6587583878079,
              3.629030203535264
            ],
            [
              151.64670694491912,
              3.8091107936798787
            ],
            [
              151.39464089471429,
              3.8746411540298453
            ],
            [
              151.466598573602,
              4.040804263710326
            ],
            [
              151.68910118139485,
              4.182053630074589
            ],
            [
              152.03076513766524,
              4.108952135524252
            ]
          ]
        ]
      },
      "id": "0b27523c-c846-46a2-b8b8-1e9acf98a55e"
    },
    {
      "type": "Feature",
      "properties": {
        "id": "7318b08e-8324-4ab4-8ab8-907c0c20b251",
        "name": "sketch22-1"
      },
      "geometry": {
        "type": "Polygon",
        "coordinates": [
          [
            [
              155.002972347485,
              8.093587304189944
            ],
            [
              155.02481428011802,
              7.655628719368945
            ],
            [
              155.47279663822619,
              7.7390752463671975
            ],
            [
              155.08693587708166,
              7.546582139587201
            ],
            [
              155.02638407037298,
              7.168995870537446
            ],
            [
              154.84860085348555,
              7.486236212496547
            ],
            [
              154.65827845536248,
              7.558477381917611
            ],
            [
              154.95391168243162,
              7.635006779013328
            ],
            [
              154.71099079417428,
              7.824889400551618
            ],
            [
              154.98379174999656,
              7.697324720736256
            ],
            [
              155.002972347485,
              8.093587304189944
            ]
          ]
        ]
      },
      "id": "7318b08e-8324-4ab4-8ab8-907c0c20b251"
    }
  ],
  "bbox": [
    151.39464089471429,
    3.629030203535264,
    155.47279663822619,
    8.093587304189944
  ]
}
