{
  "type": "FeatureCollection",
  "features": [
    {
      "type": "Feature",
      "properties": {
        "id": "9645a69f-4f36-49d7-a4a7-c69759eafc7f",
        "name": "sketch326-0"
      },
      "geometry": {
        "type": "Polygon",
        "coordinates": [
          [
            [
              138.72292892145543,
              10.251027990034116
            ],
            [
              138.87721284903904,
              10.185143197131397
            ],
            [
              138.9352242354278,
              9.94017996639966
            ],
            [
              138.8172938754322,
              9.600763747373486
            ],
            [
              138.6922977796492,
              9.644273082619874
            ],
            [
              138.4904869485655,
              9.67815750408905
            ],
            [
              138.18066947964343,
              9.634964842114636
            ],
            [
              138.32500471224895,
              9.734351417955974
            ],
            [
              138.5377436060724,
              9.866786895262079
            ],
            [
              138.4796116378452,
              9.980969721497813
            ],
            [
              138.72292892145543,
              10.251027990034116
            ]
          ]
        ]
      },
      "id": "9645a69f-4f36-49d7-a4a7-c69759eafc7f"
    },
    {
      "type": "Feature",
      "properties": {
        "id": "9a3dce13-9550-4491-95f7-ad488eed7258",
        "name": "sketch326-1"
      },
      "geometry": {
        "type": "Polygon",
        "coordinates": [
          [
            [
              163.10134104172494,
              3.4674998520859543
            ],
            [
              163.01632416553227,
              3.349867458712824
            ],
            [
              162.84962048752652,
              3.30142264781102
            ],
            [
              162.9534391328689,
              3.1549518429999983
            ],
            [
              162.81779654698985,
              3.190928915062885
            ],
            [
              162.74612175455306,
              3.065096986290543
            ],
            [
              162.52013766637938,
              3.138242363329294
            ],
            [
              162.50288969801153,
              3.1527831933461337
            ],
            [
              162.45726568568585,
              3.187414106699832
            ],
            [
              162.46338018135586,
              3.6164006280257914
            ],
            [
              163.10134104172494,
              3.4674998520859543
            ]
          ]
        ]
      },
      "id": "9a3dce13-9550-4491-95f7-ad488eed7258"
    },
    {
      "type": "Feature",
      "properties": {
        "id": "0e385841-c00f-45f4-8d80-acb91fa5cd72",
        "name": "sketch326-2"
      },
      "geometry": {
        "type": "Polygon",
        "coordinates": [
          [
            [
              143.23166061923413,
              9.143733639082376
            ],
            [
              143.37131004287036,
              8.937952635909692
            ],
            [
              143.0919230931052,
              8.913271775749342
            ],
            [
              143.23938972080634,
              8.71374421186506
            ],
            [
              143.0816390716758,
              8.903512954329075
            ],
            [
              143.06512687828393,
              8.8162810541855
            ],
            [
              142.92580026590122,
              8.697798975259465
            ],
            [
              142.82363574617068,
              8.920769984437445
            ],
            [
              143.0142203592807,
              8.947816289363253
            ],
            [
              142.82129705952872,
              9.059565963797876
            ],
            [
              143.23166061923413,
              9.143733639082376
            ]
          ]
        ]
      },
      "id": "0e385841-c00f-45f4-8d80-acb91fa5cd72"
    },
    {
      "type": "Feature",
      "properties": {
        "id": "8f4cc6c9-611b-4d44-88b3-e19584dca081",
        "name": "sketch326-3"
      },
      "geometry": {
        "type": "Polygon",
        "coordinates": [
          [
            [
              146.2994741956887,
              6.271428593457556
            ],
            [
              146.25320144743563,
              6.168095747277447
            ],
            [
              146.29332927864363,
              6.143627844170003
            ],
            [
              146.55490873394245,
              5.832670323276421
            ],
            [
              146.45845199358016,
              5.867116537527098
            ],
            [
              146.25059622062366,
              5.912095945535828
            ],
            [
              146.05501402203734,
              5.944974801711467
            ],
            [
              146.20609579137383,
              6.1559064375276575
            ],
            [
              146.1056891619319,
              6.253635209344313
            ],
            [
              146.02524528156525,
              6.418049260519389
            ],
            [
              146.2994741956887,
              6.271428593457556
            ]
          ]
        ]
      },
      "id": "8f4cc6c9-611b-4d44-88b3-e19584dca081"
    },
    {
      "type": "Feature",
      "properties": {
        "id": "b1d72e84-8a7a-4b2b-9d99-07cbfeadde7e",
        "name": "sketch326-4"
      },
      "geometry": {
        "type": "Polygon",
        "coordinates": [
          [
            [
              160.18855992292907,
              8.26226839220156
            ],
            [
              159.98049510086818,
              8.012347462583861
            ],
            [
              160.0955992315649,
              7.990905387035222
            ],
            [
              160.2227855864019,
              7.758799691759587
            ],
            [
              159.98750949118136,
              7.776735955519338
            ],
            [
              159.77650029718106,
              7.83298487474408
            ],
            [
              159.87658490830557,
              7.980106278461661
            ],
            [
              159.6393432633087,
              7.848084258146257
            ],
            [
              159.89020621244495,
              7.992114401747344
            ],
            [
              159.84746306022478,
              8.169487279833804
            ],
            [
              160.18855992292907,
              8.26226839220156
            ]
          ]
        ]
      },
      "id": "b1d72e84-8a7a-4b2b-9d99-07cbfeadde7e"
    },
    {
      "type": "Feature",
      "properties": {
        "id": "d6d52a09-f1c9-4074-9dd4-ab5a122760ba",
        "name": "sketch326-5"
      },
      "geometry": {
        "type": "Polygon",
        "coordinates": [
          [
            [
              145.4889139546335,
              9.655190292276984
            ],
            [
              145.44415519534326,
              9.576442220777519
            ],
            [
              145.53952211390813,
              9.56897924474526
            ],
            [
              145.52327813159675,
              9.473494212724756
            ],
            [
              145.61208915614233,
              9.171176761844
            ],
            [
              145.36170152545185,
              9.321542716947823
            ],
            [
              145.16978398168868,
              9.107950157758117
            ],
            [
              145.17392794655876,
              9.541666076795034
            ],
            [
              145.32543716603666,
              9.601374739582152
            ],
            [
              145.19060449110046,
              9.882750274505415
            ],
            [
              145.4889139546335,
              9.655190292276984
            ]
          ]
        ]
      },
      "id": "d6d52a09-f1c9-4074-9dd4-ab5a122760ba"
    }
  ],
  "bbox": [
    138.18066947964343,
    3.065096986290543,
    163.10134104172494,
    10.251027990034116
  ]
}
