{
  "type": "FeatureCollection",
  "features": [
    {
      "type": "Feature",
      "properties": {
        "id": "b8988bdd-f318-40c1-bc76-4805901c7672",
        "name": "sketch139-0"
      },
      "geometry": {
        "type": "Polygon",
        "coordinates": [
          [
            [
              163.979982558897,
              -0.047040180123630204
            ],
            [
              163.83915383658953,
              -0.32779820058259523
            ],
            [
              163.97961419612082,
              -0.43824036722053866
            ],
            [
              164.10729044399818,
              -0.5703119748614205
            ],
            [
              163.903047469216,
              -0.5051249368740367
            ],
            [
              163.8830938359468,
              -0.7881558159886872
            ],
            [
              163.60791329044756,
              -0.512302334192704
            ],
            [
              163.6918801896984,
              -0.36300208944517726
            ],
            [
              163.50089201985185,
              -0.226022620430503
            ],
            [
              163.4880772469802,
              0.0009068594189511336
            ],
            [
              163.979982558897,
              -0.047040180123630204
            ]
          ]
        ]
      },
      "id": "b8988bdd-f318-40c1-bc76-4805901c7672"
    },
    {
      "type": "Feature",
      "properties": {
        "id": "8a3a79c8-7162-46af-8728-daa1b3d5e0bd",
        "name": "sketch139-1"
      },
      "geometry": {
        "type": "Polygon",
        "coordinates": [
          [
            [
              150.93404135046393,
              -0.07244158584466781
            ],
            [
              151.14670257928597,
              -0.33419730863140706
            ],
            [
              151.13698033491517,
              -0.5329940604616267
            ],
            [
              150.98222697475586,
              -0.5572124869032102
            ],
            [
              151.20931237617364,
              -0.8034677567980976
            ],
            [
              150.9130815244227,
              -0.6420821437686591
            ],
            [
              150.8723109375245,
              -0.7542551822426393
            ],
            [
              150.6000748301314,
              -0.6821064561396193
            ],
            [
              150.79471576173842,
              -0.4880956376720181
            ],
            [
              150.65820788397085,
              -0.32287885022147944
            ],
            [
              150.93404135046393,
              -0.07244158584466781
            ]
          ]
        ]
      },
      "id": "8a3a79c8-7162-46af-8728-daa1b3d5e0bd"
    },
    {
      "type": "Feature",
      "properties": {
        "id": "3517448b-45ef-44cc-8271-cace2048b45e",
        "name": "sketch139-2"
      },
      "geometry": {
        "type": "Polygon",
        "coordinates": [
          [
            [
              135.39688377260563,
              1.8787267781176518
            ],
            [
              135.39532455802598,
              1.794475606158568
            ],
            [
              135.60095257969232,
              1.7251844995138326
            ],
            [
              135.3807153219307,
              1.7717737093539616
            ],
            [
              135.67600551400818,
              1.5395601076249352
            ],
            [
              135.43138931733026,
              1.4368424405612157
            ],
            [
              135.22015551481047,
              1.6760256693788866
            ],
            [
              135.13906040374164,
              1.7338355693294176
            ],
            [
              135.09661305195468,
              1.934076488013586
            ],
            [
              135.27112572948434,
              1.855674553684917
            ],
            [
              135.39688377260563,
              1.8787267781176518
            ]
          ]
        ]
      },
      "id": "3517448b-45ef-44cc-8271-cace2048b45e"
    },
    {
      "type": "Feature",
      "properties": {
        "id": "2eda00e9-d135-45e4-a265-f7528457b873",
        "name": "sketch139-3"
      },
      "geometry": {
        "type": "Polygon",
        "coordinates": [
          [
            [
              160.5838389831589,
              2.6214010592041292
            ],
            [
              160.37439662787847,
              2.3599233191013127
            ],
            [
              160.45138640453743,
              2.132590836696562
            ],
            [
              160.3542561957619,
              2.3217056730736627
            ],
            [
              160.30060948475497,
              2.3047279174778
            ],
            [
              160.21039868170396,
              2.3219467424101774
            ],
            [
              160.06589422329307,
              2.301216062802962
            ],
            [
              160.1615851874305,
              2.415448372273678
            ],
            [
              160.00095937497446,
              2.511094660541707
            ],
            [
              160.33707328297228,
              2.388796967038487
            ],
            [
              160.5838389831589,
              2.6214010592041292
            ]
          ]
        ]
      },
      "id": "2eda00e9-d135-45e4-a265-f7528457b873"
    },
    {
      "type": "Feature",
      "properties": {
        "id": "0411fcdc-3f7f-495a-ba39-698e383e6f89",
        "name": "sketch139-4"
      },
      "geometry": {
        "type": "Polygon",
        "coordinates": [
          [
            [
              150.07228955748582,
              0.8773536996942944
            ],
            [
              150.1209800222784,
              0.8750622336048145
            ],
            [
              150.3273391448272,
              0.6790107257440664
            ],
            [
              150.08508427595154,
              0.47625572194157556
            ],
            [
              150.06530175450933,
              0.767657376438543
            ],
            [
              149.95442492514246,
              0.7825787811793451
            ],
            [
              150.03448467998965,
              0.8574802915760427
            ],
            [
              149.85557738606656,
              1.0627008146264039
            ],
            [
              149.7181178736163,
              1.2168855366511113
            ],
            [
              149.930089702525,
              1.2307293217998603
            ],
            [
              150.07228955748582,
              0.8773536996942944
            ]
          ]
        ]
      },
      "id": "0411fcdc-3f7f-495a-ba39-698e383e6f89"
    },
    {
      "type": "Feature",
      "properties": {
        "id": "cdca1cfe-b907-45f0-b30c-559d00b328cd",
        "name": "sketch139-5"
      },
      "geometry": {
        "type": "Polygon",
        "coordinates": [
          [
            [
              136.67152545019005,
              7.763257218442396
            ],
            [
              136.73611750124095,
              7.576252430710564
            ],
            [
              136.5051193522438,
              7.411066814580145
            ],
            [
              136.43281351409337,
              7.440506188008135
            ],
            [
              136.40039845719141,
              7.328347407000727
            ],
            [
              136.3567345121126,
              7.5250233444842
            ],
            [
              136.099564041948,
              7.291706651310612
            ],
            [
              136.11803360264594,
              7.532163804377659
            ],
            [
              136.30807541493607,
              7.617625925620541
            ],
            [
              136.22795162373313,
              7.931680191937495
            ],
            [
              136.67152545019005,
              7.763257218442396
            ]
          ]
        ]
      },
      "id": "cdca1cfe-b907-45f0-b30c-559d00b328cd"
    },
    {
      "type": "Feature",
      "properties": {
        "id": "f2257066-f64f-462e-9e88-b33b8a28553a",
        "name": "sketch139-6"
      },
      "geometry": {
        "type": "Polygon",
        "coordinates": [
          [
            [
              151.49680343321316,
              10.091300827939326
            ],
            [
              151.49458102153434,
              10.019273028317071
            ],
            [
              151.5261963265331,
              9.980546255555042
            ],
            [
              151.49375303300417,
              9.774913059184799
            ],
            [
              151.40737644090527,
              9.625997796596387
            ],
            [
              151.0912467587518,
              9.662209447331067
            ],
            [
              151.26287069452061,
              9.83926118108754
            ],
            [
              151.1958499715619,
              9.868621209413883
            ],
            [
              151.27168483718256,
              9.891146933452388
            ],
            [
              151.21935125510646,
              10.023387186260619
            ],
            [
              151.49680343321316,
              10.091300827939326
            ]
          ]
        ]
      },
      "id": "f2257066-f64f-462e-9e88-b33b8a28553a"
    },
    {
      "type": "Feature",
      "properties": {
        "id": "b8ea302f-4002-4986-b752-38313005e320",
        "name": "sketch139-7"
      },
      "geometry": {
        "type": "Polygon",
        "coordinates": [
          [
            [
              142.26651481176637,
              3.296254062558015
            ],
            [
              142.32474148256938,
              3.1723316066930347
            ],
            [
              142.60657531385306,
              2.9854855911786613
            ],
            [
              142.25320643621214,
              2.922315771059325
            ],
            [
              142.10909243991398,
              2.7280283667966354
            ],
            [
              142.06760863210724,
              3.0468345545517135
            ],
            [
              141.72040304735498,
              2.967067852143208
            ],
            [
              141.93166897471266,
              3.2218203797708975
            ],
            [
              141.98940902349764,
              3.3768424600410616
            ],
            [
              142.12470013385806,
              3.504370669147287
            ],
            [
              142.26651481176637,
              3.296254062558015
            ]
          ]
        ]
      },
      "id": "b8ea302f-4002-4986-b752-38313005e320"
    },
    {
      "type": "Feature",
      "properties": {
        "id": "f2d904b6-e7ba-4ebb-bf6e-e05ed06c401c",
        "name": "sketch139-8"
      },
      "geometry": {
        "type": "Polygon",
        "coordinates": [
          [
            [
              154.29646607167393,
              7.726486730298345
            ],
            [
              154.75023502460053,
              7.769624704162817
            ],
            [
              154.4788641895341,
              7.5051189967224605
            ],
            [
              154.4452951337669,
              7.524895434133521
            ],
            [
              154.35245436908224,
              7.252171115750268
            ],
            [
              154.07253642883603,
              7.414633607732487
            ],
            [
              154.08770475287855,
              7.657006429764759
            ],
            [
              154.033033555621,
              7.740370795190683
            ],
            [
              154.18485597276637,
              7.717868014067589
            ],
            [
              154.23089085872897,
              7.76045312749592
            ],
            [
              154.29646607167393,
              7.726486730298345
            ]
          ]
        ]
      },
      "id": "f2d904b6-e7ba-4ebb-bf6e-e05ed06c401c"
    }
  ],
  "bbox": [
    135.09661305195468,
    -0.8034677567980976,
    164.10729044399818,
    10.091300827939326
  ]
}
