{
  "type": "FeatureCollection",
  "features": [
    {
      "type": "Feature",
      "properties": {
        "id": "13c525c0-eaa3-4797-8074-ca549145f5c4",
        "name": "sketch246-0"
      },
      "geometry": {
        "type": "Polygon",
        "coordinates": [
          [
            [
              152.9696238994868,
              1.4419633979912823
            ],
            [
              152.99638918131146,
              1.2971413257825686
            ],
            [
              153.27262913551974,
              1.1489788669922858
            ],
            [
              153.28237919473682,
              1.036728504377788
            ],
            [
              152.93049877722234,
              1.1400388015504284
            ],
            [
              152.85249391511695,
              1.052072432518163
            ],
            [
              152.62645689432952,
              0.8922043644606755
            ],
            [
              152.5421038904021,
              0.9832121698777102
            ],
            [
              152.4459531741665,
              1.1559181145266337
            ],
            [
              152.4439550881947,
              1.3087702375270298
            ],
            [
              152.9696238994868,
              1.4419633979912823
            ]
          ]
        ]
      },
      "id": "13c525c0-eaa3-4797-8074-ca549145f5c4"
    },
    {
      "type": "Feature",
      "properties": {
        "id": "aef60dc0-8c80-44cf-8290-2f9d9f396c5e",
        "name": "sketch246-1"
      },
      "geometry": {
        "type": "Polygon",
        "coordinates": [
          [
            [
              140.33702524866186,
              10.260836337486777
            ],
            [
              140.0698284952367,
              9.922375840548144
            ],
            [
              140.06364564377347,
              9.90697039271818
            ],
            [
              140.38809761780905,
              9.698262093613994
            ],
            [
              140.32198404635804,
              9.545255930855266
            ],
            [
              140.04043890180063,
              9.588786834209088
            ],
            [
              140.04972712412356,
              9.907744657763914
            ],
            [
              139.82435952703804,
              9.887538409078473
            ],
            [
              140.03877371934453,
              9.908456908096534
            ],
            [
              139.88953637482578,
              9.989070474513179
            ],
            [
              140.33702524866186,
              10.260836337486777
            ]
          ]
        ]
      },
      "id": "aef60dc0-8c80-44cf-8290-2f9d9f396c5e"
    },
    {
      "type": "Feature",
      "properties": {
        "id": "5ebcafbc-2d12-4c1a-8589-ec59829c15ca",
        "name": "sketch246-2"
      },
      "geometry": {
        "type": "Polygon",
        "coordinates": [
          [
            [
              140.79636028462,
              0.896493313416065
            ],
            [
              141.08079519043434,
              0.6460104913793028
            ],
            [
              141.1055660231317,
              0.5303160804475079
            ],
            [
              141.19372071107097,
              0.1519015697789745
            ],
            [
              140.7760768189813,
              0.3835659391586797
            ],
            [
              140.83282154982996,
              0.16319049292590973
            ],
            [
              140.42842154430664,
              0.08665105567055476
            ],
            [
              140.6905514151508,
              0.39275425106972034
            ],
            [
              140.66076071235176,
              0.5220367522069633
            ],
            [
              140.57099208974324,
              0.6370086346651835
            ],
            [
              140.79636028462,
              0.896493313416065
            ]
          ]
        ]
      },
      "id": "5ebcafbc-2d12-4c1a-8589-ec59829c15ca"
    },
    {
      "type": "Feature",
      "properties": {
        "id": "ac04647f-1dea-4e14-b9f5-d0bbe1c878c0",
        "name": "sketch246-3"
      },
      "geometry": {
        "type": "Polygon",
        "coordinates": [
          [
            [
              155.63930868447542,
              7.356589377411218
            ],
            [
              155.66049385178013,
              7.291261401365369
            ],
            [
              155.70578632796781,
              7.251407687476743
            ],
            [
              155.64296094546873,
              7.233072854231079
            ],
            [
              155.62112741672271,
              7.234486837888202
            ],
            [
              155.26248868744156,
              7.022127459320245
            ],
            [
              155.1975611876912,
              7.212747735849599
            ],
            [
              155.37646811036876,
              7.618709509320367
            ],
            [
              155.4018283663841,
              7.624532717321196
            ],
            [
              155.62155404933048,
              7.273340175061826
            ],
            [
              155.63930868447542,
              7.356589377411218
            ]
          ]
        ]
      },
      "id": "ac04647f-1dea-4e14-b9f5-d0bbe1c878c0"
    },
    {
      "type": "Feature",
      "properties": {
        "id": "627a8f2d-f183-42e8-a01a-0d4a09eef2e6",
        "name": "sketch246-4"
      },
      "geometry": {
        "type": "Polygon",
        "coordinates": [
          [
            [
              156.21468622980825,
              2.478839874170693
            ],
            [
              156.53942806835067,
              2.259728443848751
            ],
            [
              156.47578770729797,
              2.0400746148678044
            ],
            [
              156.12209027293625,
              2.1622740832691902
            ],
            [
              156.12591705011482,
              1.9716871667866835
            ],
            [
              156.07152985986374,
              1.9328724896652572
            ],
            [
              155.60558100396284,
              2.2190714699673806
            ],
            [
              155.78193793930214,
              2.2944182059922595
            ],
            [
              155.7478466754286,
              2.4760213518358603
            ],
            [
              156.0874429593173,
              2.2591909707610287
            ],
            [
              156.21468622980825,
              2.478839874170693
            ]
          ]
        ]
      },
      "id": "627a8f2d-f183-42e8-a01a-0d4a09eef2e6"
    },
    {
      "type": "Feature",
      "properties": {
        "id": "75224435-c775-4a1c-8e02-16042c7722e4",
        "name": "sketch246-5"
      },
      "geometry": {
        "type": "Polygon",
        "coordinates": [
          [
            [
              149.15382178264548,
              11.303180701616672
            ],
            [
              149.21216920755603,
              11.24407720215164
            ],
            [
              149.12707472858867,
              11.005125469454555
            ],
            [
              149.2959399410831,
              10.928242845386675
            ],
            [
              149.1243878127325,
              10.90427573996491
            ],
            [
              149.07207964896227,
              10.67401914893891
            ],
            [
              148.78889256944876,
              10.891146857384092
            ],
            [
              148.72520106598836,
              10.98211102728369
            ],
            [
              148.6541482093568,
              11.053286225977246
            ],
            [
              149.00628354640122,
              11.303106034703363
            ],
            [
              149.15382178264548,
              11.303180701616672
            ]
          ]
        ]
      },
      "id": "75224435-c775-4a1c-8e02-16042c7722e4"
    }
  ],
  "bbox": [
    139.82435952703804,
    0.08665105567055476,
    156.53942806835067,
    11.303180701616672
  ]
}
