{
  "type": "FeatureCollection",
  "features": [
    {
      "type": "Feature",
      "properties": {
        "id": "9e05999e-49ce-4907-be1c-e646210b9702",
        "name": "sketch116-0"
      },
      "geometry": {
        "type": "Polygon",
        "coordinates": [
          [
            [
              135.87276773643006,
              -1.009973771729171
            ],
            [
              136.0083551340266,
              -0.9007738011941204
            ],
            [
              136.0234055604953,
              -0.8909749030217654
            ],
            [
              136.15143384791875,
              -1.1282766256607597
            ],
            [
              135.91957508312305,
              -1.4430581745332471
            ],
            [
              135.80281021863138,
              -1.5717601308938696
            ],
            [
              135.79901692039144,
              -1.189715269882658
            ],
            [
              135.8540658504013,
              -1.0969681204518011
            ],
            [
              135.41761546551245,
              -0.9614688971975884
            ],
            [
              135.69468495770334,
              -0.7895286877941611
            ],
            [
              135.87276773643006,
              -1.009973771729171
            ]
          ]
        ]
      },
      "id": "9e05999e-49ce-4907-be1c-e646210b9702"
    },
    {
      "type": "Feature",
      "properties": {
        "id": "96a0cad2-74d2-4e3c-986e-6c295cc0145f",
        "name": "sketch116-1"
      },
      "geometry": {
        "type": "Polygon",
        "coordinates": [
          [
            [
              136.42001705901518,
              1.0324371859604506
            ],
            [
              136.4318501444059,
              0.9139725031518593
            ],
            [
              136.5586519840185,
              0.8231260232448567
            ],
            [
              136.5720078937909,
              0.7178608035360694
            ],
            [
              136.30927872932935,
              0.752596175284744
            ],
            [
              136.23185221567462,
              0.5907916010126701
            ],
            [
              136.1130772544296,
              0.7412506216177555
            ],
            [
              136.0110277515294,
              0.8969114404878733
            ],
            [
              136.05841000507007,
              1.051110302219302
            ],
            [
              136.16845549095328,
              0.9451802546390947
            ],
            [
              136.42001705901518,
              1.0324371859604506
            ]
          ]
        ]
      },
      "id": "96a0cad2-74d2-4e3c-986e-6c295cc0145f"
    },
    {
      "type": "Feature",
      "properties": {
        "id": "829462d2-5981-4dbe-863e-6bb261dd6961",
        "name": "sketch116-2"
      },
      "geometry": {
        "type": "Polygon",
        "coordinates": [
          [
            [
              144.66094915802518,
              0.8967549681421348
            ],
            [
              144.72251036696642,
              0.8157393316568315
            ],
            [
              144.6595488104677,
              0.7726162369942531
            ],
            [
              144.7660203319819,
              0.3600892673690038
            ],
            [
              144.49138572479228,
              0.5199546086982763
            ],
            [
              144.3739605413221,
              0.7678885476158998
            ],
            [
              144.37509152776425,
              0.8088032437832511
            ],
            [
              144.53669913447317,
              0.857155718889282
            ],
            [
              144.35775115638,
              1.075472184865268
            ],
            [
              144.53192188100584,
              1.079829522755276
            ],
            [
              144.66094915802518,
              0.8967549681421348
            ]
          ]
        ]
      },
      "id": "829462d2-5981-4dbe-863e-6bb261dd6961"
    },
    {
      "type": "Feature",
      "properties": {
        "id": "e113787d-641a-4674-80f8-98b3fd7dc2f0",
        "name": "sketch116-3"
      },
      "geometry": {
        "type": "Polygon",
        "coordinates": [
          [
            [
              140.9651809906567,
              12.205866964479897
            ],
            [
              141.3024205124006,
              12.184068576061692
            ],
            [
              140.96490310747976,
              12.040014154089915
            ],
            [
              140.89260502122374,
              11.80750307194939
            ],
            [
              140.78380070536105,
              11.90635327890273
            ],
            [
              140.63653092388986,
              11.726751074650585
            ],
            [
              140.875142996986,
              12.078510358846065
            ],
            [
              140.8982808220547,
              12.086401825338749
            ],
            [
              140.77890689415514,
              12.480928324866289
            ],
            [
              140.8507735630291,
              12.398471198882707
            ],
            [
              140.9651809906567,
              12.205866964479897
            ]
          ]
        ]
      },
      "id": "e113787d-641a-4674-80f8-98b3fd7dc2f0"
    },
    {
      "type": "Feature",
      "properties": {
        "id": "ffcb0e61-48a8-49fd-a780-7b140558409d",
        "name": "sketch116-4"
      },
      "geometry": {
        "type": "Polygon",
        "coordinates": [
          [
            [
              146.14185683581957,
              0.6039437599703343
            ],
            [
              146.12686891606,
              0.5169056181626133
            ],
            [
              146.30036976484968,
              0.46738336008379244
            ],
            [
              146.31586115569323,
              0.4178797305063124
            ],
            [
              146.1325076986874,
              0.44377810922461275
            ],
            [
              146.201611258561,
              -0.0059752234606967325
            ],
            [
              145.87269235729053,
              0.31357329445339566
            ],
            [
              145.85403094302657,
              0.37052005247418496
            ],
            [
              145.7996786838227,
              0.63575426721982
            ],
            [
              146.0448976394175,
              0.6162784766522995
            ],
            [
              146.14185683581957,
              0.6039437599703343
            ]
          ]
        ]
      },
      "id": "ffcb0e61-48a8-49fd-a780-7b140558409d"
    },
    {
      "type": "Feature",
      "properties": {
        "id": "f3fdabab-6f20-470d-a141-1f3e550b269f",
        "name": "sketch116-5"
      },
      "geometry": {
        "type": "Polygon",
        "coordinates": [
          [
            [
              146.86507885567474,
              4.203439551846311
            ],
            [
              146.88253735450772,
              4.0026776582868555
            ],
            [
              146.96213350065008,
              3.8534248389740915
            ],
            [
              146.6644481118312,
              3.5761908122073045
            ],
            [
              146.59117489464143,
              3.9497556014499797
            ],
            [
              146.65039815191562,
              4.0622191554779725
            ],
            [
              146.618231128253,
              4.100636856614235
            ],
            [
              146.46609138722087,
              4.189197751556817
            ],
            [
              146.57313886339355,
              4.162024312413289
            ],
            [
              146.70494876807285,
              4.430048782186742
            ],
            [
              146.86507885567474,
              4.203439551846311
            ]
          ]
        ]
      },
      "id": "f3fdabab-6f20-470d-a141-1f3e550b269f"
    }
  ],
  "bbox": [
    135.41761546551245,
    -1.5717601308938696,
    146.96213350065008,
    12.480928324866289
  ]
}
