{
  "type": "FeatureCollection",
  "features": [
    {
      "type": "Feature",
      "properties": {
        "id": "bd6232df-e087-4350-b8d4-c97d6b336c40",
        "name": "sketch213-0"
      },
      "geometry": {
        "type": "Polygon",
        "coordinates": [
          [
            [
              163.84826438784765,
              7.605993125264618
            ],
            [
              163.6174238853979,
              7.333272199093976
            ],
            [
              163.92708932609833,
              7.2050555022777125
            ],
            [
              163.64344679650242,
              7.310477143831226
            ],
            [
              163.54090649407186,
              6.951341034904793
            ],
            [
              163.46733410219989,
              7.342122893122595
            ],
            [
              163.3384804025233,
              7.584610922911425
            ],
            [
              163.5724837759522,
              7.424603240892085
            ],
            [
              163.47046132856306,
              7.664763010484009
            ],
            [
              163.57847798114375,
              7.765518155229425
            ],
            [
              163.84826438784765,
              7.605993125264618
            ]
          ]
        ]
      },
      "id": "bd6232df-e087-4350-b8d4-c97d6b336c40"
    },
    {
      "type": "Feature",
      "properties": {
        "id": "b09742fa-39df-43a5-9b80-d8a5d2b5eb46",
        "name": "sketch213-1"
      },
      "geometry": {
        "type": "Polygon",
        "coordinates": [
          [
            [
              151.05858450732848,
              5.2643527857040935
            ],
            [
              150.82913238677767,
              5.166744582955081
            ],
            [
              150.8835007178324,
              5.030553678268717
            ],
            [
              150.82160923541178,
              5.09283937307653
            ],
            [
              150.8075382562499,
              5.099793341745682
            ],
            [
              150.68505218855938,
              4.977457505416339
            ],
            [
              150.64573730399172,
              5.077489528841117
            ],
            [
              150.50316088658226,
              5.217659410919868
            ],
            [
              150.6306484981974,
              5.324378026114815
            ],
            [
              150.5943359718016,
              5.371948957232571
            ],
            [
              151.05858450732848,
              5.2643527857040935
            ]
          ]
        ]
      },
      "id": "b09742fa-39df-43a5-9b80-d8a5d2b5eb46"
    },
    {
      "type": "Feature",
      "properties": {
        "id": "0b2cfd3e-9330-4814-aef9-76ea885de007",
        "name": "sketch213-2"
      },
      "geometry": {
        "type": "Polygon",
        "coordinates": [
          [
            [
              161.10549570093724,
              11.964545930168299
            ],
            [
              161.00374038198478,
              11.589749104358772
            ],
            [
              160.9808440116036,
              11.548070354794932
            ],
            [
              161.27508301681019,
              11.280216125594475
            ],
            [
              161.10355770815363,
              11.213762839088334
            ],
            [
              160.80822007262327,
              11.10499077268667
            ],
            [
              160.84614426642102,
              11.430635123745343
            ],
            [
              160.62205981652207,
              11.389188143110406
            ],
            [
              160.88249425398828,
              11.56223026735775
            ],
            [
              160.9109397710201,
              11.628093086736843
            ],
            [
              161.10549570093724,
              11.964545930168299
            ]
          ]
        ]
      },
      "id": "0b2cfd3e-9330-4814-aef9-76ea885de007"
    }
  ],
  "bbox": [
    150.50316088658226,
    4.977457505416339,
    163.92708932609833,
    11.964545930168299
  ]
}
