{
  "type": "FeatureCollection",
  "features": [
    {
      "type": "Feature",
      "properties": {
        "id": "0267ba4d-0523-4a94-b3ee-f55169e9ae6a",
        "name": "sketch117-0"
      },
      "geometry": {
        "type": "Polygon",
        "coordinates": [
          [
            [
              160.811040084255,
              4.574749467304932
            ],
            [
              160.71676887693778,
              4.378032851087599
            ],
            [
              160.63647919025112,
              4.0269012365093255
            ],
            [
              160.44657156657502,
              3.8768622700578304
            ],
            [
              160.31695601210674,
              3.958001837693538
            ],
            [
              160.35859335498904,
              4.085781939645548
            ],
            [
              159.99790478959227,
              4.330681566000621
            ],
            [
              160.22575842510184,
              4.403494911614529
            ],
            [
              160.1818700847166,
              4.419374659195234
            ],
            [
              160.18289920675002,
              4.605296018102714
            ],
            [
              160.811040084255,
              4.574749467304932
            ]
          ]
        ]
      },
      "id": "0267ba4d-0523-4a94-b3ee-f55169e9ae6a"
    },
    {
      "type": "Feature",
      "properties": {
        "id": "a1ba281e-4b96-46d7-bf51-8adb76e7c9a0",
        "name": "sketch117-1"
      },
      "geometry": {
        "type": "Polygon",
        "coordinates": [
          [
            [
              139.74929871782746,
              13.009114671588275
            ],
            [
              139.86903439925942,
              12.854224320997403
            ],
            [
              139.91408129209023,
              12.684373519097935
            ],
            [
              139.74689455407164,
              12.603346747569098
            ],
            [
              139.7304573922285,
              12.339588410443696
            ],
            [
              139.5534304924386,
              12.64561370708185
            ],
            [
              139.45628682715747,
              12.583819570840385
            ],
            [
              139.37240033177295,
              12.596607189158119
            ],
            [
              139.09783295890654,
              12.855111124664347
            ],
            [
              139.42612029209235,
              12.89995867087212
            ],
            [
              139.74929871782746,
              13.009114671588275
            ]
          ]
        ]
      },
      "id": "a1ba281e-4b96-46d7-bf51-8adb76e7c9a0"
    },
    {
      "type": "Feature",
      "properties": {
        "id": "9d702d62-052c-4d6b-854d-3f64bedba48e",
        "name": "sketch117-2"
      },
      "geometry": {
        "type": "Polygon",
        "coordinates": [
          [
            [
              141.17271334792989,
              3.2368883772918418
            ],
            [
              141.45580667642477,
              2.866500080399084
            ],
            [
              141.14967319560367,
              2.76630931466131
            ],
            [
              141.37540240613936,
              2.7302439382657644
            ],
            [
              141.335647067402,
              2.5608798294783117
            ],
            [
              141.0958887734077,
              2.42170039133623
            ],
            [
              140.85150488482262,
              2.5431828022310508
            ],
            [
              140.87881649246935,
              2.7056159188667874
            ],
            [
              141.05544718377126,
              2.7512308884721146
            ],
            [
              140.85296116230597,
              2.9312600195512735
            ],
            [
              141.17271334792989,
              3.2368883772918418
            ]
          ]
        ]
      },
      "id": "9d702d62-052c-4d6b-854d-3f64bedba48e"
    },
    {
      "type": "Feature",
      "properties": {
        "id": "c839f96e-529f-4551-b790-286bb3da637f",
        "name": "sketch117-3"
      },
      "geometry": {
        "type": "Polygon",
        "coordinates": [
          [
            [
              153.99628915729562,
              5.438145785979699
            ],
            [
              153.9321506709483,
              5.067452951164356
            ],
            [
              154.1771785369467,
              5.10028441057529
            ],
            [
              154.1418070686253,
              4.89753617438774
            ],
            [
              154.08199083178266,
              4.6099494681273026
            ],
            [
              154.01945852334424,
              4.773928527643722
            ],
            [
              153.90135367323052,
              4.84154511049154
            ],
            [
              153.64533764279452,
              4.803067573469993
            ],
            [
              153.66240128556186,
              5.0936086159494085
            ],
            [
              153.67345651889391,
              5.469488185937345
            ],
            [
              153.99628915729562,
              5.438145785979699
            ]
          ]
        ]
      },
      "id": "c839f96e-529f-4551-b790-286bb3da637f"
    },
    {
      "type": "Feature",
      "properties": {
        "id": "b781bd70-a6e0-4acb-8be6-dabf65d4b607",
        "name": "sketch117-4"
      },
      "geometry": {
        "type": "Polygon",
        "coordinates": [
          [
            [
              141.15160295871388,
              4.664070588716643
            ],
            [
              141.4595015855797,
              4.532631646521247
            ],
            [
              141.28540578594868,
              4.319151574728053
            ],
            [
              141.2123286658288,
              4.256479928405152
            ],
            [
              141.33749786964657,
              3.9660525906025805
            ],
            [
              141.23925839687658,
              3.968648543850766
            ],
            [
              141.0440681341712,
              4.321626268824198
            ],
            [
              140.8356199410722,
              4.136256073280392
            ],
            [
              140.9783553084173,
              4.417014636188802
            ],
            [
              141.04500417768722,
              4.558010853726945
            ],
            [
              141.15160295871388,
              4.664070588716643
            ]
          ]
        ]
      },
      "id": "b781bd70-a6e0-4acb-8be6-dabf65d4b607"
    },
    {
      "type": "Feature",
      "properties": {
        "id": "a7babdab-b3f8-4c12-ac1d-5d7edcab8ed4",
        "name": "sketch117-5"
      },
      "geometry": {
        "type": "Polygon",
        "coordinates": [
          [
            [
              158.35623748317002,
              10.510105536384893
            ],
            [
              158.6466078126364,
              10.440344257239614
            ],
            [
              158.66164988116196,
              10.40474581950863
            ],
            [
              158.36633518990774,
              10.36953920559839
            ],
            [
              158.43008716228502,
              10.262253401447097
            ],
            [
              158.25064369438996,
              10.142461396881403
            ],
            [
              158.2776240550692,
              10.276615935511934
            ],
            [
              158.19583480032134,
              10.340408309145543
            ],
            [
              158.01236152988548,
              10.549265660132066
            ],
            [
              158.1722675229503,
              10.616854251328824
            ],
            [
              158.35623748317002,
              10.510105536384893
            ]
          ]
        ]
      },
      "id": "a7babdab-b3f8-4c12-ac1d-5d7edcab8ed4"
    },
    {
      "type": "Feature",
      "properties": {
        "id": "4bc04b08-711d-4658-b68a-6ce3f11ea677",
        "name": "sketch117-6"
      },
      "geometry": {
        "type": "Polygon",
        "coordinates": [
          [
            [
              160.30629721995876,
              8.88084120611954
            ],
            [
              160.25471430248712,
              8.721365784441597
            ],
            [
              160.41187802279177,
              8.918028386566402
            ],
            [
              160.33746015844142,
              8.651950770142399
            ],
            [
              160.41581450804566,
              8.318060479228064
            ],
            [
              160.14609355233048,
              8.193390312699538
            ],
            [
              160.01046902747035,
              8.418530056459291
            ],
            [
              159.8978651042346,
              8.552483351234173
            ],
            [
              160.13189549735407,
              8.633595077559873
            ],
            [
              159.85681353057512,
              8.927282845028252
            ],
            [
              160.30629721995876,
              8.88084120611954
            ]
          ]
        ]
      },
      "id": "4bc04b08-711d-4658-b68a-6ce3f11ea677"
    }
  ],
  "bbox": [
    139.09783295890654,
    2.42170039133623,
    160.811040084255,
    13.009114671588275
  ]
}
