{
  "type": "FeatureCollection",
  "features": [
    {
      "type": "Feature",
      "properties": {
        "id": "2b737386-05c6-4d0e-8407-c9626c698806",
        "name": "sketch328-0"
      },
      "geometry": {
        "type": "Polygon",
        "coordinates": [
          [
            [
              144.56587315988017,
              8.784231607730968
            ],
            [
              144.89376348222257,
              8.61622037210077
            ],
            [
              144.76773153827105,
              8.341328733241676
            ],
            [
              144.45925456960617,
              8.278955025850653
            ],
            [
              144.4007187629631,
              8.43374821198767
            ],
            [
              144.25468773250756,
              8.45329289582874
            ],
            [
              144.20272199138756,
              8.586654732329517
            ],
            [
              144.0995685697469,
              8.794082245639979
            ],
            [
              144.34824500940604,
              8.685072703143279
            ],
            [
              144.40752295613638,
              8.674299873526138
            ],
            [
              144.56587315988017,
              8.784231607730968
            ]
          ]
        ]
      },
      "id": "2b737386-05c6-4d0e-8407-c9626c698806"
    },
    {
      "type": "Feature",
      "properties": {
        "id": "81dfb4d8-bc3c-4501-b7e3-9f40e73c2d54",
        "name": "sketch328-1"
      },
      "geometry": {
        "type": "Polygon",
        "coordinates": [
          [
            [
              150.83864872197464,
              5.84551972432992
            ],
            [
              151.1047264356436,
              6.082376716182229
            ],
            [
              150.8672820411595,
              5.842328899773858
            ],
            [
              151.05965741048487,
              5.848366348286921
            ],
            [
              150.89427179888398,
              5.735327846575348
            ],
            [
              150.90990875622995,
              5.316054479805423
            ],
            [
              150.47077383061114,
              5.387882804895538
            ],
            [
              150.72113073191252,
              5.771611903820965
            ],
            [
              150.3086295743963,
              5.869313797861591
            ],
            [
              150.6097711671729,
              5.912323193174062
            ],
            [
              150.83864872197464,
              5.84551972432992
            ]
          ]
        ]
      },
      "id": "81dfb4d8-bc3c-4501-b7e3-9f40e73c2d54"
    },
    {
      "type": "Feature",
      "properties": {
        "id": "71f88f28-f1cc-4557-b55c-06aad90b0375",
        "name": "sketch328-2"
      },
      "geometry": {
        "type": "Polygon",
        "coordinates": [
          [
            [
              139.31014590355122,
              2.00270700166259
            ],
            [
              139.32145058148666,
              1.8231119501341135
            ],
            [
              139.40378044622872,
              1.8223640192345976
            ],
            [
              139.62286290334123,
              1.938955682454065
            ],
            [
              139.62954612861594,
              1.602042275051425
            ],
            [
              139.36521485931797,
              1.4472960512396846
            ],
            [
              139.26263408744128,
              1.6563538195114893
            ],
            [
              138.86508704816927,
              1.6531620283765864
            ],
            [
              138.93082571059517,
              1.9259396918740617
            ],
            [
              139.26952322154588,
              1.8719366940484212
            ],
            [
              139.31014590355122,
              2.00270700166259
            ]
          ]
        ]
      },
      "id": "71f88f28-f1cc-4557-b55c-06aad90b0375"
    },
    {
      "type": "Feature",
      "properties": {
        "id": "60b61a4c-3495-4f58-982d-408165e824cd",
        "name": "sketch328-3"
      },
      "geometry": {
        "type": "Polygon",
        "coordinates": [
          [
            [
              151.592808436955,
              0.11760595921177117
            ],
            [
              151.92199917188714,
              0.210387796518821
            ],
            [
              151.8497006101569,
              -0.08599336823947229
            ],
            [
              151.75101272971477,
              -0.4952488227856897
            ],
            [
              151.45288820862135,
              -0.4307111768901045
            ],
            [
              151.55718821686244,
              -0.07877696849643315
            ],
            [
              151.4871365251075,
              -0.15570680286973965
            ],
            [
              151.28828173908144,
              -0.286502288886164
            ],
            [
              151.45515929781504,
              -0.01887403507663163
            ],
            [
              151.35712620277494,
              0.2910127559536191
            ],
            [
              151.592808436955,
              0.11760595921177117
            ]
          ]
        ]
      },
      "id": "60b61a4c-3495-4f58-982d-408165e824cd"
    },
    {
      "type": "Feature",
      "properties": {
        "id": "683bb285-32c4-40d1-be87-41883a9e703d",
        "name": "sketch328-4"
      },
      "geometry": {
        "type": "Polygon",
        "coordinates": [
          [
            [
              137.3274819388394,
              4.614186197596395
            ],
            [
              137.651235624413,
              4.618049704365911
            ],
            [
              137.44329333782144,
              4.332086407296218
            ],
            [
              137.2641548652325,
              4.2882873110437485
            ],
            [
              137.2172749419327,
              4.517307729964259
            ],
            [
              137.1127953064552,
              4.426446604113
            ],
            [
              136.99991267577116,
              4.433821574201516
            ],
            [
              137.0039892177462,
              4.487158949794264
            ],
            [
              137.01819572372753,
              4.596734545932741
            ],
            [
              137.13275574484783,
              4.694400946016292
            ],
            [
              137.3274819388394,
              4.614186197596395
            ]
          ]
        ]
      },
      "id": "683bb285-32c4-40d1-be87-41883a9e703d"
    },
    {
      "type": "Feature",
      "properties": {
        "id": "a011d6d9-9053-4417-ae64-30c3fdafc560",
        "name": "sketch328-5"
      },
      "geometry": {
        "type": "Polygon",
        "coordinates": [
          [
            [
              149.51611169730973,
              2.5977281123778537
            ],
            [
              149.38079208318467,
              2.447244067226314
            ],
            [
              149.2858692690481,
              2.1671270522492057
            ],
            [
              149.27724260926948,
              2.2526150474186957
            ],
            [
              149.29885996265722,
              2.481361381855699
            ],
            [
              149.14719254718938,
              2.3339346178703773
            ],
            [
              148.93606158016834,
              2.4096341135280666
            ],
            [
              148.818615946491,
              2.4450599417535623
            ],
            [
              149.1882200270898,
              2.606238652645704
            ],
            [
              149.25708628298125,
              2.8767580526712435
            ],
            [
              149.51611169730973,
              2.5977281123778537
            ]
          ]
        ]
      },
      "id": "a011d6d9-9053-4417-ae64-30c3fdafc560"
    },
    {
      "type": "Feature",
      "properties": {
        "id": "41b82f13-f79b-4d74-b048-f6d2358c21ed",
        "name": "sketch328-6"
      },
      "geometry": {
        "type": "Polygon",
        "coordinates": [
          [
            [
              140.29423744561555,
              9.093967582259083
            ],
            [
              140.68638357890055,
              9.039795240728155
            ],
            [
              140.23576734928952,
              9.019748372686603
            ],
            [
              140.3199119563616,
              8.610513947714908
            ],
            [
              140.20369543463624,
              8.816059793016416
            ],
            [
              139.8704172927803,
              8.667296882850408
            ],
            [
              139.8125350761047,
              8.872736958573073
            ],
            [
              139.81888968470585,
              9.276616473801308
            ],
            [
              140.03712510075357,
              9.19824518240586
            ],
            [
              140.07745081638095,
              9.264821563066516
            ],
            [
              140.29423744561555,
              9.093967582259083
            ]
          ]
        ]
      },
      "id": "41b82f13-f79b-4d74-b048-f6d2358c21ed"
    },
    {
      "type": "Feature",
      "properties": {
        "id": "124e81a4-38b8-4149-abb8-a936ce28c2f9",
        "name": "sketch328-7"
      },
      "geometry": {
        "type": "Polygon",
        "coordinates": [
          [
            [
              148.6711325244186,
              9.009605059986667
            ],
            [
              148.9499897067803,
              9.170761239165584
            ],
            [
              148.692025040857,
              8.936814041217495
            ],
            [
              149.0905820701724,
              8.857700695980336
            ],
            [
              148.67212463608925,
              8.903249326809583
            ],
            [
              148.79541024707459,
              8.718963631404895
            ],
            [
              148.58802739642394,
              8.493402052185658
            ],
            [
              148.35711895223463,
              8.812026853501473
            ],
            [
              148.48690034991802,
              8.885187737559512
            ],
            [
              148.5235769444577,
              9.065497189689866
            ],
            [
              148.6711325244186,
              9.009605059986667
            ]
          ]
        ]
      },
      "id": "124e81a4-38b8-4149-abb8-a936ce28c2f9"
    }
  ],
  "bbox": [
    136.99991267577116,
    -0.4952488227856897,
    151.92199917188714,
    9.276616473801308
  ]
}
