{
  "type": "FeatureCollection",
  "features": [
    {
      "type": "Feature",
      "properties": {
        "id": "16987ddc-9d3e-4ac2-b3c3-1f0b079fc201",
        "name": "sketch270-0"
      },
      "geometry": {
        "type": "Polygon",
        "coordinates": [
          [
            [
              143.95498662277237,
              9.927882011621323
            ],
            [
              143.69483481525438,
              9.642158453321134
            ],
            [
              143.80661108006728,
              9.591717746952789
            ],
            [
              143.6452775368949,
              9.619469819267453
            ],
            [
              143.52056924767408,
              9.669630716844763
            ],
            [
              143.47514381670723,
              9.437952889960343
            ],
            [
              143.17788528953207,
              9.500008043310043
            ],
            [
              143.294124171226,
              9.818353126772376
            ],
            [
              143.27188453515282,
              9.973360380833567
            ],
            [
              143.44409019238458,
              9.981672142021484
            ],
            [
              143.95498662277237,
              9.927882011621323
            ]
          ]
        ]
      },
      "id": "16987ddc-9d3e-4ac2-b3c3-1f0b079fc201"
    },
    {
      "type": "Feature",
      "properties": {
        "id": "f229c029-0c13-4e54-8935-3459164142fa",
        "name": "sketch270-1"
      },
      "geometry": {
        "type": "Polygon",
        "coordinates": [
          [
            [
              148.95985252985082,
              12.733392561100413
            ],
            [
              148.69584297803104,
              12.59391863584239
            ],
            [
              148.85831621000395,
              12.630544342988728
            ],
            [
              148.82724224772937,
              12.532112688904393
            ],
            [
              148.8504778571374,
              12.318846282989714
            ],
            [
              148.5806908833545,
              12.513644906917342
            ],
            [
              148.12319314758705,
              12.403483484597642
            ],
            [
              148.11217842250173,
              12.548181497607178
            ],
            [
              148.4274601926004,
              12.777253426141217
            ],
            [
              148.49609869899095,
              12.695107864908898
            ],
            [
              148.95985252985082,
              12.733392561100413
            ]
          ]
        ]
      },
      "id": "f229c029-0c13-4e54-8935-3459164142fa"
    },
    {
      "type": "Feature",
      "properties": {
        "id": "64560f9d-60ad-4cbe-b9c0-9e318d4b8d80",
        "name": "sketch270-2"
      },
      "geometry": {
        "type": "Polygon",
        "coordinates": [
          [
            [
              152.8415093223295,
              9.820277505351712
            ],
            [
              152.8659806090572,
              9.729534903223575
            ],
            [
              153.17624712993043,
              9.644351927172035
            ],
            [
              153.12579190950322,
              9.629375406627348
            ],
            [
              152.84000592077712,
              9.54750123173127
            ],
            [
              152.77764924769454,
              9.371939274347719
            ],
            [
              152.79797901136433,
              9.642934846307783
            ],
            [
              152.35760237054075,
              9.525600788831934
            ],
            [
              152.5226012264522,
              9.82835821750372
            ],
            [
              152.73803255696106,
              9.849753418030218
            ],
            [
              152.8415093223295,
              9.820277505351712
            ]
          ]
        ]
      },
      "id": "64560f9d-60ad-4cbe-b9c0-9e318d4b8d80"
    },
    {
      "type": "Feature",
      "properties": {
        "id": "1edfca78-fbb6-497b-82a4-cfe338a4214d",
        "name": "sketch270-3"
      },
      "geometry": {
        "type": "Polygon",
        "coordinates": [
          [
            [
              148.279271276656,
              8.782276552242429
            ],
            [
              148.32589438759408,
              8.774835761961553
            ],
            [
              148.37978150082714,
              8.799362666547252
            ],
            [
              148.33545543248866,
              8.620911913795679
            ],
            [
              148.11077920873075,
              8.423957479738421
            ],
            [
              147.91295018158922,
              8.369391252687755
            ],
            [
              147.72953489698068,
              8.47284170608846
            ],
            [
              147.9689093747497,
              8.543067752274185
            ],
            [
              148.0154872050461,
              8.54463111762551
            ],
            [
              147.8581554682335,
              8.916540209069359
            ],
            [
              148.279271276656,
              8.782276552242429
            ]
          ]
        ]
      },
      "id": "1edfca78-fbb6-497b-82a4-cfe338a4214d"
    },
    {
      "type": "Feature",
      "properties": {
        "id": "8d34c2cc-cfb8-48ff-bbc6-0705ac8541dd",
        "name": "sketch270-4"
      },
      "geometry": {
        "type": "Polygon",
        "coordinates": [
          [
            [
              144.52982578234455,
              9.449596211781419
            ],
            [
              144.6593235248028,
              9.450661891774152
            ],
            [
              144.6178775767716,
              9.389358760771092
            ],
            [
              144.4906581707046,
              9.280498838862195
            ],
            [
              144.50052675949166,
              9.25526730819236
            ],
            [
              144.46780462323602,
              9.143197217760626
            ],
            [
              144.44770140627924,
              9.26035271675288
            ],
            [
              144.32701650492658,
              9.321422792012969
            ],
            [
              144.11054942693875,
              9.424799617784823
            ],
            [
              144.4362756375458,
              9.376625515629941
            ],
            [
              144.52982578234455,
              9.449596211781419
            ]
          ]
        ]
      },
      "id": "8d34c2cc-cfb8-48ff-bbc6-0705ac8541dd"
    },
    {
      "type": "Feature",
      "properties": {
        "id": "3feeb2c6-3703-4d0f-b42e-88fd89ca8b39",
        "name": "sketch270-5"
      },
      "geometry": {
        "type": "Polygon",
        "coordinates": [
          [
            [
              155.89427592373892,
              0.716724473635157
            ],
            [
              155.70316649949362,
              0.35578401798010795
            ],
            [
              155.94068059698438,
              0.29928673625069735
            ],
            [
              155.89967465069338,
              0.13705573214054845
            ],
            [
              155.64533461072767,
              0.28267815378592254
            ],
            [
              155.38026561441393,
              -0.04406683063297795
            ],
            [
              155.6342404691893,
              0.29193991246544415
            ],
            [
              155.26100610183693,
              0.5988276197491627
            ],
            [
              155.60932907897882,
              0.31696021318341994
            ],
            [
              155.57095222884607,
              0.6736012343268246
            ],
            [
              155.89427592373892,
              0.716724473635157
            ]
          ]
        ]
      },
      "id": "3feeb2c6-3703-4d0f-b42e-88fd89ca8b39"
    },
    {
      "type": "Feature",
      "properties": {
        "id": "935ecbd9-f63e-490c-987d-ba62b5660d5f",
        "name": "sketch270-6"
      },
      "geometry": {
        "type": "Polygon",
        "coordinates": [
          [
            [
              148.69654071632024,
              13.487504596354865
            ],
            [
              148.73564479093872,
              13.499525512176278
            ],
            [
              149.0111199597188,
              13.510303569033596
            ],
            [
              148.99239840070388,
              13.408674117930062
            ],
            [
              148.80760484208918,
              13.245046201259541
            ],
            [
              148.6747030653345,
              13.32588132447965
            ],
            [
              148.2908496579036,
              13.175778336891835
            ],
            [
              148.5508867040214,
              13.46069531263647
            ],
            [
              148.62281632118746,
              13.561280414642285
            ],
            [
              148.60703228254576,
              13.71639787790808
            ],
            [
              148.69654071632024,
              13.487504596354865
            ]
          ]
        ]
      },
      "id": "935ecbd9-f63e-490c-987d-ba62b5660d5f"
    },
    {
      "type": "Feature",
      "properties": {
        "id": "27015128-5292-4faf-b8a9-db187f0b0510",
        "name": "sketch270-7"
      },
      "geometry": {
        "type": "Polygon",
        "coordinates": [
          [
            [
              152.21457159037945,
              11.65620328315539
            ],
            [
              152.4844048279427,
              11.552543084161373
            ],
            [
              152.1478872089624,
              11.454266042685601
            ],
            [
              152.09911842830314,
              11.293731950413111
            ],
            [
              152.02500472488884,
              11.348474399451707
            ],
            [
              151.91679773197797,
              11.42228328727034
            ],
            [
              151.98569470944219,
              11.525655250287366
            ],
            [
              151.70920811219023,
              11.644327888851082
            ],
            [
              151.71366533714686,
              11.776603005495316
            ],
            [
              151.85654541578626,
              11.900293816291518
            ],
            [
              152.21457159037945,
              11.65620328315539
            ]
          ]
        ]
      },
      "id": "27015128-5292-4faf-b8a9-db187f0b0510"
    },
    {
      "type": "Feature",
      "properties": {
        "id": "49752064-4efd-495e-9fa0-954d0f05cdce",
        "name": "sketch270-8"
      },
      "geometry": {
        "type": "Polygon",
        "coordinates": [
          [
            [
              140.49995307370756,
              10.548997024992568
            ],
            [
              140.61298902610926,
              10.15944268692994
            ],
            [
              140.72587581043183,
              9.977328508334004
            ],
            [
              140.8735643565659,
              9.799751270297607
            ],
            [
              140.65663927433093,
              9.808827514195645
            ],
            [
              140.67323286179877,
              9.63191400043004
            ],
            [
              140.43796619676482,
              10.009886682529489
            ],
            [
              140.29307203771543,
              9.9946002729408
            ],
            [
              140.28962630735808,
              10.182122737146615
            ],
            [
              140.3169396461052,
              10.160880256334998
            ],
            [
              140.49995307370756,
              10.548997024992568
            ]
          ]
        ]
      },
      "id": "49752064-4efd-495e-9fa0-954d0f05cdce"
    },
    {
      "type": "Feature",
      "properties": {
        "id": "5f29ba9b-95bf-4220-ae5d-5ff30bc6d2e3",
        "name": "sketch270-9"
      },
      "geometry": {
        "type": "Polygon",
        "coordinates": [
          [
            [
              157.20032006846532,
              3.422317150802855
            ],
            [
              157.07439527002012,
              3.096161154350983
            ],
            [
              157.40772214864856,
              3.278795280603516
            ],
            [
              157.2109550629003,
              3.163254922765754
            ],
            [
              157.12591729090337,
              3.0667499203403827
            ],
            [
              157.05636833529354,
              3.0801382269769904
            ],
            [
              157.0091918063034,
              2.9857278689394446
            ],
            [
              157.014374003733,
              3.075647752205873
            ],
            [
              156.64026669336417,
              3.3399732209665984
            ],
            [
              157.0466739614866,
              3.211570099966414
            ],
            [
              157.20032006846532,
              3.422317150802855
            ]
          ]
        ]
      },
      "id": "5f29ba9b-95bf-4220-ae5d-5ff30bc6d2e3"
    }
  ],
  "bbox": [
    140.28962630735808,
    -0.04406683063297795,
    157.40772214864856,
    13.71639787790808
  ]
}
