{
  "type": "FeatureCollection",
  "features": [
    {
      "type": "Feature",
      "properties": {
        "id": "556b18c5-de00-43ca-a026-5f44f6fb92ca",
        "name": "sketch50-0"
      },
      "geometry": {
        "type": "Polygon",
        "coordinates": [
          [
            [
              160.0669936809384,
              8.396492853214719
            ],
            [
              160.45912231798042,
              8.34030305985392
            ],
            [
              160.32477912487872,
              8.258689404954726
            ],
            [
              160.27181672192455,
              8.050064038983953
            ],
            [
              160.18668897472355,
              7.842122278332265
            ],
            [
              160.01811579740752,
              8.102012868734054
            ],
            [
              159.69530024946445,
              7.928331693903232
            ],
            [
              159.5821749879974,
              7.988452500467254
            ],
            [
              159.96739917233376,
              8.150441534222548
            ],
            [
              159.95312047450187,
              8.510037717140234
            ],
            [
              160.0669936809384,
              8.396492853214719
            ]
          ]
        ]
      },
      "id": "556b18c5-de00-43ca-a026-5f44f6fb92ca"
    },
    {
      "type": "Feature",
      "properties": {
        "id": "bcf22e5e-0fc5-4f35-8b28-e782ee339dc3",
        "name": "sketch50-1"
      },
      "geometry": {
        "type": "Polygon",
        "coordinates": [
          [
            [
              151.89554802946208,
              9.067439454949488
            ],
            [
              152.22693218697046,
              9.201568315203515
            ],
            [
              152.0328051982426,
              9.028142472878564
            ],
            [
              152.0450007673302,
              8.897314990929187
            ],
            [
              151.90385590515504,
              8.58206416307755
            ],
            [
              151.68413373064226,
              8.626099825792648
            ],
            [
              151.77542230878962,
              8.940626099430519
            ],
            [
              151.39152796323876,
              8.828148661783775
            ],
            [
              151.46463052673806,
              8.940204372365669
            ],
            [
              151.57697429360633,
              9.25178869631889
            ],
            [
              151.89554802946208,
              9.067439454949488
            ]
          ]
        ]
      },
      "id": "bcf22e5e-0fc5-4f35-8b28-e782ee339dc3"
    },
    {
      "type": "Feature",
      "properties": {
        "id": "91922532-712a-4cd5-8879-c23fa08853fd",
        "name": "sketch50-2"
      },
      "geometry": {
        "type": "Polygon",
        "coordinates": [
          [
            [
              137.7224838341822,
              6.339289497491149
            ],
            [
              137.75755374728632,
              6.335538289852443
            ],
            [
              137.82178854660032,
              6.236553794023168
            ],
            [
              138.0048149572868,
              5.842057808083754
            ],
            [
              137.79211050462987,
              5.83365274222583
            ],
            [
              137.4287316885669,
              6.01039576825889
            ],
            [
              137.54249767985098,
              6.258049198069341
            ],
            [
              137.47299801704838,
              6.339269971403313
            ],
            [
              137.53940574297204,
              6.317399035540735
            ],
            [
              137.62357152376626,
              6.63558518393104
            ],
            [
              137.7224838341822,
              6.339289497491149
            ]
          ]
        ]
      },
      "id": "91922532-712a-4cd5-8879-c23fa08853fd"
    },
    {
      "type": "Feature",
      "properties": {
        "id": "a4eb2408-4167-4ffe-b793-82e9b5df47e2",
        "name": "sketch50-3"
      },
      "geometry": {
        "type": "Polygon",
        "coordinates": [
          [
            [
              139.95288811684182,
              8.068245244487152
            ],
            [
              140.0591993635092,
              7.7705243526084615
            ],
            [
              140.1368180063927,
              7.739909170620916
            ],
            [
              140.1893148727521,
              7.586063413404308
            ],
            [
              140.04116564371475,
              7.473175981127986
            ],
            [
              139.9626446159448,
              7.342414443792622
            ],
            [
              139.80846565418562,
              7.601449553254794
            ],
            [
              139.6009545866338,
              7.4050653547332335
            ],
            [
              139.62375768552442,
              7.667938068085616
            ],
            [
              139.55157043642188,
              7.693913046584378
            ],
            [
              139.95288811684182,
              8.068245244487152
            ]
          ]
        ]
      },
      "id": "a4eb2408-4167-4ffe-b793-82e9b5df47e2"
    },
    {
      "type": "Feature",
      "properties": {
        "id": "61a6782f-6c8f-4dcb-8b9e-76d09f370cfe",
        "name": "sketch50-4"
      },
      "geometry": {
        "type": "Polygon",
        "coordinates": [
          [
            [
              153.56939996347228,
              4.733026429491212
            ],
            [
              153.66772834891836,
              4.629745317282757
            ],
            [
              153.679038091395,
              4.502747154463931
            ],
            [
              153.58915135667132,
              4.430370968219154
            ],
            [
              153.60898428312814,
              4.227395996797045
            ],
            [
              153.55051921528698,
              4.3828663672395045
            ],
            [
              153.24966561869513,
              4.101011509353477
            ],
            [
              153.12791348000357,
              4.404552038698181
            ],
            [
              153.38408422384208,
              4.718666150721173
            ],
            [
              153.54138570197685,
              4.505887746434034
            ],
            [
              153.56939996347228,
              4.733026429491212
            ]
          ]
        ]
      },
      "id": "61a6782f-6c8f-4dcb-8b9e-76d09f370cfe"
    },
    {
      "type": "Feature",
      "properties": {
        "id": "0b899853-eedd-409f-8851-1a858ca0b1b5",
        "name": "sketch50-5"
      },
      "geometry": {
        "type": "Polygon",
        "coordinates": [
          [
            [
              141.38209377444767,
              10.186127298162752
            ],
            [
              141.4588010100554,
              9.941348882607189
            ],
            [
              141.62103141703489,
              9.619092812601586
            ],
            [
              141.57323392587162,
              9.593391775935196
            ],
            [
              141.52796388819516,
              9.493477210400057
            ],
            [
              141.19423497791834,
              9.562428882921873
            ],
            [
              141.1690823477956,
              9.705960047198717
            ],
            [
              140.9338470695798,
              9.543107410405298
            ],
            [
              140.72232512638917,
              9.753408781569359
            ],
            [
              140.84293797674633,
              10.119090681358976
            ],
            [
              141.38209377444767,
              10.186127298162752
            ]
          ]
        ]
      },
      "id": "0b899853-eedd-409f-8851-1a858ca0b1b5"
    },
    {
      "type": "Feature",
      "properties": {
        "id": "7f2b6181-4ef8-42e6-9866-ad23d4845837",
        "name": "sketch50-6"
      },
      "geometry": {
        "type": "Polygon",
        "coordinates": [
          [
            [
              164.7718178672195,
              4.785668123099295
            ],
            [
              164.7509262803121,
              4.448312262197121
            ],
            [
              164.46020884571243,
              4.459142023223643
            ],
            [
              164.41052224047013,
              4.44702758040344
            ],
            [
              164.36941551533212,
              4.349532591596785
            ],
            [
              164.29024337417886,
              3.990855564156723
            ],
            [
              164.37658996952783,
              4.4500025794429785
            ],
            [
              164.07238402287763,
              4.144043072676449
            ],
            [
              164.1157149152034,
              4.291456480723817
            ],
            [
              164.0321629930483,
              4.803074356575542
            ],
            [
              164.7718178672195,
              4.785668123099295
            ]
          ]
        ]
      },
      "id": "7f2b6181-4ef8-42e6-9866-ad23d4845837"
    },
    {
      "type": "Feature",
      "properties": {
        "id": "f770e56b-3610-4217-aebd-131e9416aff7",
        "name": "sketch50-7"
      },
      "geometry": {
        "type": "Polygon",
        "coordinates": [
          [
            [
              143.630471038819,
              4.226495524488101
            ],
            [
              143.74169083740682,
              4.149420463523285
            ],
            [
              143.6316079096309,
              3.966281397645863
            ],
            [
              143.50315555563986,
              3.581501205245349
            ],
            [
              143.43760714263112,
              3.686836203926902
            ],
            [
              143.34806780300798,
              3.922431486459147
            ],
            [
              143.16036080131204,
              3.817221784530606
            ],
            [
              143.1163174638989,
              4.072148376342866
            ],
            [
              143.18419445516912,
              4.061370404563012
            ],
            [
              143.0356938070457,
              4.157534566299903
            ],
            [
              143.630471038819,
              4.226495524488101
            ]
          ]
        ]
      },
      "id": "f770e56b-3610-4217-aebd-131e9416aff7"
    },
    {
      "type": "Feature",
      "properties": {
        "id": "f51690c6-f725-46b7-903d-e3474c050c13",
        "name": "sketch50-8"
      },
      "geometry": {
        "type": "Polygon",
        "coordinates": [
          [
            [
              144.19226347945227,
              9.19280150553547
            ],
            [
              144.32496682204064,
              8.899803308284227
            ],
            [
              144.10398558329817,
              8.787142233788844
            ],
            [
              144.23065675438633,
              8.39834984592577
            ],
            [
              143.99232775047656,
              8.347405712722034
            ],
            [
              143.91145791165386,
              8.687512339520083
            ],
            [
              143.71165177970246,
              8.760400714047927
            ],
            [
              143.8678015900913,
              8.889704087073419
            ],
            [
              143.79766214733098,
              9.039044303060663
            ],
            [
              143.8887391796665,
              9.104145319838427
            ],
            [
              144.19226347945227,
              9.19280150553547
            ]
          ]
        ]
      },
      "id": "f51690c6-f725-46b7-903d-e3474c050c13"
    },
    {
      "type": "Feature",
      "properties": {
        "id": "0c371482-e9c0-409e-80ae-f8de736428c0",
        "name": "sketch50-9"
      },
      "geometry": {
        "type": "Polygon",
        "coordinates": [
          [
            [
              158.61066715062847,
              9.5420597793646
            ],
            [
              158.64398521771253,
              9.281176347737546
            ],
            [
              158.53092740362342,
              9.214708354850762
            ],
            [
              158.70853856105575,
              8.946609928076192
            ],
            [
              158.54650648679907,
              8.974228731996586
            ],
            [
              158.4076629435562,
              9.043336204912531
            ],
            [
              158.3377879497659,
              9.178066097100173
            ],
            [
              158.2231336589242,
              9.113916158962457
            ],
            [
              158.0645404507754,
              9.233600848453152
            ],
            [
              158.1068143284346,
              9.481044159198944
            ],
            [
              158.61066715062847,
              9.5420597793646
            ]
          ]
        ]
      },
      "id": "0c371482-e9c0-409e-80ae-f8de736428c0"
    }
  ],
  "bbox": [
    137.4287316885669,
    3.581501205245349,
    164.7718178672195,
    10.186127298162752
  ]
}
