{
  "type": "FeatureCollection",
  "features": [
    {
      "type": "Feature",
      "properties": {
        "id": "36d6d74b-86a0-4770-a554-63b3fc2f7c89",
        "name": "sketch4-0"
      },
      "geometry": {
        "type": "Polygon",
        "coordinates": [
          [
            [
              165.0746807205601,
              12.48975925826025
            ],
            [
              165.17668659721048,
              12.669650768509642
            ],
            [
              165.39943187806227,
              12.58453592621815
            ],
            [
              165.48766416386778,
              12.589509297134972
            ],
            [
              165.31925528706597,
              12.088783266283016
            ],
            [
              165.23012407750127,
              12.13995939711806
            ],
            [
              165.25863344283488,
              12.049184453170879
            ],
            [
              164.91662011090943,
              12.314508348586196
            ],
            [
              164.6914016301715,
              12.202956681971985
            ],
            [
              164.75420244742793,
              12.751865208364825
            ],
            [
              165.0746807205601,
              12.48975925826025
            ]
          ]
        ]
      },
      "id": "36d6d74b-86a0-4770-a554-63b3fc2f7c89"
    },
    {
      "type": "Feature",
      "properties": {
        "id": "e18197cc-8fec-4b7b-844b-8c398552c4c4",
        "name": "sketch4-1"
      },
      "geometry": {
        "type": "Polygon",
        "coordinates": [
          [
            [
              141.58131364176722,
              11.427029437365931
            ],
            [
              141.5488515495676,
              11.221444030960676
            ],
            [
              141.61360323357619,
              11.271690755241185
            ],
            [
              141.8680302601391,
              11.132258857840485
            ],
            [
              141.56370701714337,
              10.810107659085476
            ],
            [
              141.18207563709944,
              10.867397416785119
            ],
            [
              141.31325857779717,
              11.109722609354508
            ],
            [
              141.1598405902874,
              11.111684503501458
            ],
            [
              141.3913609417711,
              11.269658400622252
            ],
            [
              141.32684199270108,
              11.346686574294788
            ],
            [
              141.58131364176722,
              11.427029437365931
            ]
          ]
        ]
      },
      "id": "e18197cc-8fec-4b7b-844b-8c398552c4c4"
    },
    {
      "type": "Feature",
      "properties": {
        "id": "1687fcb1-768e-4c25-82dc-93ba0df4e104",
        "name": "sketch4-2"
      },
      "geometry": {
        "type": "Polygon",
        "coordinates": [
          [
            [
              160.1508682488078,
              2.430149913798115
            ],
            [
              160.33526144752727,
              2.404505592131753
            ],
            [
              160.11995125846408,
              2.3880251708388456
            ],
            [
              160.19957355221086,
              2.20942166236539
            ],
            [
              159.90213492175516,
              1.9992009449289876
            ],
            [
              160.02086605558378,
              2.384302175888142
            ],
            [
              160.0393945945848,
              2.421137784759166
            ],
            [
              159.92153098625707,
              2.5742625069192386
            ],
            [
              160.00813237233817,
              2.6672682068013978
            ],
            [
              160.04960708400907,
              2.7651988217332883
            ],
            [
              160.1508682488078,
              2.430149913798115
            ]
          ]
        ]
      },
      "id": "1687fcb1-768e-4c25-82dc-93ba0df4e104"
    },
    {
      "type": "Feature",
      "properties": {
        "id": "88d532aa-bbd3-48f1-b306-5120fd3f52d1",
        "name": "sketch4-3"
      },
      "geometry": {
        "type": "Polygon",
        "coordinates": [
          [
            [
              161.7553118311734,
              12.434729839589856
            ],
            [
              161.84179348133023,
              12.219502757059255
            ],
            [
              161.76395120797702,
              12.108796418459427
            ],
            [
              161.6886034028268,
              12.091683858265244
            ],
            [
              161.72382318338862,
              11.989360964603373
            ],
            [
              161.6532523504864,
              12.099613334435627
            ],
            [
              161.58853961119473,
              11.858248920559566
            ],
            [
              161.51955291285643,
              12.028736011669857
            ],
            [
              161.60356884056907,
              12.116691879059323
            ],
            [
              161.53766577339906,
              12.210191171492301
            ],
            [
              161.7553118311734,
              12.434729839589856
            ]
          ]
        ]
      },
      "id": "88d532aa-bbd3-48f1-b306-5120fd3f52d1"
    }
  ],
  "bbox": [
    141.1598405902874,
    1.9992009449289876,
    165.48766416386778,
    12.751865208364825
  ]
}
