{
  "type": "FeatureCollection",
  "features": [
    {
      "type": "Feature",
      "properties": {
        "id": "df4fe82e-f315-4415-b11b-f524ba7c465d",
        "name": "sketch26-0"
      },
      "geometry": {
        "type": "Polygon",
        "coordinates": [
          [
            [
              149.9896844750985,
              12.573325303623639
            ],
            [
              150.14061907247412,
              12.574539898874002
            ],
            [
              150.16703349607795,
              12.3809472161119
            ],
            [
              150.13578393683167,
              12.087665756519735
            ],
            [
              149.7257222729626,
              12.040845586620454
            ],
            [
              149.34847800934955,
              12.12726812768426
            ],
            [
              149.33560324609837,
              12.453819024219584
            ],
            [
              149.4286535261272,
              12.482638931830653
            ],
            [
              149.64859852818455,
              12.42302069116712
            ],
            [
              149.62843630223045,
              12.840000175562713
            ],
            [
              149.9896844750985,
              12.573325303623639
            ]
          ]
        ]
      },
      "id": "df4fe82e-f315-4415-b11b-f524ba7c465d"
    },
    {
      "type": "Feature",
      "properties": {
        "id": "c3f5f4f2-9b32-4ab1-9757-8d7192d4c60c",
        "name": "sketch26-1"
      },
      "geometry": {
        "type": "Polygon",
        "coordinates": [
          [
            [
              162.6172727358944,
              13.314867098379795
            ],
            [
              162.32896540262763,
              13.12427350490403
            ],
            [
              162.7052652467055,
              12.999726198218434
            ],
            [
              162.48768921358197,
              12.893874783630665
            ],
            [
              162.3142995295586,
              12.849588308365558
            ],
            [
              162.2630631358796,
              12.75610074736027
            ],
            [
              161.99567777078673,
              12.699833556707778
            ],
            [
              161.7803589536721,
              12.978892293332772
            ],
            [
              161.97518060827272,
              13.186503308184262
            ],
            [
              162.12977589277648,
              13.553395786732333
            ],
            [
              162.6172727358944,
              13.314867098379795
            ]
          ]
        ]
      },
      "id": "c3f5f4f2-9b32-4ab1-9757-8d7192d4c60c"
    },
    {
      "type": "Feature",
      "properties": {
        "id": "96b2d33e-7209-4d66-a347-5618a4e0729b",
        "name": "sketch26-2"
      },
      "geometry": {
        "type": "Polygon",
        "coordinates": [
          [
            [
              151.13796309444723,
              6.706013516313398
            ],
            [
              151.34185896403483,
              6.917533847980407
            ],
            [
              151.3140715638441,
              6.732316660759898
            ],
            [
              151.40305327212184,
              6.638942356897194
            ],
            [
              151.2925629559586,
              6.507324077238183
            ],
            [
              151.1215669322409,
              6.6010985556546
            ],
            [
              150.9833890159111,
              6.338356079648207
            ],
            [
              150.78240216550194,
              6.469275706283689
            ],
            [
              150.83894677789115,
              6.753285694852205
            ],
            [
              150.92686579246663,
              6.852642695996575
            ],
            [
              151.13796309444723,
              6.706013516313398
            ]
          ]
        ]
      },
      "id": "96b2d33e-7209-4d66-a347-5618a4e0729b"
    },
    {
      "type": "Feature",
      "properties": {
        "id": "4dda1043-91c3-4b15-9457-1d87a6ab284e",
        "name": "sketch26-3"
      },
      "geometry": {
        "type": "Polygon",
        "coordinates": [
          [
            [
              162.2196445895298,
              4.596685770404455
            ],
            [
              162.60148704071577,
              4.5925373231171225
            ],
            [
              162.30941295070693,
              4.42431805378672
            ],
            [
              162.23307865910272,
              4.294504891548758
            ],
            [
              162.13896212920574,
              4.407125387168182
            ],
            [
              162.10862567420594,
              4.391948256235863
            ],
            [
              162.04559093351224,
              4.38878047814694
            ],
            [
              161.88746361247001,
              4.6852888082411805
            ],
            [
              162.16620745600193,
              4.564505933658996
            ],
            [
              162.07944540677087,
              4.871582388897312
            ],
            [
              162.2196445895298,
              4.596685770404455
            ]
          ]
        ]
      },
      "id": "4dda1043-91c3-4b15-9457-1d87a6ab284e"
    },
    {
      "type": "Feature",
      "properties": {
        "id": "9882a3cb-4b6c-4475-905d-b08ace3d9d34",
        "name": "sketch26-4"
      },
      "geometry": {
        "type": "Polygon",
        "coordinates": [
          [
            [
              142.51042480357685,
              4.619955563454634
            ],
            [
              142.6183857705083,
              4.291515674346981
            ],
            [
              142.36643284502998,
              4.20473881588165
            ],
            [
              142.2649167262387,
              4.447129390640297
            ],
            [
              142.24517492471554,
              4.374002167734947
            ],
            [
              142.26390139639304,
              4.472134141942373
            ],
            [
              142.08289585420644,
              4.519881745411167
            ],
            [
              141.85695905920826,
              4.560875234940281
            ],
            [
              142.1174623864687,
              4.6063845501434555
            ],
            [
              142.08990692494424,
              4.81991714885546
            ],
            [
              142.51042480357685,
              4.619955563454634
            ]
          ]
        ]
      },
      "id": "9882a3cb-4b6c-4475-905d-b08ace3d9d34"
    },
    {
      "type": "Feature",
      "properties": {
        "id": "c0e5803b-f8c1-4629-b8ce-99504c6069e4",
        "name": "sketch26-5"
      },
      "geometry": {
        "type": "Polygon",
        "coordinates": [
          [
            [
              146.36225552513284,
              10.947119187752559
            ],
            [
              146.4951332265132,
              10.808617397636876
            ],
            [
              146.33478474598238,
              10.436871404873054
            ],
            [
              145.94450155608433,
              10.582074349268597
            ],
            [
              145.95444146527169,
              10.759115890021318
            ],
            [
              145.73036296513513,
              10.638975309241346
            ],
            [
              145.86325271399105,
              10.922877004649592
            ],
            [
              146.01232167497153,
              11.08620813464765
            ],
            [
              146.05040555802054,
              11.098490858892673
            ],
            [
              146.0860282298565,
              11.27424866642237
            ],
            [
              146.36225552513284,
              10.947119187752559
            ]
          ]
        ]
      },
      "id": "c0e5803b-f8c1-4629-b8ce-99504c6069e4"
    }
  ],
  "bbox": [
    141.85695905920826,
    4.20473881588165,
    162.7052652467055,
    13.553395786732333
  ]
}
