{
  "type": "FeatureCollection",
  "features": [
    {
      "type": "Feature",
      "properties": {
        "id": "2b9c1128-c38b-4364-b388-11831f9558ab",
        "name": "sketch47-0"
      },
      "geometry": {
        "type": "Polygon",
        "coordinates": [
          [
            [
              136.25122262689348,
              10.78453163231677
            ],
            [
              136.46761392458848,
              10.814687961273203
            ],
            [
              136.0265343011621,
              10.65589588520093
            ],
            [
              136.1101821654656,
              10.568624737635488
            ],
            [
              136.09924685168994,
              10.55346069365505
            ],
            [
              135.96890993977087,
              10.285186091898176
            ],
            [
              135.94474637868348,
              10.64365989926984
            ],
            [
              135.78607045546653,
              10.630060389083733
            ],
            [
              135.8625426364286,
              10.790808670665635
            ],
            [
              136.01470423122595,
              10.670111210768944
            ],
            [
              136.25122262689348,
              10.78453163231677
            ]
          ]
        ]
      },
      "id": "2b9c1128-c38b-4364-b388-11831f9558ab"
    },
    {
      "type": "Feature",
      "properties": {
        "id": "0c31c6ac-313c-4966-b1e9-f5c22a61cb97",
        "name": "sketch47-1"
      },
      "geometry": {
        "type": "Polygon",
        "coordinates": [
          [
            [
              160.48419538708987,
              1.5527196208996632
            ],
            [
              160.67028031370998,
              1.4070168134242043
            ],
            [
              160.63986619553302,
              1.176083184515075
            ],
            [
              160.36405388283453,
              1.3468908090866116
            ],
            [
              160.35562022972272,
              1.0354712500788121
            ],
            [
              160.30659094519913,
              1.202956290804131
            ],
            [
              160.1498161461581,
              1.2506870929354228
            ],
            [
              160.23867986687523,
              1.385697080002391
            ],
            [
              160.05802201665398,
              1.4677390416738527
            ],
            [
              160.19027598620414,
              1.6842238638429161
            ],
            [
              160.48419538708987,
              1.5527196208996632
            ]
          ]
        ]
      },
      "id": "0c31c6ac-313c-4966-b1e9-f5c22a61cb97"
    },
    {
      "type": "Feature",
      "properties": {
        "id": "9879d3d6-737f-44df-ad5c-f548b6de26c8",
        "name": "sketch47-2"
      },
      "geometry": {
        "type": "Polygon",
        "coordinates": [
          [
            [
              150.39587726192275,
              3.296100285509459
            ],
            [
              150.47479976902403,
              3.1819444139001796
            ],
            [
              150.57531202798705,
              3.0655398577211197
            ],
            [
              150.7707707817891,
              2.830083696138419
            ],
            [
              150.37483440680185,
              2.7755389895074085
            ],
            [
              150.14476802443377,
              2.71631079349673
            ],
            [
              150.27720956592185,
              3.037502614231975
            ],
            [
              149.86374521275528,
              3.036457853676718
            ],
            [
              150.1951130059176,
              3.2357814602094126
            ],
            [
              150.14627990721306,
              3.37296460178593
            ],
            [
              150.39587726192275,
              3.296100285509459
            ]
          ]
        ]
      },
      "id": "9879d3d6-737f-44df-ad5c-f548b6de26c8"
    },
    {
      "type": "Feature",
      "properties": {
        "id": "750c282d-dc14-4468-a99f-f2b2e1d1b419",
        "name": "sketch47-3"
      },
      "geometry": {
        "type": "Polygon",
        "coordinates": [
          [
            [
              155.15121312900516,
              7.676959760802224
            ],
            [
              155.1288360736601,
              7.370094479827292
            ],
            [
              155.0262182591673,
              7.287519444734937
            ],
            [
              154.9938123842106,
              7.181443121802615
            ],
            [
              155.18009483104905,
              6.89769324707517
            ],
            [
              154.9041118462634,
              7.177787264198698
            ],
            [
              154.8806754600482,
              7.269052556777197
            ],
            [
              154.64855163312157,
              7.298911540774376
            ],
            [
              154.7074899865842,
              7.589957958724305
            ],
            [
              154.87719046040837,
              7.340467725932225
            ],
            [
              155.15121312900516,
              7.676959760802224
            ]
          ]
        ]
      },
      "id": "750c282d-dc14-4468-a99f-f2b2e1d1b419"
    },
    {
      "type": "Feature",
      "properties": {
        "id": "ffbbdd65-fac3-4a6e-819f-891312239b78",
        "name": "sketch47-4"
      },
      "geometry": {
        "type": "Polygon",
        "coordinates": [
          [
            [
              146.55425200061705,
              1.9526051250588732
            ],
            [
              146.60578656902166,
              1.8413093865300245
            ],
            [
              146.65175946728687,
              1.5252498548635598
            ],
            [
              146.5417324814563,
              1.4081225362064318
            ],
            [
              146.33518666290448,
              1.709596117114114
            ],
            [
              146.1731141705871,
              1.404676417861994
            ],
            [
              146.17299746904266,
              1.6697088516649614
            ],
            [
              145.9415060473093,
              1.8784771470704087
            ],
            [
              145.93636964088734,
              1.9150335467992468
            ],
            [
              146.15338071482336,
              1.867132082414384
            ],
            [
              146.55425200061705,
              1.9526051250588732
            ]
          ]
        ]
      },
      "id": "ffbbdd65-fac3-4a6e-819f-891312239b78"
    },
    {
      "type": "Feature",
      "properties": {
        "id": "93dd45af-e07d-4a8e-ae9d-3cd479e25083",
        "name": "sketch47-5"
      },
      "geometry": {
        "type": "Polygon",
        "coordinates": [
          [
            [
              163.13455933949592,
              6.366518368122702
            ],
            [
              163.43799807078278,
              6.48267994737464
            ],
            [
              163.13795360653654,
              6.2440845861300005
            ],
            [
              163.31372939050692,
              5.914729325336975
            ],
            [
              162.98979336296034,
              5.902490566915109
            ],
            [
              162.9272492820896,
              5.8531482911018164
            ],
            [
              162.88366924888055,
              6.035945613567146
            ],
            [
              162.98665337568164,
              6.156447686032368
            ],
            [
              162.68384289588369,
              6.342704582856316
            ],
            [
              163.0079414237901,
              6.340969467578207
            ],
            [
              163.13455933949592,
              6.366518368122702
            ]
          ]
        ]
      },
      "id": "93dd45af-e07d-4a8e-ae9d-3cd479e25083"
    },
    {
      "type": "Feature",
      "properties": {
        "id": "9d5cfbc8-0d27-4496-ae43-6b1f7e0b9889",
        "name": "sketch47-6"
      },
      "geometry": {
        "type": "Polygon",
        "coordinates": [
          [
            [
              140.4408119870963,
              9.68735993351695
            ],
            [
              140.5603821543289,
              9.253864071279217
            ],
            [
              140.38786238296242,
              9.22770702628266
            ],
            [
              140.45016840657962,
              9.033132693704037
            ],
            [
              140.32273254452545,
              8.988351182468893
            ],
            [
              140.14150359051743,
              9.250114630987236
            ],
            [
              140.15035287244746,
              9.285069772825539
            ],
            [
              140.08295792798359,
              9.298462352397626
            ],
            [
              140.02386418912104,
              9.422750163243
            ],
            [
              140.02309972042065,
              9.42797347386536
            ],
            [
              140.4408119870963,
              9.68735993351695
            ]
          ]
        ]
      },
      "id": "9d5cfbc8-0d27-4496-ae43-6b1f7e0b9889"
    }
  ],
  "bbox": [
    135.78607045546653,
    1.0354712500788121,
    163.43799807078278,
    10.814687961273203
  ]
}
