{
  "type": "FeatureCollection",
  "features": [
    {
      "type": "Feature",
      "properties": {
        "id": "5afcdb1c-6863-4448-b121-b2ba477d0aa0",
        "name": "sketch307-0"
      },
      "geometry": {
        "type": "Polygon",
        "coordinates": [
          [
            [
              140.5040676661877,
              1.1359613068995027
            ],
            [
              140.4557576170485,
              0.9967283706254637
            ],
            [
              140.31099208923683,
              0.9305648238748336
            ],
            [
              140.3786977548693,
              0.8977639727543686
            ],
            [
              140.24794031815273,
              0.9171295020010801
            ],
            [
              140.24531680885772,
              0.7481113504879301
            ],
            [
              140.21209930017434,
              0.8662402438119851
            ],
            [
              140.13644331946472,
              0.9172146837561215
            ],
            [
              139.85603811973812,
              1.190286007902309
            ],
            [
              140.20602243416494,
              0.9489399279144672
            ],
            [
              140.5040676661877,
              1.1359613068995027
            ]
          ]
        ]
      },
      "id": "5afcdb1c-6863-4448-b121-b2ba477d0aa0"
    },
    {
      "type": "Feature",
      "properties": {
        "id": "076ccc38-9f6f-4d91-949b-11153471ab8c",
        "name": "sketch307-1"
      },
      "geometry": {
        "type": "Polygon",
        "coordinates": [
          [
            [
              162.85757507705327,
              13.543934680689414
            ],
            [
              163.0155002133436,
              13.418697005458172
            ],
            [
              162.8165421396889,
              13.112685222954411
            ],
            [
              162.7071715262947,
              12.972727021641111
            ],
            [
              162.61413861962814,
              13.147807286756056
            ],
            [
              162.5426589403075,
              13.090269437490916
            ],
            [
              162.26405894359658,
              13.122924955063638
            ],
            [
              162.49666444480866,
              13.251508461456027
            ],
            [
              162.4726822148867,
              13.298882668827778
            ],
            [
              162.28151447716053,
              13.498162831945665
            ],
            [
              162.85757507705327,
              13.543934680689414
            ]
          ]
        ]
      },
      "id": "076ccc38-9f6f-4d91-949b-11153471ab8c"
    },
    {
      "type": "Feature",
      "properties": {
        "id": "f368d3a1-cbb0-4200-903a-7fa4d77aa1d5",
        "name": "sketch307-2"
      },
      "geometry": {
        "type": "Polygon",
        "coordinates": [
          [
            [
              157.66463005072876,
              6.001695319309997
            ],
            [
              157.49825697432112,
              5.787538610915297
            ],
            [
              157.46992448742725,
              5.600461363346652
            ],
            [
              157.51304456002813,
              5.365940922919466
            ],
            [
              157.3421726710226,
              5.339050037176145
            ],
            [
              157.23101193994526,
              5.459843930264757
            ],
            [
              157.04033781227614,
              5.479707753779306
            ],
            [
              157.18407363198827,
              5.71471487599868
            ],
            [
              156.89859201378303,
              5.855499791822822
            ],
            [
              156.8897389972243,
              5.975619985086796
            ],
            [
              157.66463005072876,
              6.001695319309997
            ]
          ]
        ]
      },
      "id": "f368d3a1-cbb0-4200-903a-7fa4d77aa1d5"
    },
    {
      "type": "Feature",
      "properties": {
        "id": "22a1d282-08c8-4526-a8cc-046887e2e675",
        "name": "sketch307-3"
      },
      "geometry": {
        "type": "Polygon",
        "coordinates": [
          [
            [
              163.91863281693327,
              11.335513564278166
            ],
            [
              163.93515890623792,
              11.148778319168207
            ],
            [
              164.12862486617271,
              11.183913013118913
            ],
            [
              164.33199656245338,
              11.143988720931606
            ],
            [
              163.99575868997547,
              11.011248656254821
            ],
            [
              163.90548490386956,
              10.973922277346256
            ],
            [
              163.80691465348718,
              10.958900019064991
            ],
            [
              163.82269324232834,
              11.069710844827053
            ],
            [
              163.58866453127695,
              11.069114425673165
            ],
            [
              163.8316857375355,
              11.153865075148781
            ],
            [
              163.91863281693327,
              11.335513564278166
            ]
          ]
        ]
      },
      "id": "22a1d282-08c8-4526-a8cc-046887e2e675"
    },
    {
      "type": "Feature",
      "properties": {
        "id": "acdb0619-a50c-4cbd-8904-306d7b284de2",
        "name": "sketch307-4"
      },
      "geometry": {
        "type": "Polygon",
        "coordinates": [
          [
            [
              143.98383260189507,
              2.887313164275233
            ],
            [
              144.1888285750604,
              2.8576846074630664
            ],
            [
              144.34676688925666,
              2.767125124571434
            ],
            [
              143.95783413830432,
              2.738286515854157
            ],
            [
              144.06251925682463,
              2.3188319383612637
            ],
            [
              143.78103493724663,
              2.3817633107728553
            ],
            [
              143.53205294210227,
              2.510901124094154
            ],
            [
              143.6871846550518,
              2.841132716286733
            ],
            [
              143.6246127502384,
              2.9473338219745053
            ],
            [
              143.85661107994468,
              2.9309148446976683
            ],
            [
              143.98383260189507,
              2.887313164275233
            ]
          ]
        ]
      },
      "id": "acdb0619-a50c-4cbd-8904-306d7b284de2"
    },
    {
      "type": "Feature",
      "properties": {
        "id": "178166d7-3a7b-477e-bb57-459720bbcd29",
        "name": "sketch307-5"
      },
      "geometry": {
        "type": "Polygon",
        "coordinates": [
          [
            [
              148.69272561247675,
              3.6435137961177384
            ],
            [
              148.81073331315483,
              3.2852437148940368
            ],
            [
              148.4642173828565,
              3.292543273182657
            ],
            [
              148.39212715865827,
              3.2840157336755147
            ],
            [
              148.50577343678526,
              3.077197739193642
            ],
            [
              148.58804131451933,
              2.893060617602468
            ],
            [
              148.2627201729221,
              3.12334259400493
            ],
            [
              148.0949704897382,
              3.063803052443809
            ],
            [
              147.97872328748133,
              3.41548225477585
            ],
            [
              148.2138975062793,
              3.3699328826140977
            ],
            [
              148.69272561247675,
              3.6435137961177384
            ]
          ]
        ]
      },
      "id": "178166d7-3a7b-477e-bb57-459720bbcd29"
    },
    {
      "type": "Feature",
      "properties": {
        "id": "3cb5500a-3d27-496b-8928-3a46e32c3545",
        "name": "sketch307-6"
      },
      "geometry": {
        "type": "Polygon",
        "coordinates": [
          [
            [
              165.37102264419906,
              9.051870878749106
            ],
            [
              165.34691895808012,
              8.834580525581625
            ],
            [
              165.4869931898191,
              8.831511022941097
            ],
            [
              165.68850452983474,
              8.605385965612838
            ],
            [
              165.27307310848306,
              8.743611115632444
            ],
            [
              165.23167315660277,
              8.739850030833585
            ],
            [
              165.06414308170264,
              8.71656241595837
            ],
            [
              165.2250961479029,
              8.78221157939987
            ],
            [
              165.10177007442346,
              8.850429982917362
            ],
            [
              165.17885121228113,
              9.114827096570899
            ],
            [
              165.37102264419906,
              9.051870878749106
            ]
          ]
        ]
      },
      "id": "3cb5500a-3d27-496b-8928-3a46e32c3545"
    }
  ],
  "bbox": [
    139.85603811973812,
    0.7481113504879301,
    165.68850452983474,
    13.543934680689414
  ]
}
