{
  "type": "FeatureCollection",
  "features": [
    {
      "type": "Feature",
      "properties": {
        "id": "8671b4d0-b0c1-4a7a-8822-986921187a73",
        "name": "sketch374-0"
      },
      "geometry": {
        "type": "Polygon",
        "coordinates": [
          [
            [
              138.22454825920505,
              9.251098232663066
            ],
            [
              138.29080504128405,
              9.10825313019806
            ],
            [
              138.39485556057912,
              8.939422251078511
            ],
            [
              138.29579855472804,
              8.844380516165703
            ],
            [
              138.27406776271312,
              8.68835373157961
            ],
            [
              138.01885638793576,
              8.587936227167342
            ],
            [
              137.95860616501128,
              8.69195814330302
            ],
            [
              137.99219875685614,
              8.846945482846213
            ],
            [
              138.09043595503516,
              8.946504869041002
            ],
            [
              138.127484451686,
              9.017573047595945
            ],
            [
              138.22454825920505,
              9.251098232663066
            ]
          ]
        ]
      },
      "id": "8671b4d0-b0c1-4a7a-8822-986921187a73"
    },
    {
      "type": "Feature",
      "properties": {
        "id": "8a3a442c-1a65-469d-ab60-ac5827d38077",
        "name": "sketch374-1"
      },
      "geometry": {
        "type": "Polygon",
        "coordinates": [
          [
            [
              153.86139179164184,
              1.632092858012755
            ],
            [
              154.0120190105111,
              1.3164515164306638
            ],
            [
              154.0161894143774,
              1.2485413759675406
            ],
            [
              153.67562240598633,
              1.3596060958530969
            ],
            [
              153.7747624334502,
              0.9725846283342799
            ],
            [
              153.55388788644757,
              1.2894462263519073
            ],
            [
              153.63007574098486,
              1.4305921896700802
            ],
            [
              153.42654449992676,
              1.4620373190099818
            ],
            [
              153.4686482417951,
              1.558618176996902
            ],
            [
              153.50125643180155,
              1.7408923593113654
            ],
            [
              153.86139179164184,
              1.632092858012755
            ]
          ]
        ]
      },
      "id": "8a3a442c-1a65-469d-ab60-ac5827d38077"
    },
    {
      "type": "Feature",
      "properties": {
        "id": "69ff10d5-95ea-4f35-87ae-094547cddd50",
        "name": "sketch374-2"
      },
      "geometry": {
        "type": "Polygon",
        "coordinates": [
          [
            [
              135.4554507968243,
              0.33772519939499307
            ],
            [
              135.4754972875664,
              0.3480352855153523
            ],
            [
              135.7245851489636,
              0.4774997575779215
            ],
            [
              135.85366736412084,
              0.35960146317183694
            ],
            [
              135.66999985888222,
              0.12838455774665913
            ],
            [
              135.42036528004311,
              0.1354888551006082
            ],
            [
              135.43185632249927,
              0.311334105005325
            ],
            [
              134.9708305689546,
              0.23542093441580678
            ],
            [
              135.3015671650197,
              0.41930322186754326
            ],
            [
              135.41340807754895,
              0.43351183175571273
            ],
            [
              135.4554507968243,
              0.33772519939499307
            ]
          ]
        ]
      },
      "id": "69ff10d5-95ea-4f35-87ae-094547cddd50"
    },
    {
      "type": "Feature",
      "properties": {
        "id": "4305842e-5e07-42ff-a3cb-07aae87289ae",
        "name": "sketch374-3"
      },
      "geometry": {
        "type": "Polygon",
        "coordinates": [
          [
            [
              158.5426167311755,
              5.970920529755268
            ],
            [
              158.8576791134124,
              6.240813287835495
            ],
            [
              158.9671796847275,
              6.132891631886
            ],
            [
              158.82603957158648,
              6.041932194990083
            ],
            [
              158.64615157309612,
              5.792307470792738
            ],
            [
              158.39583286902084,
              5.675109785758618
            ],
            [
              158.1555222840126,
              5.952408094181627
            ],
            [
              158.35032672329964,
              6.0735261528159565
            ],
            [
              158.44239409871656,
              6.182638817155469
            ],
            [
              158.45978799333562,
              6.180366670072198
            ],
            [
              158.5426167311755,
              5.970920529755268
            ]
          ]
        ]
      },
      "id": "4305842e-5e07-42ff-a3cb-07aae87289ae"
    }
  ],
  "bbox": [
    134.9708305689546,
    0.12838455774665913,
    158.9671796847275,
    9.251098232663066
  ]
}
