{
  "type": "FeatureCollection",
  "features": [
    {
      "type": "Feature",
      "properties": {
        "id": "185db5d2-cc18-4370-b272-a43d2ab66650",
        "name": "sketch360-0"
      },
      "geometry": {
        "type": "Polygon",
        "coordinates": [
          [
            [
              140.87140339107367,
              11.056713129192298
            ],
            [
              141.02239126682042,
              10.7891928717258
            ],
            [
              140.9626298688956,
              10.6328475743936
            ],
            [
              140.92379171456156,
              10.464463755976356
            ],
            [
              140.80115329496374,
              10.316761467317678
            ],
            [
              140.6202410711381,
              10.42100934088667
            ],
            [
              140.44982571254684,
              10.562791549305969
            ],
            [
              140.58719555476327,
              10.601678919485659
            ],
            [
              140.68628650824377,
              10.650517224139271
            ],
            [
              140.6495876959038,
              10.88327964375792
            ],
            [
              140.87140339107367,
              11.056713129192298
            ]
          ]
        ]
      },
      "id": "185db5d2-cc18-4370-b272-a43d2ab66650"
    },
    {
      "type": "Feature",
      "properties": {
        "id": "a358720d-335f-4518-b2c3-3da3ae25cec9",
        "name": "sketch360-1"
      },
      "geometry": {
        "type": "Polygon",
        "coordinates": [
          [
            [
              153.51275887343482,
              11.417040801563815
            ],
            [
              153.5790849019103,
              11.109666230699897
            ],
            [
              153.36368769212066,
              10.930451702719926
            ],
            [
              153.14896890039043,
              11.202426370999605
            ],
            [
              153.11945850153825,
              10.920868081505379
            ],
            [
              152.88949646078805,
              10.846898182131604
            ],
            [
              152.83974426145275,
              11.037961581346309
            ],
            [
              152.96346633924864,
              11.215472941766835
            ],
            [
              152.72601143395948,
              11.410582740184042
            ],
            [
              152.9497517037165,
              11.476309203168569
            ],
            [
              153.51275887343482,
              11.417040801563815
            ]
          ]
        ]
      },
      "id": "a358720d-335f-4518-b2c3-3da3ae25cec9"
    },
    {
      "type": "Feature",
      "properties": {
        "id": "401b0c28-4088-4ebf-8cb3-1341ad7fd084",
        "name": "sketch360-2"
      },
      "geometry": {
        "type": "Polygon",
        "coordinates": [
          [
            [
              136.5181179155916,
              11.821741683346513
            ],
            [
              136.676346796082,
              11.93460756040872
            ],
            [
              136.816190171771,
              11.516054982820691
            ],
            [
              136.82530291568997,
              11.343563922095539
            ],
            [
              136.51428301867466,
              11.333688950869117
            ],
            [
              136.4396684462858,
              11.076524100293767
            ],
            [
              136.3367058468889,
              11.468017260783848
            ],
            [
              136.11339916097174,
              11.454988197087582
            ],
            [
              136.0837304988756,
              11.480051152184688
            ],
            [
              136.29074420107864,
              11.617519393466376
            ],
            [
              136.5181179155916,
              11.821741683346513
            ]
          ]
        ]
      },
      "id": "401b0c28-4088-4ebf-8cb3-1341ad7fd084"
    },
    {
      "type": "Feature",
      "properties": {
        "id": "a69a42db-3c11-41a2-a581-5102c70b6190",
        "name": "sketch360-3"
      },
      "geometry": {
        "type": "Polygon",
        "coordinates": [
          [
            [
              160.87618394442802,
              9.824908497850352
            ],
            [
              161.08740421331126,
              9.685271583751867
            ],
            [
              160.730656713547,
              9.592739731323817
            ],
            [
              160.88149864112984,
              9.33246183815322
            ],
            [
              160.68209701217697,
              9.26268728105816
            ],
            [
              160.69580278508133,
              9.573877240291514
            ],
            [
              160.5234504543582,
              9.464525238669676
            ],
            [
              160.65988931718545,
              9.606666810865246
            ],
            [
              160.504027150783,
              9.686840567557804
            ],
            [
              160.57871371681705,
              9.663453991834453
            ],
            [
              160.87618394442802,
              9.824908497850352
            ]
          ]
        ]
      },
      "id": "a69a42db-3c11-41a2-a581-5102c70b6190"
    },
    {
      "type": "Feature",
      "properties": {
        "id": "c6d990ce-6b31-4131-98cb-7e49a702f3fa",
        "name": "sketch360-4"
      },
      "geometry": {
        "type": "Polygon",
        "coordinates": [
          [
            [
              149.943180966547,
              9.047007569038911
            ],
            [
              150.16486071024121,
              9.03841726522947
            ],
            [
              149.83568014152803,
              8.875967119008251
            ],
            [
              150.07493763270733,
              8.528768099516704
            ],
            [
              149.75356787470326,
              8.408501729018537
            ],
            [
              149.76646581776174,
              8.609508636691574
            ],
            [
              149.61200217843827,
              8.52022131998806
            ],
            [
              149.69569677528756,
              8.852225684725862
            ],
            [
              149.79808679921103,
              8.887070982388918
            ],
            [
              149.67432795631154,
              9.163040644963223
            ],
            [
              149.943180966547,
              9.047007569038911
            ]
          ]
        ]
      },
      "id": "c6d990ce-6b31-4131-98cb-7e49a702f3fa"
    },
    {
      "type": "Feature",
      "properties": {
        "id": "3e81b8ca-b7a6-4b24-a599-813559053267",
        "name": "sketch360-5"
      },
      "geometry": {
        "type": "Polygon",
        "coordinates": [
          [
            [
              143.91480529145517,
              9.197776624802833
            ],
            [
              144.0785435782636,
              8.970898705614855
            ],
            [
              144.11642347393325,
              8.557543910764092
            ],
            [
              143.8878091011905,
              8.711441680969639
            ],
            [
              143.95156743723774,
              8.425446777864085
            ],
            [
              143.64584311134678,
              8.60462878285782
            ],
            [
              143.68580455200723,
              8.82318447876116
            ],
            [
              143.68025910172082,
              8.902208473097176
            ],
            [
              143.7373770006945,
              8.883146128497694
            ],
            [
              143.6500914210045,
              8.988205275521716
            ],
            [
              143.91480529145517,
              9.197776624802833
            ]
          ]
        ]
      },
      "id": "3e81b8ca-b7a6-4b24-a599-813559053267"
    },
    {
      "type": "Feature",
      "properties": {
        "id": "7876f1c4-343c-4434-89d3-979a099fd99c",
        "name": "sketch360-6"
      },
      "geometry": {
        "type": "Polygon",
        "coordinates": [
          [
            [
              160.07912956142957,
              12.922930710616876
            ],
            [
              160.11048940232953,
              12.886879906049465
            ],
            [
              160.04105952825992,
              12.800031599940613
            ],
            [
              160.22106590533335,
              12.453370929781254
            ],
            [
              159.99477322049265,
              12.576711466941482
            ],
            [
              159.93045027707586,
              12.761766949513605
            ],
            [
              159.7708999517709,
              12.83633795333823
            ],
            [
              159.8353579859284,
              13.021525909947849
            ],
            [
              159.95962738543636,
              12.93467299559531
            ],
            [
              159.9778487302109,
              12.855594421425936
            ],
            [
              160.07912956142957,
              12.922930710616876
            ]
          ]
        ]
      },
      "id": "7876f1c4-343c-4434-89d3-979a099fd99c"
    },
    {
      "type": "Feature",
      "properties": {
        "id": "170629ef-cee0-4beb-ba95-a4408bab12cb",
        "name": "sketch360-7"
      },
      "geometry": {
        "type": "Polygon",
        "coordinates": [
          [
            [
              147.32122166871497,
              1.001229798458136
            ],
            [
              147.51827161022393,
              0.9820338825184622
            ],
            [
              147.68249492065436,
              0.7521144613552687
            ],
            [
              147.78731113723478,
              0.7450206950747328
            ],
            [
              147.33149531495096,
              0.7057039723896019
            ],
            [
              147.37842024610242,
              0.5703566453486657
            ],
            [
              147.19504752127074,
              0.4835695023139798
            ],
            [
              147.1422933503146,
              0.6596610503760447
            ],
            [
              147.14570539857894,
              0.8052599616622584
            ],
            [
              147.20176647746845,
              1.1226990657486398
            ],
            [
              147.32122166871497,
              1.001229798458136
            ]
          ]
        ]
      },
      "id": "170629ef-cee0-4beb-ba95-a4408bab12cb"
    },
    {
      "type": "Feature",
      "properties": {
        "id": "844afd9a-d250-4171-ae51-9094c7a0fffd",
        "name": "sketch360-8"
      },
      "geometry": {
        "type": "Polygon",
        "coordinates": [
          [
            [
              137.6166011220416,
              4.9864552690044865
            ],
            [
              137.818984623898,
              4.978295221212243
            ],
            [
              137.67309639731164,
              4.898098826176401
            ],
            [
              137.5300463486866,
              4.87503181497552
            ],
            [
              137.36220740091247,
              4.779217889687516
            ],
            [
              137.24694184075932,
              4.920810488195451
            ],
            [
              137.49050169218853,
              4.977264443223197
            ],
            [
              137.42226940982263,
              4.989108402236635
            ],
            [
              137.47644412424646,
              5.106356271147165
            ],
            [
              137.5981120021442,
              5.02174384106995
            ],
            [
              137.6166011220416,
              4.9864552690044865
            ]
          ]
        ]
      },
      "id": "844afd9a-d250-4171-ae51-9094c7a0fffd"
    },
    {
      "type": "Feature",
      "properties": {
        "id": "e0abd897-ff0c-44a7-a7fa-7f5c20d74a0e",
        "name": "sketch360-9"
      },
      "geometry": {
        "type": "Polygon",
        "coordinates": [
          [
            [
              162.8538451097591,
              1.3436129712922
            ],
            [
              163.20953147210443,
              1.2809842075356217
            ],
            [
              162.89802471272858,
              1.2925040716565044
            ],
            [
              163.06610859425734,
              1.0245912578556386
            ],
            [
              162.86561236435793,
              1.0486505560892319
            ],
            [
              162.77068443283426,
              1.2606161262806796
            ],
            [
              162.49360373591344,
              1.2995251469072915
            ],
            [
              162.81877715883783,
              1.3099047897591352
            ],
            [
              162.74814312510316,
              1.503450006628511
            ],
            [
              162.77199451798688,
              1.4667441227251818
            ],
            [
              162.8538451097591,
              1.3436129712922
            ]
          ]
        ]
      },
      "id": "e0abd897-ff0c-44a7-a7fa-7f5c20d74a0e"
    }
  ],
  "bbox": [
    136.0837304988756,
    0.4835695023139798,
    163.20953147210443,
    13.021525909947849
  ]
}
