{
  "type": "FeatureCollection",
  "features": [
    {
      "type": "Feature",
      "properties": {
        "id": "5998fd54-7140-4bfa-b4c4-0785b5eeaf68",
        "name": "sketch83-0"
      },
      "geometry": {
        "type": "Polygon",
        "coordinates": [
          [
            [
              149.2160817775569,
              7.29400334831315
            ],
            [
              149.46249065174092,
              7.438330790479571
            ],
            [
              149.20212587944215,
              7.093212841362152
            ],
            [
              149.24995410167662,
              6.950097337475021
            ],
            [
              149.1593536869865,
              6.9554637134506505
            ],
            [
              148.88001665141994,
              6.803101044151409
            ],
            [
              148.85172324979737,
              7.086248007756544
            ],
            [
              148.80181519316662,
              7.32185758476611
            ],
            [
              149.11650438755927,
              7.184427198688109
            ],
            [
              149.14338568256497,
              7.102495710619277
            ],
            [
              149.2160817775569,
              7.29400334831315
            ]
          ]
        ]
      },
      "id": "5998fd54-7140-4bfa-b4c4-0785b5eeaf68"
    },
    {
      "type": "Feature",
      "properties": {
        "id": "bdc38894-b89b-4cd1-a23d-abe16c434091",
        "name": "sketch83-1"
      },
      "geometry": {
        "type": "Polygon",
        "coordinates": [
          [
            [
              150.657192984086,
              8.558985163321266
            ],
            [
              150.6368780424183,
              8.312168397841262
            ],
            [
              150.72462678428244,
              8.361095992547813
            ],
            [
              150.89324078357922,
              8.174731688602312
            ],
            [
              150.60352357951365,
              8.116910395109192
            ],
            [
              150.47536453724166,
              7.848268574245812
            ],
            [
              150.1882519548805,
              7.970847003996252
            ],
            [
              150.3261693963317,
              8.18041565904119
            ],
            [
              150.17362746861997,
              8.489991706699433
            ],
            [
              150.25605971222416,
              8.466885012226308
            ],
            [
              150.657192984086,
              8.558985163321266
            ]
          ]
        ]
      },
      "id": "bdc38894-b89b-4cd1-a23d-abe16c434091"
    },
    {
      "type": "Feature",
      "properties": {
        "id": "76a70445-2de8-4e09-a492-90019b5f0fa1",
        "name": "sketch83-2"
      },
      "geometry": {
        "type": "Polygon",
        "coordinates": [
          [
            [
              160.98448606514097,
              -0.061265955987675924
            ],
            [
              160.81139230939903,
              -0.23816382619802257
            ],
            [
              160.92386593559615,
              -0.35574072970502696
            ],
            [
              161.02995378134176,
              -0.43834271110807055
            ],
            [
              160.66122798954765,
              -0.5483327706849792
            ],
            [
              160.57374017455075,
              -0.3416266000158103
            ],
            [
              160.5376327916147,
              -0.3133676522916683
            ],
            [
              160.3958547997072,
              -0.3709482755558062
            ],
            [
              160.46100589345326,
              -0.11732234842525527
            ],
            [
              160.4527572904403,
              -0.07728881178168129
            ],
            [
              160.98448606514097,
              -0.061265955987675924
            ]
          ]
        ]
      },
      "id": "76a70445-2de8-4e09-a492-90019b5f0fa1"
    }
  ],
  "bbox": [
    148.80181519316662,
    -0.5483327706849792,
    161.02995378134176,
    8.558985163321266
  ]
}
