{
  "type": "FeatureCollection",
  "features": [
    {
      "type": "Feature",
      "properties": {
        "id": "20a9a39e-412e-487e-b113-0a3e4a12cb64",
        "name": "sketch124-0"
      },
      "geometry": {
        "type": "Polygon",
        "coordinates": [
          [
            [
              151.82207212709434,
              13.225498348251117
            ],
            [
              151.76717214099276,
              12.789720632652244
            ],
            [
              151.97198386799192,
              12.872517190999188
            ],
            [
              151.82663570960233,
              12.73999642096608
            ],
            [
              152.00843351700493,
              12.45537374524195
            ],
            [
              151.86172160213994,
              12.282094050924288
            ],
            [
              151.50882933967807,
              12.61272276532136
            ],
            [
              151.6634882752183,
              12.807971141106636
            ],
            [
              151.39597755667842,
              12.92740210405783
            ],
            [
              151.7135763633742,
              12.882629667533546
            ],
            [
              151.82207212709434,
              13.225498348251117
            ]
          ]
        ]
      },
      "id": "20a9a39e-412e-487e-b113-0a3e4a12cb64"
    },
    {
      "type": "Feature",
      "properties": {
        "id": "ce63dd09-1c74-4c33-98f3-fac612944c83",
        "name": "sketch124-1"
      },
      "geometry": {
        "type": "Polygon",
        "coordinates": [
          [
            [
              165.3574112238838,
              1.5672004772619168
            ],
            [
              165.38148744443237,
              1.7804102474718375
            ],
            [
              165.5785125268891,
              1.41667387530809
            ],
            [
              165.72469513054003,
              1.479591456437795
            ],
            [
              165.45751836851807,
              1.2762179179958002
            ],
            [
              165.61096415989553,
              1.0379416852319108
            ],
            [
              165.45199194804422,
              1.0365866703387472
            ],
            [
              165.11318769198675,
              0.9647296551717683
            ],
            [
              165.19218673657926,
              1.3444915208105652
            ],
            [
              165.2593895652771,
              1.360835313652545
            ],
            [
              165.3574112238838,
              1.5672004772619168
            ]
          ]
        ]
      },
      "id": "ce63dd09-1c74-4c33-98f3-fac612944c83"
    },
    {
      "type": "Feature",
      "properties": {
        "id": "ba7337de-50e4-46e7-842b-8d8addfb98e4",
        "name": "sketch124-2"
      },
      "geometry": {
        "type": "Polygon",
        "coordinates": [
          [
            [
              142.1506686929415,
              3.6725689338069785
            ],
            [
              142.5153097397341,
              3.5227137072067443
            ],
            [
              142.09110000030296,
              3.5649948451462157
            ],
            [
              142.22378987185903,
              3.455301499791937
            ],
            [
              142.04118322666616,
              3.5287258860090573
            ],
            [
              141.90446908472015,
              3.397329951025669
            ],
            [
              141.90532321546004,
              3.5025560783862573
            ],
            [
              141.90888806971364,
              3.5049360150255784
            ],
            [
              141.67005666183894,
              3.67071502105606
            ],
            [
              141.90509808505016,
              4.055710029330943
            ],
            [
              142.1506686929415,
              3.6725689338069785
            ]
          ]
        ]
      },
      "id": "ba7337de-50e4-46e7-842b-8d8addfb98e4"
    },
    {
      "type": "Feature",
      "properties": {
        "id": "57473100-6b94-422d-8196-65ed5ea4d5dc",
        "name": "sketch124-3"
      },
      "geometry": {
        "type": "Polygon",
        "coordinates": [
          [
            [
              148.13283834362568,
              6.771674655320268
            ],
            [
              148.21745097631936,
              6.56255486189092
            ],
            [
              148.37056184997596,
              6.383925614149463
            ],
            [
              148.44169664746232,
              6.025744526040068
            ],
            [
              148.4329451010036,
              6.032437303066201
            ],
            [
              148.15021365988136,
              6.12853240595378
            ],
            [
              147.9521695390388,
              5.989151586800535
            ],
            [
              147.94625937794987,
              6.288170264910902
            ],
            [
              147.9136551086008,
              6.396707512741786
            ],
            [
              148.00588522923286,
              6.46578994350905
            ],
            [
              148.13283834362568,
              6.771674655320268
            ]
          ]
        ]
      },
      "id": "57473100-6b94-422d-8196-65ed5ea4d5dc"
    }
  ],
  "bbox": [
    141.67005666183894,
    0.9647296551717683,
    165.72469513054003,
    13.225498348251117
  ]
}
