{
  "type": "FeatureCollection",
  "features": [
    {
      "type": "Feature",
      "properties": {
        "id": "b6e705d2-79b7-4b14-ae4c-49205d906112",
        "name": "sketch169-0"
      },
      "geometry": {
        "type": "Polygon",
        "coordinates": [
          [
            [
              150.92904369320473,
              10.732477284533932
            ],
            [
              151.01168182412783,
              10.673793985641009
            ],
            [
              150.95178974905068,
              10.58274643978118
            ],
            [
              150.90030014098855,
              10.584462003340729
            ],
            [
              151.04405998584664,
              10.306164504375158
            ],
            [
              150.83930302622304,
              10.199292110326054
            ],
            [
              150.4806858190507,
              10.216786734382293
            ],
            [
              150.40654433313247,
              10.554697711023227
            ],
            [
              150.51812864487715,
              10.667710365964577
            ],
            [
              150.5346077440822,
              10.911618772993489
            ],
            [
              150.92904369320473,
              10.732477284533932
            ]
          ]
        ]
      },
      "id": "b6e705d2-79b7-4b14-ae4c-49205d906112"
    },
    {
      "type": "Feature",
      "properties": {
        "id": "db3dead5-49a9-4ad0-a6a5-de748abc6c2d",
        "name": "sketch169-1"
      },
      "geometry": {
        "type": "Polygon",
        "coordinates": [
          [
            [
              137.79152059360186,
              8.185746211297804
            ],
            [
              137.84712427111756,
              8.221751661376734
            ],
            [
              137.69711131629302,
              7.9566004849715135
            ],
            [
              137.65323647232705,
              7.891702557460804
            ],
            [
              137.76740572732368,
              7.6942231359322735
            ],
            [
              137.6367359867615,
              7.885056491731552
            ],
            [
              137.34729401255598,
              7.721421123072121
            ],
            [
              137.2737319565545,
              7.966776660239038
            ],
            [
              137.32579100482965,
              8.169702527723807
            ],
            [
              137.37566759385206,
              8.23106312895347
            ],
            [
              137.79152059360186,
              8.185746211297804
            ]
          ]
        ]
      },
      "id": "db3dead5-49a9-4ad0-a6a5-de748abc6c2d"
    },
    {
      "type": "Feature",
      "properties": {
        "id": "7427a0a6-bddf-4b02-a2d7-a450a18ba8a3",
        "name": "sketch169-2"
      },
      "geometry": {
        "type": "Polygon",
        "coordinates": [
          [
            [
              151.3862213458827,
              5.201976063463961
            ],
            [
              151.72916189383886,
              5.304602854311873
            ],
            [
              151.54675825100776,
              5.085299156705252
            ],
            [
              151.65695718809195,
              5.0022109596971704
            ],
            [
              151.69875303051106,
              4.890008671503303
            ],
            [
              151.40038297291665,
              5.138631235238638
            ],
            [
              151.27935075093694,
              5.0632488294392655
            ],
            [
              151.1879773463724,
              5.079196721519891
            ],
            [
              151.1044753687024,
              5.1559841995934725
            ],
            [
              151.28938828460085,
              5.295518902201163
            ],
            [
              151.3862213458827,
              5.201976063463961
            ]
          ]
        ]
      },
      "id": "7427a0a6-bddf-4b02-a2d7-a450a18ba8a3"
    },
    {
      "type": "Feature",
      "properties": {
        "id": "8ac8ca1e-6287-4c18-b988-86a1741576e3",
        "name": "sketch169-3"
      },
      "geometry": {
        "type": "Polygon",
        "coordinates": [
          [
            [
              160.73458549679373,
              4.204528291308017
            ],
            [
              160.85413779167442,
              4.1561534467602135
            ],
            [
              161.02278939259818,
              4.147189898238784
            ],
            [
              161.1027616492264,
              4.139899349588074
            ],
            [
              161.03973713739805,
              3.962096890192271
            ],
            [
              160.6779037818976,
              3.8895941731148715
            ],
            [
              160.74080647738282,
              3.450388934051963
            ],
            [
              160.47228448401157,
              3.8292098638032614
            ],
            [
              160.4883880665112,
              3.923181318194777
            ],
            [
              160.28744146080706,
              4.187919039716559
            ],
            [
              160.73458549679373,
              4.204528291308017
            ]
          ]
        ]
      },
      "id": "8ac8ca1e-6287-4c18-b988-86a1741576e3"
    },
    {
      "type": "Feature",
      "properties": {
        "id": "9e8fcd52-f02e-409c-b339-c123856ab701",
        "name": "sketch169-4"
      },
      "geometry": {
        "type": "Polygon",
        "coordinates": [
          [
            [
              161.75149346629647,
              2.22282579609378
            ],
            [
              161.91596869844216,
              2.4041623987956067
            ],
            [
              161.96760368716676,
              1.9946721404286265
            ],
            [
              162.07605535012675,
              1.7781334096968395
            ],
            [
              161.99290149872954,
              1.805729242667093
            ],
            [
              161.6968433114544,
              2.054774550713986
            ],
            [
              161.35579535130242,
              2.0176721452077415
            ],
            [
              161.49024789168814,
              2.180165523826469
            ],
            [
              161.3015936707791,
              2.2617218864759603
            ],
            [
              161.70686599482192,
              2.2185217038056555
            ],
            [
              161.75149346629647,
              2.22282579609378
            ]
          ]
        ]
      },
      "id": "9e8fcd52-f02e-409c-b339-c123856ab701"
    },
    {
      "type": "Feature",
      "properties": {
        "id": "a189f218-9922-4042-bf55-42ba9aa52713",
        "name": "sketch169-5"
      },
      "geometry": {
        "type": "Polygon",
        "coordinates": [
          [
            [
              158.43010452240046,
              4.480598397930844
            ],
            [
              158.326893335341,
              4.276236422524963
            ],
            [
              158.2687063042701,
              4.273588925211583
            ],
            [
              158.20219203356032,
              4.196032398600385
            ],
            [
              158.12783186165697,
              4.197135191624482
            ],
            [
              158.06240634410952,
              4.148135718019194
            ],
            [
              157.81353299787116,
              4.072830886740697
            ],
            [
              157.93814355935524,
              4.395577786440396
            ],
            [
              158.20858050949536,
              4.348782545127098
            ],
            [
              158.1175241360553,
              4.676419670399941
            ],
            [
              158.43010452240046,
              4.480598397930844
            ]
          ]
        ]
      },
      "id": "a189f218-9922-4042-bf55-42ba9aa52713"
    },
    {
      "type": "Feature",
      "properties": {
        "id": "5565e309-1bc3-44f5-8c43-e6cda68034ef",
        "name": "sketch169-6"
      },
      "geometry": {
        "type": "Polygon",
        "coordinates": [
          [
            [
              136.74674005606272,
              11.908210285881278
            ],
            [
              137.09184399582762,
              11.902896182002015
            ],
            [
              136.7584727502908,
              11.782435415590466
            ],
            [
              137.01475566773618,
              11.621032826404761
            ],
            [
              136.75407114480493,
              11.463125330056762
            ],
            [
              136.57972850862976,
              11.604543943612423
            ],
            [
              136.40717374053546,
              11.691836418325355
            ],
            [
              136.58785993926372,
              11.816904260142193
            ],
            [
              136.37853630078948,
              11.89125576030022
            ],
            [
              136.63286027874835,
              11.927994484684296
            ],
            [
              136.74674005606272,
              11.908210285881278
            ]
          ]
        ]
      },
      "id": "5565e309-1bc3-44f5-8c43-e6cda68034ef"
    },
    {
      "type": "Feature",
      "properties": {
        "id": "70104e3b-30b8-445b-a2b2-b5d0cd9c37ca",
        "name": "sketch169-7"
      },
      "geometry": {
        "type": "Polygon",
        "coordinates": [
          [
            [
              163.26842984075248,
              10.32112167421088
            ],
            [
              163.03167809782002,
              10.09208620929916
            ],
            [
              163.1808683823356,
              9.979618088575982
            ],
            [
              163.14972281248006,
              9.942366374057267
            ],
            [
              163.01789370469118,
              9.85972666895064
            ],
            [
              162.79382005748866,
              9.996524858979644
            ],
            [
              162.73317799208635,
              9.944962228431992
            ],
            [
              162.57206777480613,
              10.097772532104157
            ],
            [
              162.58359687319862,
              10.24575231269561
            ],
            [
              162.72192722980105,
              10.374215317372492
            ],
            [
              163.26842984075248,
              10.32112167421088
            ]
          ]
        ]
      },
      "id": "70104e3b-30b8-445b-a2b2-b5d0cd9c37ca"
    },
    {
      "type": "Feature",
      "properties": {
        "id": "b08ae1df-c2d0-4160-a015-68b8cd96586c",
        "name": "sketch169-8"
      },
      "geometry": {
        "type": "Polygon",
        "coordinates": [
          [
            [
              148.021536427994,
              11.529022321916033
            ],
            [
              148.0215169690004,
              11.400787925580659
            ],
            [
              147.8938423622269,
              11.410313515022224
            ],
            [
              147.8296252928736,
              11.016761486083105
            ],
            [
              147.83122292485052,
              11.057853897002735
            ],
            [
              147.57034285710932,
              11.049882139992492
            ],
            [
              147.63589251934104,
              11.367147482477169
            ],
            [
              147.60339805223424,
              11.422816510174137
            ],
            [
              147.44109565669774,
              11.665037353270156
            ],
            [
              147.6235900712338,
              11.667327405093419
            ],
            [
              148.021536427994,
              11.529022321916033
            ]
          ]
        ]
      },
      "id": "b08ae1df-c2d0-4160-a015-68b8cd96586c"
    }
  ],
  "bbox": [
    136.37853630078948,
    1.7781334096968395,
    163.26842984075248,
    11.927994484684296
  ]
}
