{
  "type": "FeatureCollection",
  "features": [
    {
      "type": "Feature",
      "properties": {
        "id": "286bc7c8-ad31-4804-aae3-b22eeda18e15",
        "name": "sketch439-0"
      },
      "geometry": {
        "type": "Polygon",
        "coordinates": [
          [
            [
              142.3018584207494,
              11.556439154195969
            ],
            [
              142.3777151070991,
              11.55890599789026
            ],
            [
              142.44862554713123,
              11.361642859695408
            ],
            [
              142.5740762424351,
              11.186481238863113
            ],
            [
              142.30208169436233,
              11.46672325680583
            ],
            [
              142.27285052655412,
              11.504065422029749
            ],
            [
              142.1988600346724,
              11.485400436837946
            ],
            [
              142.04956067619392,
              11.662634245567558
            ],
            [
              142.2128236091971,
              11.827690979967757
            ],
            [
              142.25930666452476,
              11.992723683536823
            ],
            [
              142.3018584207494,
              11.556439154195969
            ]
          ]
        ]
      },
      "id": "286bc7c8-ad31-4804-aae3-b22eeda18e15"
    },
    {
      "type": "Feature",
      "properties": {
        "id": "f57d6fb4-e4fa-4fef-ba69-0668e3957525",
        "name": "sketch439-1"
      },
      "geometry": {
        "type": "Polygon",
        "coordinates": [
          [
            [
              157.7116111636791,
              11.047630405741998
            ],
            [
              157.68910058091453,
              10.691827477048957
            ],
            [
              157.80915010316832,
              10.597370963303998
            ],
            [
              157.7199729130266,
              10.447250824775661
            ],
            [
              157.72376009003924,
              10.113205544040675
            ],
            [
              157.560540422578,
              10.516874809780647
            ],
            [
              157.23399796851317,
              10.317288407012802
            ],
            [
              157.21016581105297,
              10.504245511832696
            ],
            [
              157.39233477655623,
              10.690973295999088
            ],
            [
              157.5433949985844,
              10.62847477401757
            ],
            [
              157.7116111636791,
              11.047630405741998
            ]
          ]
        ]
      },
      "id": "f57d6fb4-e4fa-4fef-ba69-0668e3957525"
    },
    {
      "type": "Feature",
      "properties": {
        "id": "4e2d22b8-2056-4f24-bb58-f92ea02650c0",
        "name": "sketch439-2"
      },
      "geometry": {
        "type": "Polygon",
        "coordinates": [
          [
            [
              142.34367362535386,
              2.9237850747660468
            ],
            [
              142.56455809796088,
              2.8982871140263113
            ],
            [
              142.56871777677472,
              2.816653356315582
            ],
            [
              142.36052530577103,
              2.803714157791406
            ],
            [
              142.0744273703393,
              2.431866807274504
            ],
            [
              142.00438259603104,
              2.8073780923554827
            ],
            [
              141.7849192291936,
              3.003847002678853
            ],
            [
              142.13026340736945,
              3.0776830187195947
            ],
            [
              142.1513591329377,
              3.343794334060054
            ],
            [
              142.1945335097866,
              3.2163288092996423
            ],
            [
              142.34367362535386,
              2.9237850747660468
            ]
          ]
        ]
      },
      "id": "4e2d22b8-2056-4f24-bb58-f92ea02650c0"
    },
    {
      "type": "Feature",
      "properties": {
        "id": "46f82bbc-1711-41ff-848f-9c789e482953",
        "name": "sketch439-3"
      },
      "geometry": {
        "type": "Polygon",
        "coordinates": [
          [
            [
              151.61309963134022,
              -0.18014194465447445
            ],
            [
              151.66158866622843,
              0.13370924428784237
            ],
            [
              151.77319080768046,
              -0.04658210188086498
            ],
            [
              151.77271306357622,
              -0.16699062077548754
            ],
            [
              151.62233246976209,
              -0.19965183575590448
            ],
            [
              151.63256166872762,
              -0.23092706331837906
            ],
            [
              151.50321507359465,
              -0.5603083583184991
            ],
            [
              151.53860522420095,
              -0.24448037412444032
            ],
            [
              151.48038365997036,
              -0.25173470655335567
            ],
            [
              151.5843965846444,
              -0.1694566994702849
            ],
            [
              151.61309963134022,
              -0.18014194465447445
            ]
          ]
        ]
      },
      "id": "46f82bbc-1711-41ff-848f-9c789e482953"
    },
    {
      "type": "Feature",
      "properties": {
        "id": "f368935f-fcbd-43cc-a1cb-a642556f19e8",
        "name": "sketch439-4"
      },
      "geometry": {
        "type": "Polygon",
        "coordinates": [
          [
            [
              142.34006513721968,
              6.917072410719232
            ],
            [
              142.620458651953,
              6.870037630175498
            ],
            [
              142.4051538936963,
              6.722369701379351
            ],
            [
              142.4154702777226,
              6.375300728288595
            ],
            [
              142.2520665300226,
              6.7111270129480065
            ],
            [
              142.08600887560837,
              6.404234262178503
            ],
            [
              142.22523190848415,
              6.77776959292206
            ],
            [
              142.03407256092447,
              6.813188588591013
            ],
            [
              142.0986481443814,
              6.825348369276342
            ],
            [
              142.19568007490759,
              6.853180792758742
            ],
            [
              142.34006513721968,
              6.917072410719232
            ]
          ]
        ]
      },
      "id": "f368935f-fcbd-43cc-a1cb-a642556f19e8"
    },
    {
      "type": "Feature",
      "properties": {
        "id": "07c25569-dd8e-4d97-9c08-ee486f83148b",
        "name": "sketch439-5"
      },
      "geometry": {
        "type": "Polygon",
        "coordinates": [
          [
            [
              161.10772148191995,
              9.327756624823987
            ],
            [
              161.22721515235924,
              9.065598711678314
            ],
            [
              161.05708981406343,
              9.09685096723748
            ],
            [
              161.1844282933865,
              8.997698314060017
            ],
            [
              161.222001324009,
              8.9180270586468
            ],
            [
              161.20177429873974,
              8.800147041088787
            ],
            [
              160.80548149959165,
              8.779007416508106
            ],
            [
              160.9178794733056,
              9.189152309193604
            ],
            [
              160.68934190254132,
              9.26602353891162
            ],
            [
              160.87136898068772,
              9.580452763154005
            ],
            [
              161.10772148191995,
              9.327756624823987
            ]
          ]
        ]
      },
      "id": "07c25569-dd8e-4d97-9c08-ee486f83148b"
    },
    {
      "type": "Feature",
      "properties": {
        "id": "1fe0fe9a-4299-4e86-b01a-32e7aedd64b9",
        "name": "sketch439-6"
      },
      "geometry": {
        "type": "Polygon",
        "coordinates": [
          [
            [
              142.77116319065144,
              10.50690841606763
            ],
            [
              142.5391490320906,
              10.31698695300356
            ],
            [
              142.70684135355214,
              10.16896122979598
            ],
            [
              142.86847705114914,
              10.01845565014956
            ],
            [
              142.54165501743375,
              10.311235898657422
            ],
            [
              142.51503434511827,
              10.070519977105823
            ],
            [
              142.23569409737445,
              10.177930978327634
            ],
            [
              142.22305471117784,
              10.3910457211891
            ],
            [
              142.47239286969761,
              10.382505918029977
            ],
            [
              142.26509542585842,
              10.62289651864615
            ],
            [
              142.77116319065144,
              10.50690841606763
            ]
          ]
        ]
      },
      "id": "1fe0fe9a-4299-4e86-b01a-32e7aedd64b9"
    },
    {
      "type": "Feature",
      "properties": {
        "id": "e9d2bc84-b3bf-46c7-95fb-f279d5dff8df",
        "name": "sketch439-7"
      },
      "geometry": {
        "type": "Polygon",
        "coordinates": [
          [
            [
              145.67216898594992,
              4.629879912192998
            ],
            [
              145.67596359584417,
              4.609397607326297
            ],
            [
              145.70213337929448,
              4.620014444242267
            ],
            [
              145.6885290511457,
              4.597385855105584
            ],
            [
              145.98767873422676,
              4.422665879452676
            ],
            [
              145.60874471064773,
              4.39797701431867
            ],
            [
              145.40526984643614,
              4.297613709658165
            ],
            [
              145.3769325332304,
              4.682316916355854
            ],
            [
              145.64269452843013,
              4.60734976873415
            ],
            [
              145.5749221957731,
              4.867051623519493
            ],
            [
              145.67216898594992,
              4.629879912192998
            ]
          ]
        ]
      },
      "id": "e9d2bc84-b3bf-46c7-95fb-f279d5dff8df"
    },
    {
      "type": "Feature",
      "properties": {
        "id": "348e9133-49d9-4e03-ba72-33b71b9dab97",
        "name": "sketch439-8"
      },
      "geometry": {
        "type": "Polygon",
        "coordinates": [
          [
            [
              142.840070113815,
              5.499347660370739
            ],
            [
              142.56316809760946,
              5.180208089815667
            ],
            [
              142.94427609244497,
              5.164602782603909
            ],
            [
              142.83386828070297,
              4.868319298106229
            ],
            [
              142.52077846216505,
              5.074121645245251
            ],
            [
              142.48520700634478,
              4.897364742487621
            ],
            [
              142.38102273854273,
              5.05576046870447
            ],
            [
              142.3917640384148,
              5.163944753517048
            ],
            [
              142.2249893536406,
              5.215147448928114
            ],
            [
              142.43021924089607,
              5.385453929092144
            ],
            [
              142.840070113815,
              5.499347660370739
            ]
          ]
        ]
      },
      "id": "348e9133-49d9-4e03-ba72-33b71b9dab97"
    }
  ],
  "bbox": [
    141.7849192291936,
    -0.5603083583184991,
    161.22721515235924,
    11.992723683536823
  ]
}
