{
  "type": "FeatureCollection",
  "features": [
    {
      "type": "Feature",
      "properties": {
        "id": "d9c7cdaa-ba5c-4137-b7d6-63a19a127030",
        "name": "sketch453-0"
      },
      "geometry": {
        "type": "Polygon",
        "coordinates": [
          [
            [
              164.55767356108285,
              4.0294299811257455
            ],
            [
              164.73231514736693,
              4.0607318120672415
            ],
            [
              164.51058548862142,
              3.742702001557295
            ],
            [
              164.5033331670758,
              3.4482970965689743
            ],
            [
              164.41508987296498,
              3.507258686933036
            ],
            [
              164.21116895222366,
              3.690946831890819
            ],
            [
              164.26992484446524,
              3.835982024847276
            ],
            [
              164.11142843365215,
              3.813399216438981
            ],
            [
              164.04204740027532,
              3.994743816501988
            ],
            [
              164.04571583111297,
              4.230904502187848
            ],
            [
              164.55767356108285,
              4.0294299811257455
            ]
          ]
        ]
      },
      "id": "d9c7cdaa-ba5c-4137-b7d6-63a19a127030"
    },
    {
      "type": "Feature",
      "properties": {
        "id": "bdf1033c-5f5c-47d9-a82f-6486602abff0",
        "name": "sketch453-1"
      },
      "geometry": {
        "type": "Polygon",
        "coordinates": [
          [
            [
              156.0098548674366,
              6.787626712829862
            ],
            [
              156.03685015942696,
              6.587508418870572
            ],
            [
              156.0198824353681,
              6.405638689108468
            ],
            [
              155.81838105020026,
              6.551888405382786
            ],
            [
              155.6044963085715,
              6.438545202683561
            ],
            [
              155.47499580301414,
              6.348531447971511
            ],
            [
              155.7117580868864,
              6.670648982263109
            ],
            [
              155.79804399612533,
              6.705410971057837
            ],
            [
              155.7621260228866,
              6.851297306249535
            ],
            [
              155.81697110974795,
              6.772833593004429
            ],
            [
              156.0098548674366,
              6.787626712829862
            ]
          ]
        ]
      },
      "id": "bdf1033c-5f5c-47d9-a82f-6486602abff0"
    },
    {
      "type": "Feature",
      "properties": {
        "id": "6f48b628-f8a4-4251-951e-08651ac0cedb",
        "name": "sketch453-2"
      },
      "geometry": {
        "type": "Polygon",
        "coordinates": [
          [
            [
              161.1489414823941,
              9.29678259123012
            ],
            [
              161.5896723653835,
              9.309750181896659
            ],
            [
              161.21355555001645,
              8.983660606802697
            ],
            [
              161.24267065533246,
              8.825909684899774
            ],
            [
              161.10387788632926,
              9.181376567759871
            ],
            [
              160.97847405664638,
              9.003287921843565
            ],
            [
              160.7443537777708,
              9.058642198686297
            ],
            [
              161.0763285612414,
              9.267893908483964
            ],
            [
              161.13073913460028,
              9.287775673835787
            ],
            [
              160.98236863872805,
              9.370301617182252
            ],
            [
              161.1489414823941,
              9.29678259123012
            ]
          ]
        ]
      },
      "id": "6f48b628-f8a4-4251-951e-08651ac0cedb"
    }
  ],
  "bbox": [
    155.47499580301414,
    3.4482970965689743,
    164.73231514736693,
    9.370301617182252
  ]
}
