{
  "type": "FeatureCollection",
  "features": [
    {
      "type": "Feature",
      "properties": {
        "id": "85ff702a-ec50-4add-80c4-4988c96f2148",
        "name": "sketch312-0"
      },
      "geometry": {
        "type": "Polygon",
        "coordinates": [
          [
            [
              144.11893992342794,
              9.020762632460332
            ],
            [
              144.2740134615447,
              9.240472741208697
            ],
            [
              144.28955371640757,
              9.09859862876472
            ],
            [
              144.25541331094936,
              9.031601225983982
            ],
            [
              144.20681342040243,
              8.90280740759023
            ],
            [
              144.37277469580485,
              8.668699259863075
            ],
            [
              143.87690853336133,
              8.42893100538483
            ],
            [
              144.00715797753838,
              8.727716032720332
            ],
            [
              143.6603306036602,
              8.885662080371956
            ],
            [
              143.9998070791419,
              8.963919605843842
            ],
            [
              144.11893992342794,
              9.020762632460332
            ]
          ]
        ]
      },
      "id": "85ff702a-ec50-4add-80c4-4988c96f2148"
    },
    {
      "type": "Feature",
      "properties": {
        "id": "d08fd3d0-d6ab-4ac2-9676-f25646360f05",
        "name": "sketch312-1"
      },
      "geometry": {
        "type": "Polygon",
        "coordinates": [
          [
            [
              148.32075848064162,
              11.45396582691488
            ],
            [
              148.17042439880356,
              11.338479132151507
            ],
            [
              148.0733423045398,
              11.28432339890345
            ],
            [
              148.0055523531061,
              11.092064552274966
            ],
            [
              147.90973603931636,
              11.275044582896625
            ],
            [
              147.81116258984176,
              11.137340407822737
            ],
            [
              147.76044993825738,
              11.096146307002218
            ],
            [
              147.81753178441198,
              11.246671241316156
            ],
            [
              147.5150745878595,
              11.289236989916926
            ],
            [
              147.7519272077146,
              11.39914757972343
            ],
            [
              148.32075848064162,
              11.45396582691488
            ]
          ]
        ]
      },
      "id": "d08fd3d0-d6ab-4ac2-9676-f25646360f05"
    }
  ],
  "bbox": [
    143.6603306036602,
    8.42893100538483,
    148.32075848064162,
    11.45396582691488
  ]
}
