{
  "type": "FeatureCollection",
  "features": [
    {
      "type": "Feature",
      "properties": {
        "id": "da956fb1-59d3-4c02-96d2-83a6fdfa0cc5",
        "name": "sketch15-0"
      },
      "geometry": {
        "type": "Polygon",
        "coordinates": [
          [
            [
              161.61907282518354,
              5.5065112031956
            ],
            [
              161.67371485389242,
              5.693409098887042
            ],
            [
              161.98090489168007,
              5.5799225331370215
            ],
            [
              162.04359058057318,
              5.13717654862161
            ],
            [
              161.647345734974,
              5.277210884522238
            ],
            [
              161.61019967457173,
              4.809474554555004
            ],
            [
              161.59690717832058,
              5.22966761841861
            ],
            [
              161.57091617224302,
              5.273164844080403
            ],
            [
              161.38779634261226,
              5.407018174365963
            ],
            [
              161.5044689793863,
              5.50442838227365
            ],
            [
              161.61907282518354,
              5.5065112031956
            ]
          ]
        ]
      },
      "id": "da956fb1-59d3-4c02-96d2-83a6fdfa0cc5"
    },
    {
      "type": "Feature",
      "properties": {
        "id": "91948c6a-7725-4406-8845-86bca87357ea",
        "name": "sketch15-1"
      },
      "geometry": {
        "type": "Polygon",
        "coordinates": [
          [
            [
              147.3958548695589,
              0.9654629357969143
            ],
            [
              147.5658835253481,
              1.0080353627846428
            ],
            [
              147.4760564031861,
              0.8378138356207183
            ],
            [
              147.2399075568963,
              0.8265835931101247
            ],
            [
              147.24805588593642,
              0.6599269385269875
            ],
            [
              146.76221576509914,
              0.7487585926605314
            ],
            [
              147.1855915187713,
              0.8665705817587722
            ],
            [
              146.7907868443836,
              0.9086655837453362
            ],
            [
              146.80991516987663,
              1.0513511428911242
            ],
            [
              146.982313419828,
              1.1065269132693993
            ],
            [
              147.3958548695589,
              0.9654629357969143
            ]
          ]
        ]
      },
      "id": "91948c6a-7725-4406-8845-86bca87357ea"
    },
    {
      "type": "Feature",
      "properties": {
        "id": "aa0177cb-c1fd-43f9-aaef-66e2b28ea864",
        "name": "sketch15-2"
      },
      "geometry": {
        "type": "Polygon",
        "coordinates": [
          [
            [
              146.7382447740628,
              11.857930992943139
            ],
            [
              146.7343216570384,
              11.457454330306547
            ],
            [
              147.11054789882002,
              11.430820353344053
            ],
            [
              146.75566424851002,
              11.414159486670304
            ],
            [
              146.7770177452,
              11.224528207062997
            ],
            [
              146.54298887147888,
              11.229576192216413
            ],
            [
              146.57885859524828,
              11.348860307448001
            ],
            [
              146.65296662806742,
              11.434256923138552
            ],
            [
              146.35534060752536,
              11.542288460682254
            ],
            [
              146.61761716692723,
              11.65414453695894
            ],
            [
              146.7382447740628,
              11.857930992943139
            ]
          ]
        ]
      },
      "id": "aa0177cb-c1fd-43f9-aaef-66e2b28ea864"
    },
    {
      "type": "Feature",
      "properties": {
        "id": "d4793504-f03b-4a95-8125-4f62f821f0d1",
        "name": "sketch15-3"
      },
      "geometry": {
        "type": "Polygon",
        "coordinates": [
          [
            [
              155.35874264604573,
              13.797186403586224
            ],
            [
              155.36026708069846,
              13.562489771575212
            ],
            [
              155.32302632403236,
              13.434804241429015
            ],
            [
              155.36813783601428,
              13.287715244340196
            ],
            [
              155.39219543141562,
              13.213984515032964
            ],
            [
              155.30438609046917,
              13.131634923622647
            ],
            [
              155.1665014077062,
              13.363615671948974
            ],
            [
              155.1898767279171,
              13.42434666641912
            ],
            [
              155.295111088785,
              13.437408266710253
            ],
            [
              155.07673725412923,
              13.609149597722636
            ],
            [
              155.35874264604573,
              13.797186403586224
            ]
          ]
        ]
      },
      "id": "d4793504-f03b-4a95-8125-4f62f821f0d1"
    },
    {
      "type": "Feature",
      "properties": {
        "id": "da077cbc-99fe-4079-ae34-d7f9919b1c46",
        "name": "sketch15-4"
      },
      "geometry": {
        "type": "Polygon",
        "coordinates": [
          [
            [
              143.96533928429653,
              2.6011361675257123
            ],
            [
              144.19435142965574,
              2.487073723788367
            ],
            [
              144.22734108353603,
              2.3370280745933267
            ],
            [
              144.02819403314658,
              2.2897236769191327
            ],
            [
              143.90033633555913,
              2.5293209334692146
            ],
            [
              143.56842969763153,
              2.50462941156831
            ],
            [
              143.4619008398552,
              2.492433287312128
            ],
            [
              143.59868595938724,
              2.7640156015605735
            ],
            [
              143.6393708824322,
              2.87661460891106
            ],
            [
              143.91859606054336,
              2.796640273529004
            ],
            [
              143.96533928429653,
              2.6011361675257123
            ]
          ]
        ]
      },
      "id": "da077cbc-99fe-4079-ae34-d7f9919b1c46"
    }
  ],
  "bbox": [
    143.4619008398552,
    0.6599269385269875,
    162.04359058057318,
    13.797186403586224
  ]
}
