{
  "type": "FeatureCollection",
  "features": [
    {
      "type": "Feature",
      "properties": {
        "id": "75858049-5226-4bcc-9823-8fe43f7d89f6",
        "name": "sketch327-0"
      },
      "geometry": {
        "type": "Polygon",
        "coordinates": [
          [
            [
              159.65769579217903,
              4.470849832735095
            ],
            [
              159.64140171862485,
              4.325469899359376
            ],
            [
              159.55563953364913,
              4.1808767586652715
            ],
            [
              159.50388119705002,
              3.8623589158923286
            ],
            [
              159.4299031144836,
              4.266162974860669
            ],
            [
              159.42353522591299,
              4.274923145927233
            ],
            [
              159.05017124204764,
              4.279975338659184
            ],
            [
              159.062489131671,
              4.347765943182808
            ],
            [
              159.33351093668884,
              4.397275478902129
            ],
            [
              159.23202534818006,
              4.690900204662316
            ],
            [
              159.65769579217903,
              4.470849832735095
            ]
          ]
        ]
      },
      "id": "75858049-5226-4bcc-9823-8fe43f7d89f6"
    },
    {
      "type": "Feature",
      "properties": {
        "id": "f0bbe798-0f20-4385-a5c5-1fce41925e21",
        "name": "sketch327-1"
      },
      "geometry": {
        "type": "Polygon",
        "coordinates": [
          [
            [
              163.58025967969337,
              11.052821137714497
            ],
            [
              163.76198437251207,
              10.9646916486288
            ],
            [
              163.7406899716147,
              10.880292504744379
            ],
            [
              163.64310233679723,
              10.721344966896222
            ],
            [
              163.6731035079465,
              10.550095395754202
            ],
            [
              163.5332774416869,
              10.521772093560772
            ],
            [
              163.34298519799194,
              10.582743209038735
            ],
            [
              163.3887744848514,
              10.705463181742774
            ],
            [
              163.3267180439566,
              10.879604138847705
            ],
            [
              163.30760238415746,
              11.253189207507111
            ],
            [
              163.58025967969337,
              11.052821137714497
            ]
          ]
        ]
      },
      "id": "f0bbe798-0f20-4385-a5c5-1fce41925e21"
    },
    {
      "type": "Feature",
      "properties": {
        "id": "59830b6c-5851-4683-b469-e38829a3bb9a",
        "name": "sketch327-2"
      },
      "geometry": {
        "type": "Polygon",
        "coordinates": [
          [
            [
              160.60734757226692,
              -0.13640068943049846
            ],
            [
              160.79511621329618,
              0.019596924656439862
            ],
            [
              160.95396327941046,
              -0.402851128500192
            ],
            [
              160.60016269922346,
              -0.16698445703497736
            ],
            [
              160.6049095530238,
              -0.2041186241798027
            ],
            [
              160.62873834019072,
              -0.6266950771292326
            ],
            [
              160.55708471613525,
              -0.551763570214266
            ],
            [
              160.26074510565007,
              -0.3286302632462086
            ],
            [
              160.56803142912747,
              -0.16692633863198975
            ],
            [
              160.3497250992691,
              0.008020002650812735
            ],
            [
              160.60734757226692,
              -0.13640068943049846
            ]
          ]
        ]
      },
      "id": "59830b6c-5851-4683-b469-e38829a3bb9a"
    },
    {
      "type": "Feature",
      "properties": {
        "id": "54cfcbed-b197-46ff-858d-4f7d5a0b06ef",
        "name": "sketch327-3"
      },
      "geometry": {
        "type": "Polygon",
        "coordinates": [
          [
            [
              164.7059219108987,
              8.206137822881955
            ],
            [
              164.95772952807678,
              8.342021569864476
            ],
            [
              164.83267165088284,
              8.170354760285944
            ],
            [
              164.7646229309308,
              8.082610254695311
            ],
            [
              165.0439622112493,
              7.867240667411766
            ],
            [
              164.61582828715987,
              7.97612793548692
            ],
            [
              164.40565092013873,
              7.681051194533454
            ],
            [
              164.3889008821911,
              7.830026375454019
            ],
            [
              164.51218888187304,
              8.043086786242933
            ],
            [
              164.3788037956783,
              8.382079268859808
            ],
            [
              164.7059219108987,
              8.206137822881955
            ]
          ]
        ]
      },
      "id": "54cfcbed-b197-46ff-858d-4f7d5a0b06ef"
    },
    {
      "type": "Feature",
      "properties": {
        "id": "99a618f9-a272-45c3-9c8d-284544486962",
        "name": "sketch327-4"
      },
      "geometry": {
        "type": "Polygon",
        "coordinates": [
          [
            [
              164.13863627785307,
              -0.02698674535824966
            ],
            [
              164.20794614298185,
              0.04181111059029394
            ],
            [
              164.3927245231192,
              0.125883760068954
            ],
            [
              164.15429723717833,
              -0.09787877270004075
            ],
            [
              164.38047388491225,
              -0.2896660665239041
            ],
            [
              164.1780216322033,
              -0.5630663735865019
            ],
            [
              164.12487136544797,
              -0.1164338774296812
            ],
            [
              163.6604180062225,
              -0.19708622577492535
            ],
            [
              164.09344267701766,
              -0.08096860398081816
            ],
            [
              163.8509887632068,
              0.2569092658903345
            ],
            [
              164.13863627785307,
              -0.02698674535824966
            ]
          ]
        ]
      },
      "id": "99a618f9-a272-45c3-9c8d-284544486962"
    },
    {
      "type": "Feature",
      "properties": {
        "id": "877e4b2b-19c8-4753-a4fd-f2a78a56de36",
        "name": "sketch327-5"
      },
      "geometry": {
        "type": "Polygon",
        "coordinates": [
          [
            [
              152.3030152256216,
              5.1139527635208815
            ],
            [
              152.2356182488634,
              5.038575021018487
            ],
            [
              152.27002687888756,
              5.001654302344261
            ],
            [
              152.41645192056916,
              4.846675645050633
            ],
            [
              152.3029885988894,
              4.582526794354433
            ],
            [
              151.89083603715488,
              4.605338171199041
            ],
            [
              151.93444183541217,
              4.853858089254257
            ],
            [
              151.8556772224009,
              5.098698287730493
            ],
            [
              151.90207054427935,
              5.12725432811534
            ],
            [
              152.1234990814025,
              4.979516500765536
            ],
            [
              152.3030152256216,
              5.1139527635208815
            ]
          ]
        ]
      },
      "id": "877e4b2b-19c8-4753-a4fd-f2a78a56de36"
    },
    {
      "type": "Feature",
      "properties": {
        "id": "388099ca-4dd6-44a9-9b93-dfd1edb62bf2",
        "name": "sketch327-6"
      },
      "geometry": {
        "type": "Polygon",
        "coordinates": [
          [
            [
              145.81893983118022,
              6.4841963148133654
            ],
            [
              145.83909097783476,
              6.457301675610356
            ],
            [
              145.96989679380434,
              6.311984170351014
            ],
            [
              145.75186739029428,
              6.3723819675589555
            ],
            [
              145.47652064376106,
              6.122662950084082
            ],
            [
              145.3303277613192,
              6.30908778140543
            ],
            [
              145.611710358076,
              6.5848909315616275
            ],
            [
              145.61012379156813,
              6.641025091665676
            ],
            [
              145.68555506306066,
              6.585582565315683
            ],
            [
              145.5071632587531,
              6.832490004367066
            ],
            [
              145.81893983118022,
              6.4841963148133654
            ]
          ]
        ]
      },
      "id": "388099ca-4dd6-44a9-9b93-dfd1edb62bf2"
    }
  ],
  "bbox": [
    145.3303277613192,
    -0.6266950771292326,
    165.0439622112493,
    11.253189207507111
  ]
}
