{
  "type": "FeatureCollection",
  "features": [
    {
      "type": "Feature",
      "properties": {
        "id": "0f2832da-4198-4365-9fc6-edd5a563898b",
        "name": "sketch362-0"
      },
      "geometry": {
        "type": "Polygon",
        "coordinates": [
          [
            [
              151.28452524270676,
              4.8489790659356204
            ],
            [
              151.26584655309304,
              4.708678358985781
            ],
            [
              151.54589506545972,
              4.665094963181971
            ],
            [
              151.3342763981045,
              4.474646006631951
            ],
            [
              151.0282671615131,
              4.562546287726345
            ],
            [
              150.9746836099103,
              4.490374972163141
            ],
            [
              150.92967280212977,
              4.624746483652141
            ],
            [
              150.8180926982429,
              4.6359762021389335
            ],
            [
              150.75770412369394,
              4.7260208158084
            ],
            [
              150.9217431025302,
              4.826533913554755
            ],
            [
              151.28452524270676,
              4.8489790659356204
            ]
          ]
        ]
      },
      "id": "0f2832da-4198-4365-9fc6-edd5a563898b"
    },
    {
      "type": "Feature",
      "properties": {
        "id": "8b91ca78-3a05-4883-8a6d-f758ec5f6ab3",
        "name": "sketch362-1"
      },
      "geometry": {
        "type": "Polygon",
        "coordinates": [
          [
            [
              160.4340800561335,
              13.35975691614867
            ],
            [
              160.7847749701337,
              13.45943980161426
            ],
            [
              160.64048053200077,
              13.35289976715088
            ],
            [
              160.79162587724025,
              13.058340994252937
            ],
            [
              160.425878348475,
              13.114543187328943
            ],
            [
              160.14740721710774,
              12.772468029429062
            ],
            [
              160.31161521276826,
              13.16137478562799
            ],
            [
              160.1863038679342,
              13.160036867510339
            ],
            [
              160.10211080159007,
              13.389970419369595
            ],
            [
              160.27743720136812,
              13.313815196407917
            ],
            [
              160.4340800561335,
              13.35975691614867
            ]
          ]
        ]
      },
      "id": "8b91ca78-3a05-4883-8a6d-f758ec5f6ab3"
    }
  ],
  "bbox": [
    150.75770412369394,
    4.474646006631951,
    160.79162587724025,
    13.45943980161426
  ]
}
