{
  "type": "FeatureCollection",
  "features": [
    {
      "type": "Feature",
      "properties": {
        "id": "88331e56-7370-4320-98a6-d2bbf6eb8cfd",
        "name": "sketch295-0"
      },
      "geometry": {
        "type": "Polygon",
        "coordinates": [
          [
            [
              152.62215928083694,
              -0.8960494792798459
            ],
            [
              152.7736127782389,
              -0.8408969484140315
            ],
            [
              152.3865211204183,
              -1.0866519876083216
            ],
            [
              152.6370577791493,
              -1.2416816148795682
            ],
            [
              152.41654975103143,
              -1.1343212306591575
            ],
            [
              152.36722077395922,
              -1.1121220833249965
            ],
            [
              152.27549463778843,
              -1.1725557329016236
            ],
            [
              152.054252103023,
              -1.2798266565035987
            ],
            [
              152.31908414996676,
              -1.077127004319915
            ],
            [
              152.27165785958667,
              -0.7286111040697361
            ],
            [
              152.62215928083694,
              -0.8960494792798459
            ]
          ]
        ]
      },
      "id": "88331e56-7370-4320-98a6-d2bbf6eb8cfd"
    },
    {
      "type": "Feature",
      "properties": {
        "id": "774be217-6609-4a81-ae61-3381955a88c1",
        "name": "sketch295-1"
      },
      "geometry": {
        "type": "Polygon",
        "coordinates": [
          [
            [
              160.41352814267435,
              3.533869316978052
            ],
            [
              160.63610042404528,
              3.7186640511268223
            ],
            [
              160.4373326263324,
              3.514726645342267
            ],
            [
              160.55895653752742,
              3.400505086782619
            ],
            [
              160.58890191873078,
              3.313080154088861
            ],
            [
              160.60421823604534,
              3.184916813484912
            ],
            [
              160.37283927120657,
              3.3244662777123186
            ],
            [
              159.96054202597492,
              3.318507819113845
            ],
            [
              160.2615954137302,
              3.6084972035286698
            ],
            [
              160.40077001237117,
              3.539268048246431
            ],
            [
              160.41352814267435,
              3.533869316978052
            ]
          ]
        ]
      },
      "id": "774be217-6609-4a81-ae61-3381955a88c1"
    },
    {
      "type": "Feature",
      "properties": {
        "id": "59584312-0ad5-4a10-9d63-f3db5596f2ab",
        "name": "sketch295-2"
      },
      "geometry": {
        "type": "Polygon",
        "coordinates": [
          [
            [
              161.65352080568306,
              9.248629127049456
            ],
            [
              161.78423452301013,
              9.242940212118231
            ],
            [
              161.69553367324937,
              9.078886869342618
            ],
            [
              161.6227623904553,
              8.919700508356769
            ],
            [
              161.53402185191544,
              8.79327195504308
            ],
            [
              161.50329729165355,
              8.637062684631347
            ],
            [
              161.44963714777953,
              9.025854623568936
            ],
            [
              161.30882942999185,
              9.05044294955801
            ],
            [
              161.2707011844308,
              9.128186989623963
            ],
            [
              161.23108120580267,
              9.20566135178865
            ],
            [
              161.65352080568306,
              9.248629127049456
            ]
          ]
        ]
      },
      "id": "59584312-0ad5-4a10-9d63-f3db5596f2ab"
    },
    {
      "type": "Feature",
      "properties": {
        "id": "6b7f0be9-abc2-4937-9f40-dd1a4ea5528b",
        "name": "sketch295-3"
      },
      "geometry": {
        "type": "Polygon",
        "coordinates": [
          [
            [
              163.93108708182788,
              1.6065790158771458
            ],
            [
              164.29213004272177,
              1.5749914677247565
            ],
            [
              163.9537768060505,
              1.3021964738698621
            ],
            [
              164.10537787714736,
              1.0796717233723048
            ],
            [
              163.97110689069058,
              0.9770731841331117
            ],
            [
              163.76214916410964,
              1.128277312787351
            ],
            [
              163.60458862681864,
              1.3300782265081317
            ],
            [
              163.68835508372604,
              1.3694835574730264
            ],
            [
              163.88583741264148,
              1.3615408703565264
            ],
            [
              163.86989752638115,
              1.5608621567826224
            ],
            [
              163.93108708182788,
              1.6065790158771458
            ]
          ]
        ]
      },
      "id": "6b7f0be9-abc2-4937-9f40-dd1a4ea5528b"
    },
    {
      "type": "Feature",
      "properties": {
        "id": "64e63cc6-9c06-4419-8fdb-d62370de223b",
        "name": "sketch295-4"
      },
      "geometry": {
        "type": "Polygon",
        "coordinates": [
          [
            [
              155.51747003551992,
              0.12694054209634675
            ],
            [
              155.47323164222465,
              -0.06451955347436188
            ],
            [
              155.28514215223743,
              -0.1371842156677392
            ],
            [
              155.20026209296034,
              -0.13258847108144584
            ],
            [
              155.43487548009634,
              -0.32047396877654033
            ],
            [
              155.23909610238022,
              -0.3995544968279756
            ],
            [
              155.14268969026676,
              -0.3512843666852369
            ],
            [
              155.01339265833533,
              -0.20817736907312984
            ],
            [
              155.09363170909435,
              -0.080144259785146
            ],
            [
              155.09888536323064,
              0.12131121755812474
            ],
            [
              155.51747003551992,
              0.12694054209634675
            ]
          ]
        ]
      },
      "id": "64e63cc6-9c06-4419-8fdb-d62370de223b"
    }
  ],
  "bbox": [
    152.054252103023,
    -1.2798266565035987,
    164.29213004272177,
    9.248629127049456
  ]
}
