{
  "type": "FeatureCollection",
  "features": [
    {
      "type": "Feature",
      "properties": {
        "id": "3aa6ea38-96a0-4d5a-b166-894f52e55744",
        "name": "sketch167-0"
      },
      "geometry": {
        "type": "Polygon",
        "coordinates": [
          [
            [
              161.99135623021672,
              9.276037819892377
            ],
            [
              161.64205757580282,
              9.103203735942722
            ],
            [
              161.79846052478916,
              9.09102966428456
            ],
            [
              161.65310096837325,
              8.93377907110467
            ],
            [
              161.75377596552914,
              8.778623746374425
            ],
            [
              161.50577237167408,
              8.78245121152555
            ],
            [
              161.50223353712164,
              8.78138420104333
            ],
            [
              161.40762990743534,
              8.83775983852727
            ],
            [
              161.4970314777326,
              9.060567780470013
            ],
            [
              161.51266918404946,
              9.106355799269993
            ],
            [
              161.99135623021672,
              9.276037819892377
            ]
          ]
        ]
      },
      "id": "3aa6ea38-96a0-4d5a-b166-894f52e55744"
    },
    {
      "type": "Feature",
      "properties": {
        "id": "c9428327-92f1-42c2-8139-88ac0c9fccbd",
        "name": "sketch167-1"
      },
      "geometry": {
        "type": "Polygon",
        "coordinates": [
          [
            [
              145.4265894924244,
              -0.2144252014556609
            ],
            [
              145.47971876280275,
              -0.3827357544822634
            ],
            [
              145.33765005434935,
              -0.6517805822889271
            ],
            [
              145.3201097707947,
              -0.9703421361186355
            ],
            [
              145.24205511567826,
              -0.7318796482381738
            ],
            [
              145.2486333708109,
              -1.0267942577776263
            ],
            [
              144.96024703539908,
              -0.896818110899032
            ],
            [
              144.93136541018367,
              -0.8328107772341099
            ],
            [
              144.9228779398511,
              -0.7838338350603797
            ],
            [
              145.0977503765711,
              -0.48735712797635944
            ],
            [
              145.4265894924244,
              -0.2144252014556609
            ]
          ]
        ]
      },
      "id": "c9428327-92f1-42c2-8139-88ac0c9fccbd"
    },
    {
      "type": "Feature",
      "properties": {
        "id": "053d9abd-981b-4a2f-bbb4-eb50c0ab12f5",
        "name": "sketch167-2"
      },
      "geometry": {
        "type": "Polygon",
        "coordinates": [
          [
            [
              149.07154751681531,
              0.8118310599222314
            ],
            [
              149.47909807046233,
              0.7258065410615702
            ],
            [
              149.15428842357608,
              0.6477142355855329
            ],
            [
              149.43295261934534,
              0.6045312588313414
            ],
            [
              149.35310282532947,
              0.3611899430223808
            ],
            [
              149.18326330332445,
              0.287066260049235
            ],
            [
              149.06146411819827,
              0.26388352107364604
            ],
            [
              148.76575758121453,
              0.22269692083127707
            ],
            [
              148.66183946502122,
              0.5526215782345271
            ],
            [
              148.91765597380945,
              0.7509278253561003
            ],
            [
              149.07154751681531,
              0.8118310599222314
            ]
          ]
        ]
      },
      "id": "053d9abd-981b-4a2f-bbb4-eb50c0ab12f5"
    },
    {
      "type": "Feature",
      "properties": {
        "id": "feedd440-8856-4bc1-8881-76ec8b72abf9",
        "name": "sketch167-3"
      },
      "geometry": {
        "type": "Polygon",
        "coordinates": [
          [
            [
              154.75972625565143,
              7.614663004313408
            ],
            [
              154.84942516151273,
              7.561669401650847
            ],
            [
              154.64521088579386,
              7.351512674594441
            ],
            [
              154.5054871433798,
              7.335178149268285
            ],
            [
              154.46105676825138,
              7.291636030211297
            ],
            [
              154.275619632278,
              7.050935619444535
            ],
            [
              153.98391585578472,
              7.116184756235702
            ],
            [
              154.31815375586547,
              7.351211789920452
            ],
            [
              154.33184456652288,
              7.369087083984517
            ],
            [
              154.01551869286914,
              7.662801541190002
            ],
            [
              154.75972625565143,
              7.614663004313408
            ]
          ]
        ]
      },
      "id": "feedd440-8856-4bc1-8881-76ec8b72abf9"
    },
    {
      "type": "Feature",
      "properties": {
        "id": "b857b66d-982d-4f0b-82a6-f16041e7cebc",
        "name": "sketch167-4"
      },
      "geometry": {
        "type": "Polygon",
        "coordinates": [
          [
            [
              163.43463374846178,
              5.860747294434986
            ],
            [
              163.5429711739247,
              5.692180008891255
            ],
            [
              163.53864222799857,
              5.626076156138236
            ],
            [
              163.45639344307796,
              5.399449524798157
            ],
            [
              163.42775397168032,
              5.555084706399946
            ],
            [
              163.3762437788474,
              5.294428292996885
            ],
            [
              163.22354299662038,
              5.433315205609955
            ],
            [
              163.16760012301788,
              5.454148615924964
            ],
            [
              163.3022571758867,
              5.754776742322928
            ],
            [
              163.26577189884657,
              5.829863262925994
            ],
            [
              163.43463374846178,
              5.860747294434986
            ]
          ]
        ]
      },
      "id": "b857b66d-982d-4f0b-82a6-f16041e7cebc"
    },
    {
      "type": "Feature",
      "properties": {
        "id": "4d7311fa-e119-4891-940d-42726cd31a87",
        "name": "sketch167-5"
      },
      "geometry": {
        "type": "Polygon",
        "coordinates": [
          [
            [
              136.1082756696771,
              9.64861850481307
            ],
            [
              136.148343911964,
              9.642010774616997
            ],
            [
              136.44222059950664,
              9.749933500273066
            ],
            [
              136.4079956251496,
              9.618884172667862
            ],
            [
              136.23771734648068,
              9.380919177184927
            ],
            [
              136.02521388508893,
              9.451115616252597
            ],
            [
              135.85034273223678,
              9.348036753956494
            ],
            [
              135.65828817397284,
              9.417649469927364
            ],
            [
              135.87760433004433,
              9.592840525139719
            ],
            [
              135.7386148533099,
              9.867968497127876
            ],
            [
              136.1082756696771,
              9.64861850481307
            ]
          ]
        ]
      },
      "id": "4d7311fa-e119-4891-940d-42726cd31a87"
    },
    {
      "type": "Feature",
      "properties": {
        "id": "feb16635-a1a5-4cce-a4cb-af5a7cd09cfd",
        "name": "sketch167-6"
      },
      "geometry": {
        "type": "Polygon",
        "coordinates": [
          [
            [
              159.54856468122307,
              3.0056692510404166
            ],
            [
              159.80508964802524,
              2.8237596572381416
            ],
            [
              159.62638352462835,
              2.538342885837769
            ],
            [
              159.48315012592715,
              2.454331923674692
            ],
            [
              159.01682839273778,
              2.6188682194145803
            ],
            [
              159.30121168540114,
              2.697361793121055
            ],
            [
              159.2760645154335,
              2.734565311599554
            ],
            [
              159.4420275542982,
              2.7242558157300443
            ],
            [
              159.46009345256672,
              3.0652809721618683
            ],
            [
              159.48505721487348,
              2.828424244376257
            ],
            [
              159.54856468122307,
              3.0056692510404166
            ]
          ]
        ]
      },
      "id": "feb16635-a1a5-4cce-a4cb-af5a7cd09cfd"
    }
  ],
  "bbox": [
    135.65828817397284,
    -1.0267942577776263,
    163.5429711739247,
    9.867968497127876
  ]
}
