{
  "type": "FeatureCollection",
  "features": [
    {
      "type": "Feature",
      "properties": {
        "id": "56073ed5-f476-42a5-b4f5-47a0d15633a3",
        "name": "sketch33-0"
      },
      "geometry": {
        "type": "Polygon",
        "coordinates": [
          [
            [
              137.81327609724858,
              8.870247993348016
            ],
            [
              137.8605190311838,
              8.538692652167533
            ],
            [
              138.0505251212004,
              8.477014827166904
            ],
            [
              138.03456282658587,
              8.191155752239052
            ],
            [
              137.84271037807576,
              8.262476161233105
            ],
            [
              137.8199652192328,
              8.095917719514771
            ],
            [
              137.71151145328568,
              8.061294009161557
            ],
            [
              137.4263498883279,
              8.430875639800371
            ],
            [
              137.6665586036714,
              8.47337921314976
            ],
            [
              137.51132164986592,
              8.821770876657371
            ],
            [
              137.81327609724858,
              8.870247993348016
            ]
          ]
        ]
      },
      "id": "56073ed5-f476-42a5-b4f5-47a0d15633a3"
    },
    {
      "type": "Feature",
      "properties": {
        "id": "a8e92c36-87d0-4225-a8d2-e7cb986fb4c0",
        "name": "sketch33-1"
      },
      "geometry": {
        "type": "Polygon",
        "coordinates": [
          [
            [
              150.03787784775537,
              12.773348765499438
            ],
            [
              150.1579737463357,
              12.575320605047619
            ],
            [
              150.06565341142112,
              12.445391756877752
            ],
            [
              150.21464772745927,
              12.233087145584836
            ],
            [
              150.0309858966588,
              12.18245034865357
            ],
            [
              149.9264843010341,
              12.179030867830233
            ],
            [
              149.66904094896842,
              12.212663853162717
            ],
            [
              149.50215225738958,
              12.409618175547761
            ],
            [
              149.71855291453116,
              12.712227014261098
            ],
            [
              149.88484351966267,
              12.616249515935609
            ],
            [
              150.03787784775537,
              12.773348765499438
            ]
          ]
        ]
      },
      "id": "a8e92c36-87d0-4225-a8d2-e7cb986fb4c0"
    },
    {
      "type": "Feature",
      "properties": {
        "id": "abbac7c2-b6a4-4c8b-bacf-7aa67ece157a",
        "name": "sketch33-2"
      },
      "geometry": {
        "type": "Polygon",
        "coordinates": [
          [
            [
              141.8549700122362,
              6.162562207237992
            ],
            [
              142.00886274129462,
              6.174919455447998
            ],
            [
              142.1997480475292,
              5.957598523675121
            ],
            [
              142.26193644482973,
              5.819560541523082
            ],
            [
              141.89835389210143,
              5.642168877173056
            ],
            [
              141.8064688554784,
              5.570049989271515
            ],
            [
              141.74416780372093,
              5.844422103593007
            ],
            [
              141.41570491318757,
              5.803528560794971
            ],
            [
              141.76840751914258,
              5.868282523231105
            ],
            [
              141.63710471140863,
              6.077917560009872
            ],
            [
              141.8549700122362,
              6.162562207237992
            ]
          ]
        ]
      },
      "id": "abbac7c2-b6a4-4c8b-bacf-7aa67ece157a"
    }
  ],
  "bbox": [
    137.4263498883279,
    5.570049989271515,
    150.21464772745927,
    12.773348765499438
  ]
}
