{
  "type": "FeatureCollection",
  "features": [
    {
      "type": "Feature",
      "properties": {
        "id": "69835dad-6e6b-4821-a62c-b13036792ec5",
        "name": "sketch447-0"
      },
      "geometry": {
        "type": "Polygon",
        "coordinates": [
          [
            [
              160.9760692409512,
              7.2631925253725855
            ],
            [
              161.0396078299762,
              7.159428805937259
            ],
            [
              160.88051371464417,
              6.986179020576754
            ],
            [
              160.86002574724355,
              6.877701419177601
            ],
            [
              160.7510582081274,
              6.776249283315108
            ],
            [
              160.61750289561144,
              6.770915107555115
            ],
            [
              160.5942714557082,
              7.064338673864572
            ],
            [
              160.47173013513085,
              7.221556361546646
            ],
            [
              160.712221450352,
              7.210254435259448
            ],
            [
              160.72219989945856,
              7.463622626504778
            ],
            [
              160.9760692409512,
              7.2631925253725855
            ]
          ]
        ]
      },
      "id": "69835dad-6e6b-4821-a62c-b13036792ec5"
    },
    {
      "type": "Feature",
      "properties": {
        "id": "fa26326e-b94b-4421-9901-8d364d767667",
        "name": "sketch447-1"
      },
      "geometry": {
        "type": "Polygon",
        "coordinates": [
          [
            [
              161.18754982878622,
              6.537275494223177
            ],
            [
              161.33629469270323,
              6.637849999915389
            ],
            [
              161.49809450131283,
              6.6703640204239
            ],
            [
              161.167950736365,
              6.415362568957798
            ],
            [
              161.14789814954574,
              6.369760740205873
            ],
            [
              161.03642998690145,
              6.088206429822656
            ],
            [
              161.02173330867595,
              6.263536643406347
            ],
            [
              161.09399735839565,
              6.398241824329445
            ],
            [
              160.9495930800937,
              6.490897330120248
            ],
            [
              161.0751513731307,
              6.438849711890042
            ],
            [
              161.18754982878622,
              6.537275494223177
            ]
          ]
        ]
      },
      "id": "fa26326e-b94b-4421-9901-8d364d767667"
    },
    {
      "type": "Feature",
      "properties": {
        "id": "ec94d588-85c3-4c73-a7c4-6a4c9908aad9",
        "name": "sketch447-2"
      },
      "geometry": {
        "type": "Polygon",
        "coordinates": [
          [
            [
              155.8415195287425,
              8.623386801255743
            ],
            [
              155.79629750482397,
              8.353449397271394
            ],
            [
              156.0414000323465,
              8.214328169954332
            ],
            [
              155.62932814270957,
              8.12133865211104
            ],
            [
              155.5843165939302,
              8.15201718681278
            ],
            [
              155.55684127197748,
              8.278059921051412
            ],
            [
              155.49838720657476,
              8.125352998439244
            ],
            [
              155.22516124446148,
              8.129817941257004
            ],
            [
              155.25882233934078,
              8.34957285753549
            ],
            [
              155.44528380169928,
              8.54905132646233
            ],
            [
              155.8415195287425,
              8.623386801255743
            ]
          ]
        ]
      },
      "id": "ec94d588-85c3-4c73-a7c4-6a4c9908aad9"
    },
    {
      "type": "Feature",
      "properties": {
        "id": "6b659fa9-e4eb-4ffd-9026-a4727334e324",
        "name": "sketch447-3"
      },
      "geometry": {
        "type": "Polygon",
        "coordinates": [
          [
            [
              155.76383472047957,
              0.6168850234430205
            ],
            [
              155.85618790489747,
              0.6753892601718438
            ],
            [
              155.79480898588184,
              0.6070869551051872
            ],
            [
              155.69633117322343,
              0.4661164321201964
            ],
            [
              155.67539419019093,
              0.36517491414447845
            ],
            [
              155.60140116824684,
              -0.01585927976772944
            ],
            [
              155.55261733711356,
              0.14309115527623828
            ],
            [
              155.45384692115857,
              0.02380470890459252
            ],
            [
              155.47523526204395,
              0.4002693941736266
            ],
            [
              155.41653467861352,
              0.5157784086916917
            ],
            [
              155.76383472047957,
              0.6168850234430205
            ]
          ]
        ]
      },
      "id": "6b659fa9-e4eb-4ffd-9026-a4727334e324"
    },
    {
      "type": "Feature",
      "properties": {
        "id": "311db991-2480-4465-8451-cf4ad64fb376",
        "name": "sketch447-4"
      },
      "geometry": {
        "type": "Polygon",
        "coordinates": [
          [
            [
              151.16965003702109,
              11.25280667797535
            ],
            [
              151.17943068590392,
              11.205922980605255
            ],
            [
              151.1494423179188,
              11.183497596361017
            ],
            [
              151.0916248730769,
              10.870791925525312
            ],
            [
              151.04773524940524,
              11.04783676260396
            ],
            [
              150.76593317690285,
              10.984829238248539
            ],
            [
              150.6959549825689,
              11.183241865813205
            ],
            [
              151.0787650635148,
              11.219497991550261
            ],
            [
              150.97398445470213,
              11.422303462608713
            ],
            [
              151.005404775653,
              11.42430941150907
            ],
            [
              151.16965003702109,
              11.25280667797535
            ]
          ]
        ]
      },
      "id": "311db991-2480-4465-8451-cf4ad64fb376"
    },
    {
      "type": "Feature",
      "properties": {
        "id": "2d053258-8c08-499d-9ad0-20948813b247",
        "name": "sketch447-5"
      },
      "geometry": {
        "type": "Polygon",
        "coordinates": [
          [
            [
              165.21033752304402,
              0.757708033075936
            ],
            [
              165.19311463111828,
              0.4739581423783332
            ],
            [
              164.94650712822812,
              0.4047222564086628
            ],
            [
              164.94710241608047,
              0.3617350234025697
            ],
            [
              165.0939024758722,
              0.0854657608129577
            ],
            [
              164.914395804675,
              0.3929768966024787
            ],
            [
              164.84547253209365,
              0.31918406913195596
            ],
            [
              164.75374874624944,
              0.2893075193063376
            ],
            [
              164.71309228569305,
              0.40485279245947725
            ],
            [
              164.580692088794,
              0.5263516237315224
            ],
            [
              165.21033752304402,
              0.757708033075936
            ]
          ]
        ]
      },
      "id": "2d053258-8c08-499d-9ad0-20948813b247"
    },
    {
      "type": "Feature",
      "properties": {
        "id": "e187293d-e25a-4a4f-af4d-bb7050c026ea",
        "name": "sketch447-6"
      },
      "geometry": {
        "type": "Polygon",
        "coordinates": [
          [
            [
              143.71516809383192,
              0.6444302767848371
            ],
            [
              143.76354722070263,
              0.6639306248421124
            ],
            [
              143.49442670530792,
              0.42216055388189005
            ],
            [
              143.4577263109029,
              0.37550647211957955
            ],
            [
              143.54351032654495,
              0.3128975124835827
            ],
            [
              143.7226138830476,
              0.18589507202605998
            ],
            [
              143.49277589952496,
              0.08505771674203938
            ],
            [
              143.34941032715835,
              0.22053942609380578
            ],
            [
              143.07469547264222,
              0.33372832582480755
            ],
            [
              143.11193420955397,
              0.7024150807743162
            ],
            [
              143.71516809383192,
              0.6444302767848371
            ]
          ]
        ]
      },
      "id": "e187293d-e25a-4a4f-af4d-bb7050c026ea"
    }
  ],
  "bbox": [
    143.07469547264222,
    -0.01585927976772944,
    165.21033752304402,
    11.42430941150907
  ]
}
