{
  "type": "FeatureCollection",
  "features": [
    {
      "type": "Feature",
      "properties": {
        "id": "93693333-e3f2-4a4d-9d19-491b6fb9b762",
        "name": "sketch49-0"
      },
      "geometry": {
        "type": "Polygon",
        "coordinates": [
          [
            [
              144.23233888613353,
              1.1545546898770844
            ],
            [
              144.25832528536222,
              1.0360984373800757
            ],
            [
              144.4675166772053,
              0.7576107523831747
            ],
            [
              144.26082405484465,
              0.6006462253530025
            ],
            [
              143.96522967467297,
              0.5564043154267083
            ],
            [
              143.89286708725362,
              0.7798659930591502
            ],
            [
              143.7849159404039,
              0.8582861563360173
            ],
            [
              143.78359940590525,
              0.9677467030357002
            ],
            [
              143.75132250089698,
              1.1061915984558484
            ],
            [
              143.81517324462175,
              1.3450709911426235
            ],
            [
              144.23233888613353,
              1.1545546898770844
            ]
          ]
        ]
      },
      "id": "93693333-e3f2-4a4d-9d19-491b6fb9b762"
    },
    {
      "type": "Feature",
      "properties": {
        "id": "4b222f85-ddf2-403e-ad32-eb275c04484f",
        "name": "sketch49-1"
      },
      "geometry": {
        "type": "Polygon",
        "coordinates": [
          [
            [
              154.7960500287388,
              4.542354792773882
            ],
            [
              154.92371818285898,
              4.3430558363456715
            ],
            [
              154.80630196356483,
              4.094744150256081
            ],
            [
              154.92603490249482,
              3.9702506712319012
            ],
            [
              154.76421425170201,
              4.019727409705678
            ],
            [
              154.64087575098938,
              3.660110044693857
            ],
            [
              154.46092763224107,
              3.9417830835881023
            ],
            [
              154.25193536661843,
              4.263681605254379
            ],
            [
              154.63217785950897,
              4.276397822535203
            ],
            [
              154.66317149215092,
              4.182361528301301
            ],
            [
              154.7960500287388,
              4.542354792773882
            ]
          ]
        ]
      },
      "id": "4b222f85-ddf2-403e-ad32-eb275c04484f"
    },
    {
      "type": "Feature",
      "properties": {
        "id": "f8011538-cf7a-4268-bed5-d34b5f896632",
        "name": "sketch49-2"
      },
      "geometry": {
        "type": "Polygon",
        "coordinates": [
          [
            [
              160.18498720822072,
              1.803278853112512
            ],
            [
              160.27555325206592,
              2.1015396567169047
            ],
            [
              160.3413861895575,
              1.834643808335545
            ],
            [
              160.33525909050047,
              1.673457137173535
            ],
            [
              160.50577663724067,
              1.509088214854183
            ],
            [
              160.17204212605415,
              1.6896184519882422
            ],
            [
              160.13039873557284,
              1.6548438704980555
            ],
            [
              159.95250846285376,
              1.4421616083760291
            ],
            [
              159.924952489685,
              1.6984182552523106
            ],
            [
              160.07768487673462,
              1.8274306406346248
            ],
            [
              160.18498720822072,
              1.803278853112512
            ]
          ]
        ]
      },
      "id": "f8011538-cf7a-4268-bed5-d34b5f896632"
    },
    {
      "type": "Feature",
      "properties": {
        "id": "3db6b6a7-db44-44e7-a4c3-aa74ce29b2c1",
        "name": "sketch49-3"
      },
      "geometry": {
        "type": "Polygon",
        "coordinates": [
          [
            [
              149.55206533005946,
              7.359320430122156
            ],
            [
              149.7251497880039,
              7.367303864189925
            ],
            [
              149.70831575233262,
              7.222586598310058
            ],
            [
              149.6795638748306,
              7.168201206677098
            ],
            [
              149.49281747700934,
              7.062488293919665
            ],
            [
              149.50700437316974,
              7.195206312278787
            ],
            [
              149.24623057994768,
              7.199804009421304
            ],
            [
              149.41882015702205,
              7.336883441041394
            ],
            [
              149.31099391896436,
              7.40727540771924
            ],
            [
              149.50374858910774,
              7.331099592236363
            ],
            [
              149.55206533005946,
              7.359320430122156
            ]
          ]
        ]
      },
      "id": "3db6b6a7-db44-44e7-a4c3-aa74ce29b2c1"
    },
    {
      "type": "Feature",
      "properties": {
        "id": "157bd6a2-7b92-4b63-8d07-6f25bfe93f67",
        "name": "sketch49-4"
      },
      "geometry": {
        "type": "Polygon",
        "coordinates": [
          [
            [
              163.6288132118671,
              11.301218681238234
            ],
            [
              163.49118055019812,
              11.139867499874383
            ],
            [
              163.42966868770398,
              11.15165796334785
            ],
            [
              163.4733745843779,
              11.096055104543431
            ],
            [
              163.38362989586108,
              10.77458903046632
            ],
            [
              163.32730663440478,
              11.014557234017133
            ],
            [
              163.34319439628445,
              11.12598773270104
            ],
            [
              163.32907344381545,
              11.195716634399265
            ],
            [
              163.36372697422078,
              11.362126010864033
            ],
            [
              163.41024469595274,
              11.340872805954199
            ],
            [
              163.6288132118671,
              11.301218681238234
            ]
          ]
        ]
      },
      "id": "157bd6a2-7b92-4b63-8d07-6f25bfe93f67"
    },
    {
      "type": "Feature",
      "properties": {
        "id": "abda5e98-f399-4580-a827-6ee3ae7c2ba2",
        "name": "sketch49-5"
      },
      "geometry": {
        "type": "Polygon",
        "coordinates": [
          [
            [
              138.26726844743922,
              4.5217173207054655
            ],
            [
              138.4516133184287,
              4.530087633562549
            ],
            [
              138.18088955747888,
              4.3189330901743865
            ],
            [
              138.36525022145844,
              4.14177806281485
            ],
            [
              138.15896660073906,
              4.146221116826519
            ],
            [
              137.94288666313878,
              3.9506985763003373
            ],
            [
              137.85084050647714,
              4.095518983445338
            ],
            [
              138.13025700224034,
              4.3155661088545845
            ],
            [
              137.68399271445057,
              4.3391257911870005
            ],
            [
              137.85457058258137,
              4.596358431444199
            ],
            [
              138.26726844743922,
              4.5217173207054655
            ]
          ]
        ]
      },
      "id": "abda5e98-f399-4580-a827-6ee3ae7c2ba2"
    },
    {
      "type": "Feature",
      "properties": {
        "id": "76bce746-67d0-4c13-abe4-30f229673894",
        "name": "sketch49-6"
      },
      "geometry": {
        "type": "Polygon",
        "coordinates": [
          [
            [
              164.7002377033858,
              10.394197204084133
            ],
            [
              164.75508131161953,
              10.712996951133567
            ],
            [
              164.81954254608726,
              10.428390191984734
            ],
            [
              165.07024709630613,
              10.185879418208629
            ],
            [
              164.7461192572984,
              10.197712468042665
            ],
            [
              164.52863234498014,
              10.027704928254185
            ],
            [
              164.39623805710508,
              10.131178135087971
            ],
            [
              164.23151404266048,
              10.361851586342496
            ],
            [
              164.4065702676519,
              10.49625631694509
            ],
            [
              164.59240585146114,
              10.513642744838164
            ],
            [
              164.7002377033858,
              10.394197204084133
            ]
          ]
        ]
      },
      "id": "76bce746-67d0-4c13-abe4-30f229673894"
    },
    {
      "type": "Feature",
      "properties": {
        "id": "e39db706-84a3-4007-a5fb-9a6ebabecee2",
        "name": "sketch49-7"
      },
      "geometry": {
        "type": "Polygon",
        "coordinates": [
          [
            [
              143.5150200820285,
              8.323065699956341
            ],
            [
              143.79449163006487,
              8.18028519394214
            ],
            [
              143.8376977181829,
              8.073641663538467
            ],
            [
              143.7823783065575,
              7.797785725747575
            ],
            [
              143.43649663861115,
              7.990478106728282
            ],
            [
              143.24511274562937,
              7.843727609322918
            ],
            [
              143.23162960490782,
              7.841855955108324
            ],
            [
              142.99849595989593,
              8.01027717482306
            ],
            [
              143.1798209180306,
              8.120037474749726
            ],
            [
              143.23189503715557,
              8.40327380620115
            ],
            [
              143.5150200820285,
              8.323065699956341
            ]
          ]
        ]
      },
      "id": "e39db706-84a3-4007-a5fb-9a6ebabecee2"
    },
    {
      "type": "Feature",
      "properties": {
        "id": "17e79021-a4fb-4c3f-9b43-c0ce99dbb1e2",
        "name": "sketch49-8"
      },
      "geometry": {
        "type": "Polygon",
        "coordinates": [
          [
            [
              137.16532945502638,
              9.129361506715302
            ],
            [
              137.50509364980607,
              9.143937564136616
            ],
            [
              137.31391476849305,
              9.011928164040551
            ],
            [
              137.2549265185228,
              8.99062274499656
            ],
            [
              137.26618706850243,
              8.835738369094868
            ],
            [
              137.20023896075844,
              8.849709726202262
            ],
            [
              137.1334015025908,
              9.042745922735028
            ],
            [
              136.69311487695327,
              8.873113892329538
            ],
            [
              136.84584021625443,
              9.262664876899526
            ],
            [
              137.07985772936684,
              9.430679125823115
            ],
            [
              137.16532945502638,
              9.129361506715302
            ]
          ]
        ]
      },
      "id": "17e79021-a4fb-4c3f-9b43-c0ce99dbb1e2"
    }
  ],
  "bbox": [
    136.69311487695327,
    0.5564043154267083,
    165.07024709630613,
    11.362126010864033
  ]
}
