{
  "type": "FeatureCollection",
  "features": [
    {
      "type": "Feature",
      "properties": {
        "id": "452cff86-4a48-43e9-8852-00ce4c182bf6",
        "name": "sketch98-0"
      },
      "geometry": {
        "type": "Polygon",
        "coordinates": [
          [
            [
              151.5060173364416,
              6.150271335062939
            ],
            [
              151.50845146967535,
              6.131184625407414
            ],
            [
              151.89258066278708,
              5.966190506088406
            ],
            [
              151.71692005175592,
              6.022423328830029
            ],
            [
              151.50440207888082,
              6.125306384742323
            ],
            [
              151.48954103116637,
              5.935053862540143
            ],
            [
              151.48038753293545,
              5.671509632302602
            ],
            [
              151.39408121992471,
              5.968611069572009
            ],
            [
              151.27410042654776,
              5.949439298017879
            ],
            [
              151.22641242161365,
              6.26683152222052
            ],
            [
              151.5060173364416,
              6.150271335062939
            ]
          ]
        ]
      },
      "id": "452cff86-4a48-43e9-8852-00ce4c182bf6"
    },
    {
      "type": "Feature",
      "properties": {
        "id": "d4ab3846-5e66-4852-9306-eb6848986ca6",
        "name": "sketch98-1"
      },
      "geometry": {
        "type": "Polygon",
        "coordinates": [
          [
            [
              162.64619151191215,
              10.181873182929216
            ],
            [
              162.76258927837506,
              9.740360769481184
            ],
            [
              162.63180984177234,
              9.71167794078362
            ],
            [
              162.88386629574185,
              9.461516085306561
            ],
            [
              162.73082023273207,
              9.310830278399047
            ],
            [
              162.61369699408354,
              9.63378256648683
            ],
            [
              162.38557696685916,
              9.612400989575185
            ],
            [
              162.2410617421712,
              9.869997001806357
            ],
            [
              162.3833299252147,
              9.938816337967515
            ],
            [
              162.55304506890928,
              10.170749587072418
            ],
            [
              162.64619151191215,
              10.181873182929216
            ]
          ]
        ]
      },
      "id": "d4ab3846-5e66-4852-9306-eb6848986ca6"
    },
    {
      "type": "Feature",
      "properties": {
        "id": "30d5727f-89ae-4de3-931d-cc03b90136d4",
        "name": "sketch98-2"
      },
      "geometry": {
        "type": "Polygon",
        "coordinates": [
          [
            [
              153.57648248520923,
              2.8597891841791347
            ],
            [
              153.5975252495162,
              2.785840909743965
            ],
            [
              153.67391436185034,
              2.697278297651804
            ],
            [
              153.7860568774035,
              2.529963326527839
            ],
            [
              153.6752195408293,
              2.2382092040419383
            ],
            [
              153.52734429031673,
              2.5396233398031356
            ],
            [
              153.52044354334865,
              2.625746687153673
            ],
            [
              153.4354392701906,
              2.6142081723872557
            ],
            [
              153.1777050736423,
              2.9266050437756874
            ],
            [
              153.51227893693638,
              2.7339932313850057
            ],
            [
              153.57648248520923,
              2.8597891841791347
            ]
          ]
        ]
      },
      "id": "30d5727f-89ae-4de3-931d-cc03b90136d4"
    },
    {
      "type": "Feature",
      "properties": {
        "id": "99547e17-2120-46dd-94c8-99bd1a899e7e",
        "name": "sketch98-3"
      },
      "geometry": {
        "type": "Polygon",
        "coordinates": [
          [
            [
              154.5053412969539,
              1.6075733948312725
            ],
            [
              154.37008419142077,
              1.2213078153073709
            ],
            [
              154.6333491063026,
              1.1472285932797974
            ],
            [
              154.47649667892065,
              1.0600807272048225
            ],
            [
              154.34594193231396,
              0.8873417748645858
            ],
            [
              154.25161262023624,
              1.1153295985850127
            ],
            [
              154.11572610137964,
              1.1850085468773757
            ],
            [
              153.96926682517625,
              1.4142436063241033
            ],
            [
              154.2025994807127,
              1.283908895173487
            ],
            [
              154.27562542053883,
              1.311839604773649
            ],
            [
              154.5053412969539,
              1.6075733948312725
            ]
          ]
        ]
      },
      "id": "99547e17-2120-46dd-94c8-99bd1a899e7e"
    },
    {
      "type": "Feature",
      "properties": {
        "id": "37575d64-c192-411c-b4f9-14d7710750c4",
        "name": "sketch98-4"
      },
      "geometry": {
        "type": "Polygon",
        "coordinates": [
          [
            [
              143.37276013519957,
              8.643398829442507
            ],
            [
              143.66850176121002,
              8.577678673262538
            ],
            [
              143.53089973413572,
              8.34043220775995
            ],
            [
              143.44871536602474,
              8.217264242729438
            ],
            [
              143.25977415557708,
              8.229932881006565
            ],
            [
              143.2006710152328,
              8.528726178924654
            ],
            [
              142.88581178644466,
              8.385498347001954
            ],
            [
              143.285912982467,
              8.597920117986488
            ],
            [
              143.10102723014285,
              8.78101063081114
            ],
            [
              143.201674970732,
              8.930046407147383
            ],
            [
              143.37276013519957,
              8.643398829442507
            ]
          ]
        ]
      },
      "id": "37575d64-c192-411c-b4f9-14d7710750c4"
    },
    {
      "type": "Feature",
      "properties": {
        "id": "0f3fdbf1-4a58-4d6a-8c3a-cc2bf0abf0b7",
        "name": "sketch98-5"
      },
      "geometry": {
        "type": "Polygon",
        "coordinates": [
          [
            [
              136.40941711646232,
              1.7682728747635914
            ],
            [
              136.49243813200084,
              1.8370987801371823
            ],
            [
              136.43701729867252,
              1.66818003034749
            ],
            [
              136.61755307267174,
              1.3652096681581858
            ],
            [
              136.23974367118535,
              1.3573143492442945
            ],
            [
              136.16568774523213,
              1.5212824474423616
            ],
            [
              136.1784093761354,
              1.629873647537198
            ],
            [
              136.27790076371198,
              1.7019780200097019
            ],
            [
              136.28228699639007,
              1.769304167034792
            ],
            [
              136.33918116910704,
              1.6831140383232888
            ],
            [
              136.40941711646232,
              1.7682728747635914
            ]
          ]
        ]
      },
      "id": "0f3fdbf1-4a58-4d6a-8c3a-cc2bf0abf0b7"
    },
    {
      "type": "Feature",
      "properties": {
        "id": "a6ea4259-1e01-4727-8587-17a258b744ce",
        "name": "sketch98-6"
      },
      "geometry": {
        "type": "Polygon",
        "coordinates": [
          [
            [
              157.64292809063056,
              3.1116392877375527
            ],
            [
              157.9019689468573,
              2.971789206353851
            ],
            [
              157.8706205410442,
              2.784424189323554
            ],
            [
              157.70129229173918,
              2.7759708860724785
            ],
            [
              157.67641427649068,
              2.707848992564558
            ],
            [
              157.36664759870496,
              2.4837196369550125
            ],
            [
              157.2844733972411,
              2.528874610793251
            ],
            [
              157.441337307337,
              2.800604297590819
            ],
            [
              157.44084803030307,
              2.8894759442901994
            ],
            [
              157.46098148263187,
              3.047343793954795
            ],
            [
              157.64292809063056,
              3.1116392877375527
            ]
          ]
        ]
      },
      "id": "a6ea4259-1e01-4727-8587-17a258b744ce"
    },
    {
      "type": "Feature",
      "properties": {
        "id": "3bf5858d-f00d-4c46-8471-d5fa84564912",
        "name": "sketch98-7"
      },
      "geometry": {
        "type": "Polygon",
        "coordinates": [
          [
            [
              152.03982858343332,
              4.888654672203044
            ],
            [
              152.0674291689468,
              4.752871281837219
            ],
            [
              151.93501303501537,
              4.61976048723464
            ],
            [
              152.31473479575888,
              4.4495840626259655
            ],
            [
              151.93850143297536,
              4.459182279805181
            ],
            [
              151.9588931351544,
              4.403261027904497
            ],
            [
              151.62974340125103,
              4.24872871423329
            ],
            [
              151.5947882415311,
              4.497197149193451
            ],
            [
              151.74199122360582,
              4.6846759341751705
            ],
            [
              151.82671570316595,
              4.5673432221410515
            ],
            [
              152.03982858343332,
              4.888654672203044
            ]
          ]
        ]
      },
      "id": "3bf5858d-f00d-4c46-8471-d5fa84564912"
    }
  ],
  "bbox": [
    136.16568774523213,
    0.8873417748645858,
    162.88386629574185,
    10.181873182929216
  ]
}
