{
  "type": "FeatureCollection",
  "features": [
    {
      "type": "Feature",
      "properties": {
        "id": "4abedc30-80f0-4ef1-852b-66da44c7a8c1",
        "name": "sketch305-0"
      },
      "geometry": {
        "type": "Polygon",
        "coordinates": [
          [
            [
              161.02736012195413,
              -0.7529318244856792
            ],
            [
              161.2850159231581,
              -0.6410901924325808
            ],
            [
              160.9145771356751,
              -0.8308676689040958
            ],
            [
              160.88371118091467,
              -0.8724884788970729
            ],
            [
              160.8345656995016,
              -1.0252052064360246
            ],
            [
              160.76247624804654,
              -1.0242999339753038
            ],
            [
              160.5586657214856,
              -0.94231228948827
            ],
            [
              160.7461870612287,
              -0.6892342199755304
            ],
            [
              160.81082797887308,
              -0.6880261377096278
            ],
            [
              160.78877723316515,
              -0.6380015262020322
            ],
            [
              161.02736012195413,
              -0.7529318244856792
            ]
          ]
        ]
      },
      "id": "4abedc30-80f0-4ef1-852b-66da44c7a8c1"
    },
    {
      "type": "Feature",
      "properties": {
        "id": "bdaed582-529c-4001-a2f0-d35b19aa9435",
        "name": "sketch305-1"
      },
      "geometry": {
        "type": "Polygon",
        "coordinates": [
          [
            [
              148.8196781602563,
              6.718761061703257
            ],
            [
              148.81015889116236,
              6.633728086516178
            ],
            [
              148.85355323157765,
              6.427158535257476
            ],
            [
              148.79812750151578,
              6.121477903034778
            ],
            [
              148.32627139856004,
              6.228341316307072
            ],
            [
              148.56644719326238,
              6.392424548965158
            ],
            [
              148.42243187319343,
              6.358607287970055
            ],
            [
              148.48133124744948,
              6.448406189432974
            ],
            [
              148.3524974831828,
              6.500953012797911
            ],
            [
              148.4458871595589,
              6.619488616486466
            ],
            [
              148.8196781602563,
              6.718761061703257
            ]
          ]
        ]
      },
      "id": "bdaed582-529c-4001-a2f0-d35b19aa9435"
    },
    {
      "type": "Feature",
      "properties": {
        "id": "4d24ac63-6a4a-4b4b-b0c0-e9f3fc02dfa2",
        "name": "sketch305-2"
      },
      "geometry": {
        "type": "Polygon",
        "coordinates": [
          [
            [
              161.74814557805965,
              7.161474618857805
            ],
            [
              161.75081693344862,
              6.874451061756708
            ],
            [
              161.86855087821434,
              6.881651586062405
            ],
            [
              161.83317461930991,
              6.759830744329214
            ],
            [
              161.8114703289111,
              6.56477046168689
            ],
            [
              161.63767564394692,
              6.633250053498219
            ],
            [
              161.28537165888366,
              6.486749712478362
            ],
            [
              161.22985776682327,
              6.805856775696463
            ],
            [
              161.47669916861142,
              6.888503660311083
            ],
            [
              161.32276664162129,
              7.1603078286138535
            ],
            [
              161.74814557805965,
              7.161474618857805
            ]
          ]
        ]
      },
      "id": "4d24ac63-6a4a-4b4b-b0c0-e9f3fc02dfa2"
    },
    {
      "type": "Feature",
      "properties": {
        "id": "0673cc57-683a-45f9-a3ea-c1abbc5fe4d2",
        "name": "sketch305-3"
      },
      "geometry": {
        "type": "Polygon",
        "coordinates": [
          [
            [
              151.9018019684698,
              13.569677621218455
            ],
            [
              152.08344700979134,
              13.514571785027213
            ],
            [
              152.25115697601254,
              13.350064357552267
            ],
            [
              152.19254127582337,
              13.256107185707377
            ],
            [
              152.27060271849214,
              12.918043910901053
            ],
            [
              151.88217563968593,
              12.963372220351308
            ],
            [
              151.82061707538116,
              13.056267974678665
            ],
            [
              151.75425218508272,
              13.176660199748513
            ],
            [
              151.77209722106988,
              13.365893838840105
            ],
            [
              151.8471771518827,
              13.509978463872562
            ],
            [
              151.9018019684698,
              13.569677621218455
            ]
          ]
        ]
      },
      "id": "0673cc57-683a-45f9-a3ea-c1abbc5fe4d2"
    },
    {
      "type": "Feature",
      "properties": {
        "id": "3a8aa381-88d4-4343-b8e7-c271fc9364fd",
        "name": "sketch305-4"
      },
      "geometry": {
        "type": "Polygon",
        "coordinates": [
          [
            [
              136.52785408788867,
              10.100150398232557
            ],
            [
              136.3706543051285,
              9.803476382649016
            ],
            [
              136.63540762486986,
              9.825676688076364
            ],
            [
              136.78451512521062,
              9.601210090039412
            ],
            [
              136.5481594835496,
              9.523249114063326
            ],
            [
              136.377503222784,
              9.703617404645817
            ],
            [
              136.32601918536776,
              9.748367256290427
            ],
            [
              135.9176805586806,
              9.690012618820104
            ],
            [
              136.23150698011338,
              9.789220083279343
            ],
            [
              136.2657254972629,
              9.843375840311916
            ],
            [
              136.52785408788867,
              10.100150398232557
            ]
          ]
        ]
      },
      "id": "3a8aa381-88d4-4343-b8e7-c271fc9364fd"
    }
  ],
  "bbox": [
    135.9176805586806,
    -1.0252052064360246,
    161.86855087821434,
    13.569677621218455
  ]
}
