{
  "type": "FeatureCollection",
  "features": [
    {
      "type": "Feature",
      "properties": {
        "id": "b127f9e0-5e82-48ec-815d-24e69ecc429c",
        "name": "sketch367-0"
      },
      "geometry": {
        "type": "Polygon",
        "coordinates": [
          [
            [
              140.19931018267064,
              -0.6320962225692237
            ],
            [
              140.1770213973494,
              -0.7297194453836413
            ],
            [
              140.3854815180149,
              -0.8557550588235996
            ],
            [
              140.2523647033333,
              -1.1404439571116516
            ],
            [
              140.15600523173734,
              -0.7511846613602291
            ],
            [
              139.9086620274276,
              -1.0553762831430002
            ],
            [
              139.69384994391436,
              -0.8681369493901985
            ],
            [
              139.94222622354025,
              -0.672880365876297
            ],
            [
              139.9041082018574,
              -0.5102797980693787
            ],
            [
              139.96492626390767,
              -0.29442758496090804
            ],
            [
              140.19931018267064,
              -0.6320962225692237
            ]
          ]
        ]
      },
      "id": "b127f9e0-5e82-48ec-815d-24e69ecc429c"
    },
    {
      "type": "Feature",
      "properties": {
        "id": "07262906-e562-429b-a38a-05fdfe4deeaf",
        "name": "sketch367-1"
      },
      "geometry": {
        "type": "Polygon",
        "coordinates": [
          [
            [
              162.85181688901528,
              0.0975074405052557
            ],
            [
              162.9214214349204,
              0.021202959941236887
            ],
            [
              163.06773191941872,
              0.0030363915715094503
            ],
            [
              162.69923336319408,
              -0.15069760149590714
            ],
            [
              162.7095502909378,
              -0.2012907013049283
            ],
            [
              162.65281903905586,
              -0.5209831531188875
            ],
            [
              162.4500712207259,
              -0.34155011634244775
            ],
            [
              162.25926486177661,
              -0.25580709255455986
            ],
            [
              162.5717234448655,
              -0.07194884575694667
            ],
            [
              162.5434769664962,
              -0.013074837206268758
            ],
            [
              162.85181688901528,
              0.0975074405052557
            ]
          ]
        ]
      },
      "id": "07262906-e562-429b-a38a-05fdfe4deeaf"
    },
    {
      "type": "Feature",
      "properties": {
        "id": "a8818306-fa32-4c25-ac0a-af39e9879267",
        "name": "sketch367-2"
      },
      "geometry": {
        "type": "Polygon",
        "coordinates": [
          [
            [
              147.0513413497938,
              11.27314525226219
            ],
            [
              147.32802490290683,
              11.327843389745754
            ],
            [
              147.47592543608474,
              11.303341789589217
            ],
            [
              147.1838807185253,
              11.101694048422388
            ],
            [
              147.38231167867508,
              11.002461112520331
            ],
            [
              147.03771498594605,
              11.076709393760177
            ],
            [
              146.91928202749077,
              11.010268189895887
            ],
            [
              146.75527845758052,
              11.146078771257791
            ],
            [
              147.0121411115555,
              11.131540816155436
            ],
            [
              146.87311777069635,
              11.426645008512876
            ],
            [
              147.0513413497938,
              11.27314525226219
            ]
          ]
        ]
      },
      "id": "a8818306-fa32-4c25-ac0a-af39e9879267"
    },
    {
      "type": "Feature",
      "properties": {
        "id": "2d94475d-9876-4d58-b36f-9c332818e80c",
        "name": "sketch367-3"
      },
      "geometry": {
        "type": "Polygon",
        "coordinates": [
          [
            [
              137.63288456325492,
              6.798652266603111
            ],
            [
              137.73855512806236,
              6.709297310254418
            ],
            [
              137.5510551648727,
              6.610930612193303
            ],
            [
              137.76553398210615,
              6.521960889420609
            ],
            [
              137.65803047895716,
              6.404991567314004
            ],
            [
              137.4650146184828,
              6.627869234723588
            ],
            [
              137.30510920983758,
              6.424498636194152
            ],
            [
              137.22342446647775,
              6.569486713413259
            ],
            [
              137.37199575883352,
              6.7013411042376
            ],
            [
              137.43577008534845,
              6.73466614934757
            ],
            [
              137.63288456325492,
              6.798652266603111
            ]
          ]
        ]
      },
      "id": "2d94475d-9876-4d58-b36f-9c332818e80c"
    },
    {
      "type": "Feature",
      "properties": {
        "id": "672d20b9-b398-42fc-89e9-4c5d53b8b014",
        "name": "sketch367-4"
      },
      "geometry": {
        "type": "Polygon",
        "coordinates": [
          [
            [
              137.3459195189277,
              3.1654604577361525
            ],
            [
              137.51432655616952,
              3.1927149419502454
            ],
            [
              137.41629641128225,
              2.9853965162652747
            ],
            [
              137.51598990154224,
              2.841786220094855
            ],
            [
              137.49933259184937,
              2.8386105283617544
            ],
            [
              137.4612751670778,
              2.5305478730108324
            ],
            [
              137.18638453257023,
              2.4168166795273858
            ],
            [
              137.29012872711,
              2.8078498515302286
            ],
            [
              137.22797766824607,
              2.8366590997908854
            ],
            [
              137.30438387358595,
              2.816900271166464
            ],
            [
              137.3459195189277,
              3.1654604577361525
            ]
          ]
        ]
      },
      "id": "672d20b9-b398-42fc-89e9-4c5d53b8b014"
    },
    {
      "type": "Feature",
      "properties": {
        "id": "cd8fd8f2-0ce2-44bc-840b-05f88af086b7",
        "name": "sketch367-5"
      },
      "geometry": {
        "type": "Polygon",
        "coordinates": [
          [
            [
              156.79527792159493,
              3.1537543022081844
            ],
            [
              156.6678876968904,
              2.9191808906239527
            ],
            [
              156.66144141837194,
              2.9190081471430305
            ],
            [
              156.58907563623248,
              2.918321136471912
            ],
            [
              156.53386683254917,
              2.5867353524556047
            ],
            [
              156.525589693334,
              2.9528127466555416
            ],
            [
              156.55261857679164,
              3.0650841789536987
            ],
            [
              156.33107862317337,
              2.9913244995680413
            ],
            [
              156.44083976980758,
              3.057206074087391
            ],
            [
              156.27769951033463,
              3.2575388263604994
            ],
            [
              156.79527792159493,
              3.1537543022081844
            ]
          ]
        ]
      },
      "id": "cd8fd8f2-0ce2-44bc-840b-05f88af086b7"
    },
    {
      "type": "Feature",
      "properties": {
        "id": "c878952a-a356-4a3c-9aef-425032126b7a",
        "name": "sketch367-6"
      },
      "geometry": {
        "type": "Polygon",
        "coordinates": [
          [
            [
              146.6490464556414,
              1.062367949901285
            ],
            [
              146.69406686596048,
              0.5891198910158425
            ],
            [
              146.6392541619859,
              0.44962296940701113
            ],
            [
              146.71707518576414,
              0.16352224258360365
            ],
            [
              146.48434866805786,
              0.4740029591580691
            ],
            [
              146.46333040467104,
              0.4801562357428233
            ],
            [
              146.21788950686624,
              0.4613795932138707
            ],
            [
              146.50290290697868,
              0.579299402790078
            ],
            [
              146.1300959392387,
              0.7572367490056481
            ],
            [
              146.30004085327886,
              0.7725199278790331
            ],
            [
              146.6490464556414,
              1.062367949901285
            ]
          ]
        ]
      },
      "id": "c878952a-a356-4a3c-9aef-425032126b7a"
    }
  ],
  "bbox": [
    137.18638453257023,
    -1.1404439571116516,
    163.06773191941872,
    11.426645008512876
  ]
}
