{
  "type": "FeatureCollection",
  "features": [
    {
      "type": "Feature",
      "properties": {
        "id": "6d8e8cf6-272c-43a8-b266-dc009ab9cc7f",
        "name": "sketch192-0"
      },
      "geometry": {
        "type": "Polygon",
        "coordinates": [
          [
            [
              146.76125325089376,
              2.860093004400909
            ],
            [
              146.77687666926133,
              2.928923438295958
            ],
            [
              146.75277617563123,
              2.7344646444291385
            ],
            [
              147.01179257395344,
              2.794871103929316
            ],
            [
              146.76583093218153,
              2.694226436069374
            ],
            [
              146.89818921932292,
              2.3301169741466006
            ],
            [
              146.81434171153842,
              2.2686142348194958
            ],
            [
              146.71730876421415,
              2.6959221289730464
            ],
            [
              146.4189100379774,
              2.8964992120093767
            ],
            [
              146.7260339413539,
              2.704385826791734
            ],
            [
              146.76125325089376,
              2.860093004400909
            ]
          ]
        ]
      },
      "id": "6d8e8cf6-272c-43a8-b266-dc009ab9cc7f"
    },
    {
      "type": "Feature",
      "properties": {
        "id": "fb15ba58-2d37-4539-903d-9800921c25de",
        "name": "sketch192-1"
      },
      "geometry": {
        "type": "Polygon",
        "coordinates": [
          [
            [
              146.62396998356184,
              6.428524232543774
            ],
            [
              146.67218235426444,
              6.01000281729755
            ],
            [
              146.2695320287447,
              6.101191311680726
            ],
            [
              146.50434102918817,
              5.738011796958114
            ],
            [
              146.41735661989338,
              5.859865271884962
            ],
            [
              146.19546683135394,
              5.807639419494011
            ],
            [
              146.11143457079507,
              6.005731329483992
            ],
            [
              146.23315285273674,
              6.113632066419934
            ],
            [
              145.9818310077157,
              6.312745008801365
            ],
            [
              146.2255034142953,
              6.295649443531696
            ],
            [
              146.62396998356184,
              6.428524232543774
            ]
          ]
        ]
      },
      "id": "fb15ba58-2d37-4539-903d-9800921c25de"
    }
  ],
  "bbox": [
    145.9818310077157,
    2.2686142348194958,
    147.01179257395344,
    6.428524232543774
  ]
}
