{
  "type": "FeatureCollection",
  "features": [
    {
      "type": "Feature",
      "properties": {
        "id": "547420fb-f1f0-4c9a-b36c-0866b2f84c92",
        "name": "sketch242-0"
      },
      "geometry": {
        "type": "Polygon",
        "coordinates": [
          [
            [
              136.05449279507994,
              5.072720456462907
            ],
            [
              136.28660000477134,
              4.994811789325848
            ],
            [
              136.02683535962683,
              4.932607989922097
            ],
            [
              135.8652121303447,
              4.901192666039258
            ],
            [
              135.9246229127438,
              4.777496570931801
            ],
            [
              135.8512637640142,
              4.733488804975749
            ],
            [
              135.6465029556045,
              4.581689909695857
            ],
            [
              135.63625372216487,
              4.806859889955452
            ],
            [
              135.60132163290228,
              5.099056230757937
            ],
            [
              135.61463863030866,
              5.241350883589511
            ],
            [
              136.05449279507994,
              5.072720456462907
            ]
          ]
        ]
      },
      "id": "547420fb-f1f0-4c9a-b36c-0866b2f84c92"
    },
    {
      "type": "Feature",
      "properties": {
        "id": "7748cd85-231e-41f7-a1c0-f9a146b6d5ac",
        "name": "sketch242-1"
      },
      "geometry": {
        "type": "Polygon",
        "coordinates": [
          [
            [
              137.51267386373138,
              3.3564979494217977
            ],
            [
              137.74390112324159,
              3.209121762472149
            ],
            [
              137.581078494203,
              3.042620137533849
            ],
            [
              137.5339543793667,
              2.777841516996536
            ],
            [
              137.28234825228964,
              3.0330654353939877
            ],
            [
              136.88578133857098,
              3.0085553223584878
            ],
            [
              136.99871103201409,
              3.3121960552191707
            ],
            [
              137.10491326714433,
              3.276090566928243
            ],
            [
              136.99426866385994,
              3.3877111935552433
            ],
            [
              137.2048931071774,
              3.589376715204041
            ],
            [
              137.51267386373138,
              3.3564979494217977
            ]
          ]
        ]
      },
      "id": "7748cd85-231e-41f7-a1c0-f9a146b6d5ac"
    }
  ],
  "bbox": [
    135.60132163290228,
    2.777841516996536,
    137.74390112324159,
    5.241350883589511
  ]
}
