{
  "type": "FeatureCollection",
  "features": [
    {
      "type": "Feature",
      "properties": {
        "id": "d46cf3fe-2900-4633-bab6-d896aed6b02e",
        "name": "sketch6-0"
      },
      "geometry": {
        "type": "Polygon",
        "coordinates": [
          [
            [
              158.97719396444597,
              5.357205885241571
            ],
            [
              158.91262716448063,
              5.089272719644755
            ],
            [
              158.7754822884693,
              4.779431398950455
            ],
            [
              158.45264909462043,
              4.81479736397839
            ],
            [
              158.66683555520586,
              5.163101445295644
            ],
            [
              158.6705847615293,
              5.178517540604117
            ],
            [
              158.62275964614972,
              5.16451328947087
            ],
            [
              158.36096618928056,
              5.194645468693218
            ],
            [
              158.70666821647174,
              5.215202263482937
            ],
            [
              158.65729133574698,
              5.2791218301247
            ],
            [
              158.97719396444597,
              5.357205885241571
            ]
          ]
        ]
      },
      "id": "d46cf3fe-2900-4633-bab6-d896aed6b02e"
    },
    {
      "type": "Feature",
      "properties": {
        "id": "b5e3adb7-3cdf-4a69-9981-4d9aeb54df70",
        "name": "sketch6-1"
      },
      "geometry": {
        "type": "Polygon",
        "coordinates": [
          [
            [
              137.04375011752472,
              0.5124735176117408
            ],
            [
              136.76506202875444,
              0.16449387164810328
            ],
            [
              136.75410275772157,
              0.13517140529610852
            ],
            [
              136.7527250558218,
              0.10321862686876108
            ],
            [
              136.5087438876465,
              -0.1718895909220718
            ],
            [
              136.335682369125,
              0.04743766706750291
            ],
            [
              136.49825105587706,
              0.10212640846212055
            ],
            [
              136.60823487983748,
              0.18828042203821707
            ],
            [
              136.6346449534004,
              0.6160584871312778
            ],
            [
              136.73356093428077,
              0.22541127825556917
            ],
            [
              137.04375011752472,
              0.5124735176117408
            ]
          ]
        ]
      },
      "id": "b5e3adb7-3cdf-4a69-9981-4d9aeb54df70"
    },
    {
      "type": "Feature",
      "properties": {
        "id": "0d8a0e25-ece9-43ee-a037-9b5517f82fa3",
        "name": "sketch6-2"
      },
      "geometry": {
        "type": "Polygon",
        "coordinates": [
          [
            [
              141.9739938542589,
              11.88146664131819
            ],
            [
              142.2600420488766,
              11.819477467846596
            ],
            [
              142.06410161132916,
              11.65930930301077
            ],
            [
              141.9082516040442,
              11.715239975010892
            ],
            [
              142.0093210348148,
              11.54648319914119
            ],
            [
              141.8493363971015,
              11.578168681720227
            ],
            [
              141.87598774981646,
              11.717081305032767
            ],
            [
              141.53395651609907,
              11.695611221078309
            ],
            [
              141.7846833346307,
              11.816796364718577
            ],
            [
              141.86001571847265,
              12.027733987265151
            ],
            [
              141.9739938542589,
              11.88146664131819
            ]
          ]
        ]
      },
      "id": "0d8a0e25-ece9-43ee-a037-9b5517f82fa3"
    },
    {
      "type": "Feature",
      "properties": {
        "id": "9d6841e5-e6b5-4b13-8baa-3832aece2117",
        "name": "sketch6-3"
      },
      "geometry": {
        "type": "Polygon",
        "coordinates": [
          [
            [
              136.6703485816313,
              5.7566711619566515
            ],
            [
              136.88548312600267,
              5.955933422297284
            ],
            [
              136.8570866700224,
              5.909171488456294
            ],
            [
              136.83697396769543,
              5.525720255932561
            ],
            [
              136.77713396095274,
              5.3740304809214825
            ],
            [
              136.71908164353576,
              5.438245684041985
            ],
            [
              136.64787049358458,
              5.680200499066274
            ],
            [
              136.49403329195525,
              5.644384349982395
            ],
            [
              136.5604603368885,
              5.83039299502044
            ],
            [
              136.47839079196916,
              6.125585535698571
            ],
            [
              136.6703485816313,
              5.7566711619566515
            ]
          ]
        ]
      },
      "id": "9d6841e5-e6b5-4b13-8baa-3832aece2117"
    },
    {
      "type": "Feature",
      "properties": {
        "id": "e39c7667-a900-4cd3-9cc5-f4ad0c3bf4f1",
        "name": "sketch6-4"
      },
      "geometry": {
        "type": "Polygon",
        "coordinates": [
          [
            [
              152.98769593437433,
              9.764126488443157
            ],
            [
              153.07715459874942,
              9.745426114154943
            ],
            [
              153.07356313616287,
              9.676095487783304
            ],
            [
              153.14462762286524,
              9.569394661886838
            ],
            [
              153.09583432411566,
              9.503587006620377
            ],
            [
              152.91588333218328,
              9.560829695539178
            ],
            [
              152.79207690069666,
              9.563009290408909
            ],
            [
              152.81662912563039,
              9.743385587121232
            ],
            [
              152.86782965395102,
              9.916261548382051
            ],
            [
              152.94729702771798,
              9.768180282796115
            ],
            [
              152.98769593437433,
              9.764126488443157
            ]
          ]
        ]
      },
      "id": "e39c7667-a900-4cd3-9cc5-f4ad0c3bf4f1"
    },
    {
      "type": "Feature",
      "properties": {
        "id": "a2b96913-f74c-48d1-b40b-63b4afc249b7",
        "name": "sketch6-5"
      },
      "geometry": {
        "type": "Polygon",
        "coordinates": [
          [
            [
              159.11827787016642,
              1.4436761235637476
            ],
            [
              159.27050841636571,
              1.6705650233242129
            ],
            [
              159.31607382543334,
              1.5791683625371404
            ],
            [
              159.55247522698133,
              1.3459441450687075
            ],
            [
              159.15564482277907,
              1.3602553071856496
            ],
            [
              159.10029811087892,
              1.3435129892237796
            ],
            [
              159.00427125172843,
              1.3762958201467632
            ],
            [
              158.75661161077554,
              1.6171981344649755
            ],
            [
              158.8119804347929,
              1.7143633807509753
            ],
            [
              159.0297786626573,
              1.5391163749805623
            ],
            [
              159.11827787016642,
              1.4436761235637476
            ]
          ]
        ]
      },
      "id": "a2b96913-f74c-48d1-b40b-63b4afc249b7"
    }
  ],
  "bbox": [
    136.335682369125,
    -0.1718895909220718,
    159.55247522698133,
    12.027733987265151
  ]
}
