{
  "type": "FeatureCollection",
  "features": [
    {
      "type": "Feature",
      "properties": {
        "id": "53d38cf8-045f-4ec1-be66-610219c68dab",
        "name": "sketch256-0"
      },
      "geometry": {
        "type": "Polygon",
        "coordinates": [
          [
            [
              135.88644195011733,
              4.52709626352521
            ],
            [
              135.8750259072524,
              4.383364511810636
            ],
            [
              136.08328791000415,
              4.389654402373813
            ],
            [
              135.88612356558082,
              4.3124626530709005
            ],
            [
              135.8692948975996,
              4.320300369342617
            ],
            [
              135.822588393368,
              4.049468194189934
            ],
            [
              135.6245073618002,
              4.0060652513165085
            ],
            [
              135.5649061868571,
              4.281218924795031
            ],
            [
              135.65021797197105,
              4.346240270659887
            ],
            [
              135.41260562301727,
              4.609930016908276
            ],
            [
              135.88644195011733,
              4.52709626352521
            ]
          ]
        ]
      },
      "id": "53d38cf8-045f-4ec1-be66-610219c68dab"
    },
    {
      "type": "Feature",
      "properties": {
        "id": "75d1f376-1bd4-4b87-8ad6-741721034bdd",
        "name": "sketch256-1"
      },
      "geometry": {
        "type": "Polygon",
        "coordinates": [
          [
            [
              140.1789230709494,
              5.711731062915858
            ],
            [
              140.62023074917846,
              5.827019480776882
            ],
            [
              140.3054656234929,
              5.702803597848693
            ],
            [
              140.34413578961687,
              5.6545291941786715
            ],
            [
              140.383458135369,
              5.446643751271431
            ],
            [
              140.08205819270015,
              5.314044920456153
            ],
            [
              140.07130739777188,
              5.441243058545985
            ],
            [
              140.08216113569145,
              5.667049016116404
            ],
            [
              139.87588378123587,
              5.887920492588183
            ],
            [
              140.07707842934713,
              5.911356333689794
            ],
            [
              140.1789230709494,
              5.711731062915858
            ]
          ]
        ]
      },
      "id": "75d1f376-1bd4-4b87-8ad6-741721034bdd"
    },
    {
      "type": "Feature",
      "properties": {
        "id": "bcf34c00-5757-425f-96f1-6959ada8b59a",
        "name": "sketch256-2"
      },
      "geometry": {
        "type": "Polygon",
        "coordinates": [
          [
            [
              148.25022524586936,
              -0.802535614293711
            ],
            [
              148.4425251698453,
              -1.0671197990018109
            ],
            [
              148.23356369113708,
              -1.0893652662288875
            ],
            [
              148.0773868065057,
              -1.0288802356510238
            ],
            [
              147.89045747673117,
              -1.298514367956157
            ],
            [
              148.00486595801905,
              -1.0731286745077213
            ],
            [
              147.66131180135153,
              -1.1123364672143314
            ],
            [
              148.03695331008538,
              -0.9683746123202702
            ],
            [
              147.9647768401104,
              -0.803311006417034
            ],
            [
              148.0337761824779,
              -0.8146336373107393
            ],
            [
              148.25022524586936,
              -0.802535614293711
            ]
          ]
        ]
      },
      "id": "bcf34c00-5757-425f-96f1-6959ada8b59a"
    },
    {
      "type": "Feature",
      "properties": {
        "id": "1a9c4b9d-87aa-4d7d-bf5a-e524d33b0c13",
        "name": "sketch256-3"
      },
      "geometry": {
        "type": "Polygon",
        "coordinates": [
          [
            [
              164.280639221314,
              7.079434869951681
            ],
            [
              164.2073766323177,
              6.981793499569559
            ],
            [
              164.21205036075568,
              6.974023110121977
            ],
            [
              164.4526466459114,
              6.781038469017008
            ],
            [
              164.3079849632864,
              6.752292589767597
            ],
            [
              164.07118542711507,
              6.851185919797143
            ],
            [
              163.78177902474468,
              6.6974047288588645
            ],
            [
              163.8949344976765,
              6.859605301324113
            ],
            [
              163.68883067717596,
              6.901955524335296
            ],
            [
              163.73324235488744,
              7.306345105522657
            ],
            [
              164.280639221314,
              7.079434869951681
            ]
          ]
        ]
      },
      "id": "1a9c4b9d-87aa-4d7d-bf5a-e524d33b0c13"
    },
    {
      "type": "Feature",
      "properties": {
        "id": "22424edd-b59c-4d8c-845f-adfd9de69563",
        "name": "sketch256-4"
      },
      "geometry": {
        "type": "Polygon",
        "coordinates": [
          [
            [
              157.44842891667656,
              -0.7587876200961057
            ],
            [
              157.54447827432952,
              -0.7609114681710661
            ],
            [
              157.53143205909763,
              -0.7940909200163108
            ],
            [
              157.58096716640884,
              -1.1123370436463684
            ],
            [
              157.3763019708915,
              -1.2289198489587552
            ],
            [
              157.22833466575213,
              -1.0608584309235403
            ],
            [
              157.32477135911296,
              -0.8258481187224074
            ],
            [
              157.2898244414798,
              -0.7219356428174607
            ],
            [
              157.214697760673,
              -0.6386127259269511
            ],
            [
              157.29254738198853,
              -0.6325351123744583
            ],
            [
              157.44842891667656,
              -0.7587876200961057
            ]
          ]
        ]
      },
      "id": "22424edd-b59c-4d8c-845f-adfd9de69563"
    },
    {
      "type": "Feature",
      "properties": {
        "id": "aabd5592-38f7-4267-a30b-f1107cc1fc2d",
        "name": "sketch256-5"
      },
      "geometry": {
        "type": "Polygon",
        "coordinates": [
          [
            [
              162.72429566908863,
              1.986476673043929
            ],
            [
              162.8281118585843,
              1.7218533665173072
            ],
            [
              163.0490063177155,
              1.7055012869474613
            ],
            [
              163.1637082329191,
              1.4438281061063418
            ],
            [
              162.90614753121963,
              1.3331898737018977
            ],
            [
              162.71198773159915,
              1.5051924627787299
            ],
            [
              162.60054244750486,
              1.3803113428011617
            ],
            [
              162.61340123933144,
              1.5138118443534778
            ],
            [
              162.2323230649687,
              1.7345342773808847
            ],
            [
              162.44750340306345,
              1.9436618529178062
            ],
            [
              162.72429566908863,
              1.986476673043929
            ]
          ]
        ]
      },
      "id": "aabd5592-38f7-4267-a30b-f1107cc1fc2d"
    }
  ],
  "bbox": [
    135.41260562301727,
    -1.298514367956157,
    164.4526466459114,
    7.306345105522657
  ]
}
