{
  "type": "FeatureCollection",
  "features": [
    {
      "type": "Feature",
      "properties": {
        "id": "b54aff8b-9a4e-473f-9639-599dbdfc9352",
        "name": "sketch232-0"
      },
      "geometry": {
        "type": "Polygon",
        "coordinates": [
          [
            [
              153.76605253574246,
              3.5690817919822355
            ],
            [
              153.98428095486915,
              3.73942392767487
            ],
            [
              153.7456460954044,
              3.5235271122495533
            ],
            [
              153.79329258004492,
              3.4132314875969545
            ],
            [
              153.73823887266556,
              3.5156239214338614
            ],
            [
              153.53822042005908,
              3.191841831669665
            ],
            [
              153.7387388155805,
              3.5243492056838406
            ],
            [
              153.5868440647083,
              3.5167860082174895
            ],
            [
              153.73439779787407,
              3.5250072610714414
            ],
            [
              153.67953953203954,
              3.5558855031142995
            ],
            [
              153.76605253574246,
              3.5690817919822355
            ]
          ]
        ]
      },
      "id": "b54aff8b-9a4e-473f-9639-599dbdfc9352"
    },
    {
      "type": "Feature",
      "properties": {
        "id": "d99b5c62-d334-4e4d-b72e-bf824e448649",
        "name": "sketch232-1"
      },
      "geometry": {
        "type": "Polygon",
        "coordinates": [
          [
            [
              139.68859071105152,
              5.886670795246304
            ],
            [
              139.73910162154425,
              5.89220810137852
            ],
            [
              139.78562895831573,
              5.919722997831046
            ],
            [
              139.8818574964175,
              5.78518834250962
            ],
            [
              139.68432899414964,
              5.767522172418484
            ],
            [
              139.65181968521648,
              5.7822141972032695
            ],
            [
              139.62639769909745,
              5.674040340511095
            ],
            [
              139.43968497533226,
              5.706190245008481
            ],
            [
              139.29705842675654,
              5.9258212776634895
            ],
            [
              139.54951672451585,
              6.086199220725528
            ],
            [
              139.68859071105152,
              5.886670795246304
            ]
          ]
        ]
      },
      "id": "d99b5c62-d334-4e4d-b72e-bf824e448649"
    }
  ],
  "bbox": [
    139.29705842675654,
    3.191841831669665,
    153.98428095486915,
    6.086199220725528
  ]
}
