{
  "type": "FeatureCollection",
  "features": [
    {
      "type": "Feature",
      "properties": {
        "id": "0dbab47e-a82c-4c3f-a228-691190cb3f6c",
        "name": "sketch457-0"
      },
      "geometry": {
        "type": "Polygon",
        "coordinates": [
          [
            [
              146.92774203167625,
              5.206580169150552
            ],
            [
              146.9602790026874,
              4.957797025520115
            ],
            [
              147.17799406384634,
              5.189403182888552
            ],
            [
              147.2342184071245,
              4.749197266559687
            ],
            [
              146.93029409217252,
              4.646984540186245
            ],
            [
              146.86506160333266,
              4.701944721766975
            ],
            [
              146.74287007114984,
              4.532928221635935
            ],
            [
              146.7041440186912,
              4.503156569462602
            ],
            [
              146.42457224541056,
              4.913066614991392
            ],
            [
              146.60347547600966,
              5.035914827677446
            ],
            [
              146.92774203167625,
              5.206580169150552
            ]
          ]
        ]
      },
      "id": "0dbab47e-a82c-4c3f-a228-691190cb3f6c"
    },
    {
      "type": "Feature",
      "properties": {
        "id": "95ec4040-f49b-4dee-96d8-79521f4aecdd",
        "name": "sketch457-1"
      },
      "geometry": {
        "type": "Polygon",
        "coordinates": [
          [
            [
              142.37741106503222,
              4.489163080039209
            ],
            [
              142.39525387412894,
              4.188756889735846
            ],
            [
              142.792857146512,
              4.175889556061303
            ],
            [
              142.658950062876,
              4.018043825756514
            ],
            [
              142.45954658680319,
              3.903992747945306
            ],
            [
              142.37284510963698,
              4.169439565454969
            ],
            [
              142.34147826289146,
              4.161042308419286
            ],
            [
              141.88132726485924,
              4.213779939182522
            ],
            [
              142.21870287652206,
              4.193378183531891
            ],
            [
              142.16128875278525,
              4.464006432164188
            ],
            [
              142.37741106503222,
              4.489163080039209
            ]
          ]
        ]
      },
      "id": "95ec4040-f49b-4dee-96d8-79521f4aecdd"
    },
    {
      "type": "Feature",
      "properties": {
        "id": "4283538d-4612-4c4e-86c3-6a3a3007392a",
        "name": "sketch457-2"
      },
      "geometry": {
        "type": "Polygon",
        "coordinates": [
          [
            [
              164.2100624850994,
              4.4535316627018355
            ],
            [
              164.17203067006096,
              4.3124518014101705
            ],
            [
              164.3691801625071,
              4.1185867418569275
            ],
            [
              164.01981245038203,
              4.208951773078186
            ],
            [
              164.18952878912944,
              4.011315753274021
            ],
            [
              164.02265118013327,
              4.081624995002049
            ],
            [
              163.9852964328548,
              4.137532794546512
            ],
            [
              163.94567366388253,
              4.178093149185515
            ],
            [
              163.59301537070485,
              4.286880995199954
            ],
            [
              163.9978900526219,
              4.407013984779773
            ],
            [
              164.2100624850994,
              4.4535316627018355
            ]
          ]
        ]
      },
      "id": "4283538d-4612-4c4e-86c3-6a3a3007392a"
    },
    {
      "type": "Feature",
      "properties": {
        "id": "57dfe1fd-4e89-4f3c-9762-aa6171f885c5",
        "name": "sketch457-3"
      },
      "geometry": {
        "type": "Polygon",
        "coordinates": [
          [
            [
              158.76218427684498,
              6.859874185817057
            ],
            [
              158.86466629013296,
              6.486530219782883
            ],
            [
              158.68502285862763,
              6.585040252670231
            ],
            [
              158.51919875776682,
              6.329421592766303
            ],
            [
              158.49308830639603,
              6.320867506002988
            ],
            [
              158.18646797364522,
              6.465198359350494
            ],
            [
              158.18681411774617,
              6.5719237349937565
            ],
            [
              158.26885356974597,
              6.619256547467918
            ],
            [
              158.25017523261027,
              7.050834789953929
            ],
            [
              158.3420071405444,
              7.06663870614158
            ],
            [
              158.76218427684498,
              6.859874185817057
            ]
          ]
        ]
      },
      "id": "57dfe1fd-4e89-4f3c-9762-aa6171f885c5"
    },
    {
      "type": "Feature",
      "properties": {
        "id": "dd9a5cde-6230-43bf-8c08-663025498587",
        "name": "sketch457-4"
      },
      "geometry": {
        "type": "Polygon",
        "coordinates": [
          [
            [
              164.90515841161135,
              12.878898603218586
            ],
            [
              165.22041388650916,
              12.715459767891163
            ],
            [
              164.84076840993302,
              12.572721295181335
            ],
            [
              164.75834382847134,
              12.225535099491292
            ],
            [
              164.7462497674832,
              12.287504649376704
            ],
            [
              164.67052599089394,
              12.514811656679658
            ],
            [
              164.6669945351326,
              12.559007724802333
            ],
            [
              164.51766200982476,
              12.568141172347142
            ],
            [
              164.67372924720954,
              12.640867482093139
            ],
            [
              164.58647206242276,
              12.918278390607291
            ],
            [
              164.90515841161135,
              12.878898603218586
            ]
          ]
        ]
      },
      "id": "dd9a5cde-6230-43bf-8c08-663025498587"
    },
    {
      "type": "Feature",
      "properties": {
        "id": "2fe53c80-25cb-404c-8d98-758a6f94569b",
        "name": "sketch457-5"
      },
      "geometry": {
        "type": "Polygon",
        "coordinates": [
          [
            [
              162.24554239166952,
              6.907008644559592
            ],
            [
              162.46918648985715,
              6.985260766303197
            ],
            [
              162.47351072279793,
              6.892571728781122
            ],
            [
              162.47374376833838,
              6.63252101335663
            ],
            [
              162.31563142992286,
              6.534151837096922
            ],
            [
              162.1687843074234,
              6.760447353647031
            ],
            [
              162.16944877071498,
              6.8259005329511995
            ],
            [
              161.9860336283579,
              6.889338287323787
            ],
            [
              161.995989714159,
              7.278684034702965
            ],
            [
              162.20545567191246,
              6.897285612155723
            ],
            [
              162.24554239166952,
              6.907008644559592
            ]
          ]
        ]
      },
      "id": "2fe53c80-25cb-404c-8d98-758a6f94569b"
    },
    {
      "type": "Feature",
      "properties": {
        "id": "6b2c8c37-0e8a-473a-854a-b1b68681e93f",
        "name": "sketch457-6"
      },
      "geometry": {
        "type": "Polygon",
        "coordinates": [
          [
            [
              151.91871521592293,
              -0.8919316861526603
            ],
            [
              152.19520880207125,
              -0.49798685938407516
            ],
            [
              152.03530033365453,
              -0.8674038742693894
            ],
            [
              152.0163468393154,
              -0.9194372008550685
            ],
            [
              151.92453215151835,
              -0.9585353001223648
            ],
            [
              151.95743199557867,
              -1.154339029466437
            ],
            [
              151.7194324052088,
              -1.0102733139775457
            ],
            [
              151.62629073235664,
              -0.8569349182200545
            ],
            [
              151.75555943088887,
              -0.6268301944179993
            ],
            [
              151.89491633527538,
              -0.8473521640815911
            ],
            [
              151.91871521592293,
              -0.8919316861526603
            ]
          ]
        ]
      },
      "id": "6b2c8c37-0e8a-473a-854a-b1b68681e93f"
    }
  ],
  "bbox": [
    141.88132726485924,
    -1.154339029466437,
    165.22041388650916,
    12.918278390607291
  ]
}
