{
  "type": "FeatureCollection",
  "features": [
    {
      "type": "Feature",
      "properties": {
        "id": "9c89b5ea-b7da-4339-8d7e-1f384ec2c2f0",
        "name": "sketch444-0"
      },
      "geometry": {
        "type": "Polygon",
        "coordinates": [
          [
            [
              154.8791919764842,
              8.735828958189694
            ],
            [
              155.16279532847742,
              8.637839922106057
            ],
            [
              155.05234124484346,
              8.351464930730529
            ],
            [
              154.80167380724623,
              8.55273874526535
            ],
            [
              154.7897490979184,
              8.483378458999477
            ],
            [
              154.71361528414428,
              8.148146793276705
            ],
            [
              154.65551559050365,
              8.507171230479312
            ],
            [
              154.36427488158571,
              8.463704942250144
            ],
            [
              154.78275815561244,
              8.60245773070646
            ],
            [
              154.7364684893579,
              8.74309937123186
            ],
            [
              154.8791919764842,
              8.735828958189694
            ]
          ]
        ]
      },
      "id": "9c89b5ea-b7da-4339-8d7e-1f384ec2c2f0"
    },
    {
      "type": "Feature",
      "properties": {
        "id": "12142618-44fd-4b66-b9ef-38b5c0849a8c",
        "name": "sketch444-1"
      },
      "geometry": {
        "type": "Polygon",
        "coordinates": [
          [
            [
              163.4693394167429,
              11.65213410361073
            ],
            [
              163.40773773542904,
              11.355118591934723
            ],
            [
              163.60797891341699,
              11.391300034776313
            ],
            [
              163.3973617151267,
              11.256524153139383
            ],
            [
              163.55091304512894,
              11.293965103479136
            ],
            [
              163.61050784389138,
              11.093792256589438
            ],
            [
              163.36964658556033,
              11.096505817838711
            ],
            [
              163.31028430021343,
              11.18699917517703
            ],
            [
              163.23745529482886,
              11.229356913954799
            ],
            [
              163.0428144502454,
              11.452656224678844
            ],
            [
              163.4693394167429,
              11.65213410361073
            ]
          ]
        ]
      },
      "id": "12142618-44fd-4b66-b9ef-38b5c0849a8c"
    },
    {
      "type": "Feature",
      "properties": {
        "id": "2a6b5b30-b107-4701-8fc9-5087281371ba",
        "name": "sketch444-2"
      },
      "geometry": {
        "type": "Polygon",
        "coordinates": [
          [
            [
              159.91391073735616,
              10.129967947212032
            ],
            [
              160.2336339790566,
              10.175780303770877
            ],
            [
              160.3094478149259,
              10.004037512224187
            ],
            [
              159.98700195744897,
              9.971594651427692
            ],
            [
              159.92018037530957,
              9.947921950185824
            ],
            [
              159.88603988892666,
              9.88461257825693
            ],
            [
              159.68675322502392,
              9.915891919440126
            ],
            [
              159.51186682401732,
              10.05728687978407
            ],
            [
              159.78130702417172,
              10.14462142743232
            ],
            [
              159.7862224522262,
              10.14036206282579
            ],
            [
              159.91391073735616,
              10.129967947212032
            ]
          ]
        ]
      },
      "id": "2a6b5b30-b107-4701-8fc9-5087281371ba"
    },
    {
      "type": "Feature",
      "properties": {
        "id": "86860afc-28b4-4885-89d2-3fb1a0fbda95",
        "name": "sketch444-3"
      },
      "geometry": {
        "type": "Polygon",
        "coordinates": [
          [
            [
              135.97860796806089,
              9.112030582874292
            ],
            [
              136.06230101566373,
              9.133157771382843
            ],
            [
              135.96977376320038,
              9.095922217938591
            ],
            [
              136.00516444625208,
              9.018588078131046
            ],
            [
              136.0448483501551,
              8.8825759677286
            ],
            [
              135.98622836480493,
              9.016469943056823
            ],
            [
              135.77450424332426,
              8.642755861754397
            ],
            [
              135.92430438960247,
              9.079463571315262
            ],
            [
              135.90680175552419,
              9.125433614445518
            ],
            [
              135.91163415699316,
              9.29774629735724
            ],
            [
              135.97860796806089,
              9.112030582874292
            ]
          ]
        ]
      },
      "id": "86860afc-28b4-4885-89d2-3fb1a0fbda95"
    }
  ],
  "bbox": [
    135.77450424332426,
    8.148146793276705,
    163.61050784389138,
    11.65213410361073
  ]
}
