{
  "type": "FeatureCollection",
  "features": [
    {
      "type": "Feature",
      "properties": {
        "id": "39263b0e-d2fb-4ef7-94cd-ffe242492c36",
        "name": "sketch128-0"
      },
      "geometry": {
        "type": "Polygon",
        "coordinates": [
          [
            [
              136.15277192961028,
              8.879410002662796
            ],
            [
              136.2388207269495,
              8.582771499048079
            ],
            [
              136.30813110615958,
              8.550491869330015
            ],
            [
              136.3532120274393,
              8.241026066158511
            ],
            [
              135.97616960734425,
              8.14818682504969
            ],
            [
              135.924342550929,
              8.213994622303579
            ],
            [
              135.79960354115616,
              8.21264020603211
            ],
            [
              135.74559146094532,
              8.44163666523121
            ],
            [
              135.62370999425792,
              8.560446483267906
            ],
            [
              135.8713013757397,
              8.644270687712185
            ],
            [
              136.15277192961028,
              8.879410002662796
            ]
          ]
        ]
      },
      "id": "39263b0e-d2fb-4ef7-94cd-ffe242492c36"
    },
    {
      "type": "Feature",
      "properties": {
        "id": "6a6b7cee-558e-4746-8089-1111c7c9bcd3",
        "name": "sketch128-1"
      },
      "geometry": {
        "type": "Polygon",
        "coordinates": [
          [
            [
              158.62349505520265,
              2.9060140041233176
            ],
            [
              158.7528227131751,
              2.817098072311212
            ],
            [
              158.6583703680831,
              2.7308163443261044
            ],
            [
              158.58933779808777,
              2.7306683961665987
            ],
            [
              158.67250699262812,
              2.320236215301186
            ],
            [
              158.57870239330674,
              2.565692039370405
            ],
            [
              158.1893855608332,
              2.4862802575747383
            ],
            [
              158.41747213756977,
              2.782964922211889
            ],
            [
              158.54890190258715,
              2.7939917372816696
            ],
            [
              158.36890425245778,
              3.209952709130971
            ],
            [
              158.62349505520265,
              2.9060140041233176
            ]
          ]
        ]
      },
      "id": "6a6b7cee-558e-4746-8089-1111c7c9bcd3"
    },
    {
      "type": "Feature",
      "properties": {
        "id": "636222f0-5e40-4301-9862-ec58b9e6a962",
        "name": "sketch128-2"
      },
      "geometry": {
        "type": "Polygon",
        "coordinates": [
          [
            [
              144.29157375805505,
              2.6187851875432724
            ],
            [
              144.5118265853358,
              2.6233649892096067
            ],
            [
              144.43567961809302,
              2.5453797044838926
            ],
            [
              144.47363500210628,
              2.3561474137071516
            ],
            [
              144.2514208221458,
              2.5238005711729676
            ],
            [
              144.12156815987146,
              2.100082106162255
            ],
            [
              144.03075038951323,
              2.354995427467819
            ],
            [
              143.83799340196373,
              2.5998961574562247
            ],
            [
              144.18931563685572,
              2.594447506204242
            ],
            [
              144.13616266955765,
              2.679902567503926
            ],
            [
              144.29157375805505,
              2.6187851875432724
            ]
          ]
        ]
      },
      "id": "636222f0-5e40-4301-9862-ec58b9e6a962"
    },
    {
      "type": "Feature",
      "properties": {
        "id": "8d49e044-1259-42ed-9fd8-d52b1f77b696",
        "name": "sketch128-3"
      },
      "geometry": {
        "type": "Polygon",
        "coordinates": [
          [
            [
              143.92940656534472,
              7.836217764834866
            ],
            [
              143.93693188466207,
              7.829725991354537
            ],
            [
              143.8410437945304,
              7.766781870528758
            ],
            [
              144.10669782550167,
              7.660090165665662
            ],
            [
              143.7845438923758,
              7.5845343443792475
            ],
            [
              143.67486949953513,
              7.58484941027388
            ],
            [
              143.70115706742655,
              7.69144387585551
            ],
            [
              143.55885064979316,
              7.662678382237434
            ],
            [
              143.4238507406463,
              7.731321543093347
            ],
            [
              143.4380004007857,
              8.084327834069127
            ],
            [
              143.92940656534472,
              7.836217764834866
            ]
          ]
        ]
      },
      "id": "8d49e044-1259-42ed-9fd8-d52b1f77b696"
    },
    {
      "type": "Feature",
      "properties": {
        "id": "163573b8-2b45-4815-9a21-171446243fd7",
        "name": "sketch128-4"
      },
      "geometry": {
        "type": "Polygon",
        "coordinates": [
          [
            [
              163.43471474658082,
              5.496312502740569
            ],
            [
              163.57554544140035,
              5.41861004722525
            ],
            [
              163.73067668579256,
              5.205600430505592
            ],
            [
              163.4501755622776,
              5.164326129318489
            ],
            [
              163.6041008129174,
              4.989199886633148
            ],
            [
              163.41640006209587,
              4.97137911936353
            ],
            [
              163.21681491014456,
              4.708020016839497
            ],
            [
              163.19715804954274,
              5.05633852721387
            ],
            [
              163.32047015298613,
              5.18521104550287
            ],
            [
              163.35108986706197,
              5.199632725784329
            ],
            [
              163.43471474658082,
              5.496312502740569
            ]
          ]
        ]
      },
      "id": "163573b8-2b45-4815-9a21-171446243fd7"
    },
    {
      "type": "Feature",
      "properties": {
        "id": "27ed79bf-ac65-47e3-8a4a-7721a97e23e5",
        "name": "sketch128-5"
      },
      "geometry": {
        "type": "Polygon",
        "coordinates": [
          [
            [
              158.00143191199638,
              5.27867816494879
            ],
            [
              158.30933958866578,
              5.157597433123241
            ],
            [
              158.235570645846,
              4.880753642966094
            ],
            [
              158.1209860643467,
              5.037321606085685
            ],
            [
              158.13431245582177,
              4.942432523064219
            ],
            [
              157.8130080376056,
              4.945888850777365
            ],
            [
              157.87754748990693,
              5.187083298821828
            ],
            [
              157.81722076138448,
              5.171101149249249
            ],
            [
              157.80997884926094,
              5.232009899184528
            ],
            [
              157.63842624530406,
              5.548747026440164
            ],
            [
              158.00143191199638,
              5.27867816494879
            ]
          ]
        ]
      },
      "id": "27ed79bf-ac65-47e3-8a4a-7721a97e23e5"
    },
    {
      "type": "Feature",
      "properties": {
        "id": "462090bc-84ad-4eff-a10d-5621293773f5",
        "name": "sketch128-6"
      },
      "geometry": {
        "type": "Polygon",
        "coordinates": [
          [
            [
              161.2485932394238,
              -0.33829455014007576
            ],
            [
              161.54285777969892,
              -0.1888986186581939
            ],
            [
              161.44513922688228,
              -0.3469478608530975
            ],
            [
              161.55083446733224,
              -0.6464804792844346
            ],
            [
              161.40803188369418,
              -0.7562467548535202
            ],
            [
              161.13150930362298,
              -0.6651346231767499
            ],
            [
              160.81150559317766,
              -0.6861557078070983
            ],
            [
              160.98144044054592,
              -0.42232509164197435
            ],
            [
              161.08501257863813,
              -0.36883167135218564
            ],
            [
              161.16292017912323,
              -0.4345919398212142
            ],
            [
              161.2485932394238,
              -0.33829455014007576
            ]
          ]
        ]
      },
      "id": "462090bc-84ad-4eff-a10d-5621293773f5"
    },
    {
      "type": "Feature",
      "properties": {
        "id": "dee0597e-d578-4e64-a2dd-a1cf64c6debf",
        "name": "sketch128-7"
      },
      "geometry": {
        "type": "Polygon",
        "coordinates": [
          [
            [
              140.23806546126605,
              10.53006520048098
            ],
            [
              140.4796643673552,
              10.37653668198072
            ],
            [
              140.31176774154275,
              10.32169016881071
            ],
            [
              140.19994700099272,
              10.460174714772537
            ],
            [
              140.18642471778222,
              10.473767954661833
            ],
            [
              139.84428192360207,
              10.15561754667893
            ],
            [
              139.86308771995687,
              10.313978947665868
            ],
            [
              139.87603773663557,
              10.534953265301006
            ],
            [
              139.99618720588123,
              10.898604628497369
            ],
            [
              140.1353800164683,
              10.604181195998011
            ],
            [
              140.23806546126605,
              10.53006520048098
            ]
          ]
        ]
      },
      "id": "dee0597e-d578-4e64-a2dd-a1cf64c6debf"
    }
  ],
  "bbox": [
    135.62370999425792,
    -0.7562467548535202,
    163.73067668579256,
    10.898604628497369
  ]
}
