{
  "type": "FeatureCollection",
  "features": [
    {
      "type": "Feature",
      "properties": {
        "id": "fec69996-2558-48dd-b47e-6bb5afba8fda",
        "name": "sketch125-0"
      },
      "geometry": {
        "type": "Polygon",
        "coordinates": [
          [
            [
              137.66344548013237,
              5.922255396881916
            ],
            [
              137.58271433094063,
              5.652859891073305
            ],
            [
              137.6519738500393,
              5.44733378214297
            ],
            [
              137.40254970984134,
              5.398792864823558
            ],
            [
              137.0816407761768,
              5.261721413015111
            ],
            [
              137.23528528053734,
              5.50825192065833
            ],
            [
              137.33590251990617,
              5.562201270931497
            ],
            [
              137.2432190190439,
              5.764231364172355
            ],
            [
              137.16738344868827,
              5.873059980630088
            ],
            [
              137.2680806146033,
              5.7571011229994244
            ],
            [
              137.66344548013237,
              5.922255396881916
            ]
          ]
        ]
      },
      "id": "fec69996-2558-48dd-b47e-6bb5afba8fda"
    },
    {
      "type": "Feature",
      "properties": {
        "id": "fce7f4e1-400a-4c11-bf11-ff71b5abe3de",
        "name": "sketch125-1"
      },
      "geometry": {
        "type": "Polygon",
        "coordinates": [
          [
            [
              136.54692131962946,
              3.4193397835293817
            ],
            [
              136.43329328068438,
              3.29150629735987
            ],
            [
              136.36433111104787,
              3.315314555035402
            ],
            [
              136.45240273564355,
              2.971323012895353
            ],
            [
              136.08380085518644,
              3.052179302526043
            ],
            [
              136.08956752148234,
              3.2095078989167325
            ],
            [
              136.09485523260537,
              3.295299105251081
            ],
            [
              136.1450487825404,
              3.6172870092403757
            ],
            [
              136.18898873693624,
              3.7234146131722063
            ],
            [
              136.25268619137364,
              3.590371354704297
            ],
            [
              136.54692131962946,
              3.4193397835293817
            ]
          ]
        ]
      },
      "id": "fce7f4e1-400a-4c11-bf11-ff71b5abe3de"
    },
    {
      "type": "Feature",
      "properties": {
        "id": "58beefef-c50f-4872-b3ec-473d2c8882ed",
        "name": "sketch125-2"
      },
      "geometry": {
        "type": "Polygon",
        "coordinates": [
          [
            [
              136.16825773717983,
              10.295529732481977
            ],
            [
              136.14878406875448,
              10.124093248671484
            ],
            [
              136.00087888426927,
              10.041645408623614
            ],
            [
              136.06219191387234,
              9.993281021327515
            ],
            [
              135.80737562034753,
              9.582806720065681
            ],
            [
              135.851222796403,
              9.901993132788824
            ],
            [
              135.7492345010447,
              9.840497003244893
            ],
            [
              135.57998375914326,
              9.983105785169155
            ],
            [
              135.51616665207962,
              10.16277906358551
            ],
            [
              135.70677232282057,
              10.151287629211446
            ],
            [
              136.16825773717983,
              10.295529732481977
            ]
          ]
        ]
      },
      "id": "58beefef-c50f-4872-b3ec-473d2c8882ed"
    },
    {
      "type": "Feature",
      "properties": {
        "id": "9b338a26-2f8a-453d-a5a5-e8d64a2cf447",
        "name": "sketch125-3"
      },
      "geometry": {
        "type": "Polygon",
        "coordinates": [
          [
            [
              154.82801870339614,
              9.341360033070556
            ],
            [
              154.81478275532237,
              9.24338286709732
            ],
            [
              155.0789999268826,
              9.237508243106296
            ],
            [
              154.96282872893747,
              9.110303796924647
            ],
            [
              154.84759934660391,
              8.85228457482336
            ],
            [
              154.639178849197,
              8.96094422170151
            ],
            [
              154.55690782027736,
              9.11608644605512
            ],
            [
              154.4820908388042,
              9.338157795911123
            ],
            [
              154.5147075765272,
              9.572091302279828
            ],
            [
              154.66676525164343,
              9.39374310788206
            ],
            [
              154.82801870339614,
              9.341360033070556
            ]
          ]
        ]
      },
      "id": "9b338a26-2f8a-453d-a5a5-e8d64a2cf447"
    },
    {
      "type": "Feature",
      "properties": {
        "id": "d648f090-5451-4cfe-a822-2655ecec00d6",
        "name": "sketch125-4"
      },
      "geometry": {
        "type": "Polygon",
        "coordinates": [
          [
            [
              158.9939395643798,
              4.095880224660209
            ],
            [
              158.62948989733633,
              3.8562486700678473
            ],
            [
              158.92464619886755,
              3.8149892146734503
            ],
            [
              159.03949318385838,
              3.7722160332341295
            ],
            [
              158.65932955079666,
              3.7827699211732537
            ],
            [
              158.50050957022623,
              3.5070550746703324
            ],
            [
              158.59856401412173,
              3.8237022592233094
            ],
            [
              158.38863638844057,
              3.856109886455519
            ],
            [
              158.13688752269385,
              3.9505596541190258
            ],
            [
              158.5791041762117,
              3.9262272908466396
            ],
            [
              158.9939395643798,
              4.095880224660209
            ]
          ]
        ]
      },
      "id": "d648f090-5451-4cfe-a822-2655ecec00d6"
    }
  ],
  "bbox": [
    135.51616665207962,
    2.971323012895353,
    159.03949318385838,
    10.295529732481977
  ]
}
