{
  "type": "FeatureCollection",
  "features": [
    {
      "type": "Feature",
      "properties": {
        "id": "247ab5cc-c2f8-4192-98c2-a6edbd9e3bde",
        "name": "sketch75-0"
      },
      "geometry": {
        "type": "Polygon",
        "coordinates": [
          [
            [
              158.46910161731276,
              11.083280183144499
            ],
            [
              158.40794170382304,
              10.855389806702272
            ],
            [
              158.47723518319467,
              10.79786689992539
            ],
            [
              158.56281069026366,
              10.660735179575692
            ],
            [
              158.5880882421957,
              10.464119571373846
            ],
            [
              158.42780721118467,
              10.400981780171032
            ],
            [
              158.3041139325893,
              10.646083545931845
            ],
            [
              157.9421974747487,
              10.55800484427979
            ],
            [
              158.06896019361648,
              10.935650780200387
            ],
            [
              158.2372851563,
              11.074766769038527
            ],
            [
              158.46910161731276,
              11.083280183144499
            ]
          ]
        ]
      },
      "id": "247ab5cc-c2f8-4192-98c2-a6edbd9e3bde"
    },
    {
      "type": "Feature",
      "properties": {
        "id": "9b973268-07d0-4f25-954e-a64a5d4bbc31",
        "name": "sketch75-1"
      },
      "geometry": {
        "type": "Polygon",
        "coordinates": [
          [
            [
              141.02791724227947,
              6.632789932753082
            ],
            [
              141.14260055468995,
              7.002134642766493
            ],
            [
              141.03767178299603,
              6.644717670524772
            ],
            [
              141.2681179474739,
              6.882837611402076
            ],
            [
              141.07312886602676,
              6.6188850644459665
            ],
            [
              141.08978264901504,
              6.3968026696493165
            ],
            [
              140.9756814908626,
              6.486634802850532
            ],
            [
              140.85678914417394,
              6.563762160612387
            ],
            [
              140.75565458538088,
              6.805594784245971
            ],
            [
              140.95892516427693,
              6.683080355745407
            ],
            [
              141.02791724227947,
              6.632789932753082
            ]
          ]
        ]
      },
      "id": "9b973268-07d0-4f25-954e-a64a5d4bbc31"
    },
    {
      "type": "Feature",
      "properties": {
        "id": "e86a4d15-3563-4756-86e2-1bbd08299cb2",
        "name": "sketch75-2"
      },
      "geometry": {
        "type": "Polygon",
        "coordinates": [
          [
            [
              151.78361409793703,
              4.188617828816832
            ],
            [
              152.03394546024455,
              4.24954346328249
            ],
            [
              151.8291315028604,
              4.099917852226304
            ],
            [
              151.77692426912336,
              4.046800020848862
            ],
            [
              151.78989257127847,
              3.8173088538016757
            ],
            [
              151.45607881967615,
              3.7776392116056856
            ],
            [
              151.60410173475327,
              3.9991978242186956
            ],
            [
              151.40833168647893,
              4.099197512849282
            ],
            [
              151.4850863453136,
              4.186598455347887
            ],
            [
              151.64740701288784,
              4.1834319902171435
            ],
            [
              151.78361409793703,
              4.188617828816832
            ]
          ]
        ]
      },
      "id": "e86a4d15-3563-4756-86e2-1bbd08299cb2"
    },
    {
      "type": "Feature",
      "properties": {
        "id": "88cb23f1-49e5-4dbf-afcc-166fc76d1cdb",
        "name": "sketch75-3"
      },
      "geometry": {
        "type": "Polygon",
        "coordinates": [
          [
            [
              140.7070796825461,
              1.6748485598995293
            ],
            [
              140.8505794475521,
              1.2218630542139624
            ],
            [
              140.6901826668039,
              1.324866947882212
            ],
            [
              140.5705948380827,
              1.5660810289496045
            ],
            [
              140.3620874143031,
              1.4605538069075858
            ],
            [
              140.21964434206424,
              1.3677871807427946
            ],
            [
              140.2407271207476,
              1.5490732829855192
            ],
            [
              140.23132384203356,
              1.5604718556158912
            ],
            [
              140.40913572746743,
              1.7695846421103707
            ],
            [
              140.5376185276614,
              1.8262512020115247
            ],
            [
              140.7070796825461,
              1.6748485598995293
            ]
          ]
        ]
      },
      "id": "88cb23f1-49e5-4dbf-afcc-166fc76d1cdb"
    },
    {
      "type": "Feature",
      "properties": {
        "id": "8c83b068-15c1-4069-96c2-099d66756ae8",
        "name": "sketch75-4"
      },
      "geometry": {
        "type": "Polygon",
        "coordinates": [
          [
            [
              152.2175557541359,
              11.63542216210859
            ],
            [
              152.22800465030897,
              11.551565667712856
            ],
            [
              152.2628091408498,
              11.345110623376996
            ],
            [
              152.51500281759695,
              11.648790988027308
            ],
            [
              152.35817609908963,
              11.279558200289786
            ],
            [
              152.37103424017636,
              11.096715582472465
            ],
            [
              152.30718101289204,
              11.165042591347913
            ],
            [
              151.9114308663889,
              10.897598619549132
            ],
            [
              151.99456575543954,
              11.196861507210462
            ],
            [
              152.18777229264958,
              11.278443806342697
            ],
            [
              152.2175557541359,
              11.63542216210859
            ]
          ]
        ]
      },
      "id": "8c83b068-15c1-4069-96c2-099d66756ae8"
    }
  ],
  "bbox": [
    140.21964434206424,
    1.2218630542139624,
    158.5880882421957,
    11.648790988027308
  ]
}
