{
  "type": "FeatureCollection",
  "features": [
    {
      "type": "Feature",
      "properties": {
        "id": "ce9d27cb-717b-46c7-8575-6ea139382628",
        "name": "sketch382-0"
      },
      "geometry": {
        "type": "Polygon",
        "coordinates": [
          [
            [
              161.68897036056987,
              6.134364176324269
            ],
            [
              161.71373946683073,
              6.103919382918363
            ],
            [
              161.91372467816535,
              5.989988014272173
            ],
            [
              161.71439686538204,
              5.8592445871852155
            ],
            [
              161.74512798397714,
              5.669188151387158
            ],
            [
              161.60916970086743,
              6.003405696361793
            ],
            [
              161.3072582457174,
              5.8798855777028445
            ],
            [
              161.20041383568875,
              6.089134377013309
            ],
            [
              161.15421875017395,
              6.198257228424794
            ],
            [
              161.28093292219765,
              6.357193156342158
            ],
            [
              161.68897036056987,
              6.134364176324269
            ]
          ]
        ]
      },
      "id": "ce9d27cb-717b-46c7-8575-6ea139382628"
    },
    {
      "type": "Feature",
      "properties": {
        "id": "784c84e2-4288-4650-896e-6a0420467b01",
        "name": "sketch382-1"
      },
      "geometry": {
        "type": "Polygon",
        "coordinates": [
          [
            [
              146.3069164349295,
              1.419498807544163
            ],
            [
              146.32750492444748,
              0.9670480260797244
            ],
            [
              146.0043197188635,
              1.036857290938697
            ],
            [
              146.06280589059628,
              0.9510988495578362
            ],
            [
              145.98775843279927,
              0.8258716214034326
            ],
            [
              145.9433877574557,
              0.8209397583783753
            ],
            [
              145.88224285959748,
              0.7119980922012558
            ],
            [
              145.6631333125497,
              1.0274940922274498
            ],
            [
              145.65475584930252,
              1.1244763582320447
            ],
            [
              145.63338278471144,
              1.3606037030201246
            ],
            [
              146.3069164349295,
              1.419498807544163
            ]
          ]
        ]
      },
      "id": "784c84e2-4288-4650-896e-6a0420467b01"
    }
  ],
  "bbox": [
    145.63338278471144,
    0.7119980922012558,
    161.91372467816535,
    6.357193156342158
  ]
}
