{
  "type": "FeatureCollection",
  "features": [
    {
      "type": "Feature",
      "properties": {
        "id": "d6e4d531-3be8-44b4-b173-a6da724a9cd3",
        "name": "sketch89-0"
      },
      "geometry": {
        "type": "Polygon",
        "coordinates": [
          [
            [
              149.6649780064279,
              4.672389799202767
            ],
            [
              149.88329406757865,
              4.621136047442137
            ],
            [
              149.75383888180397,
              4.414505526200976
            ],
            [
              149.7223335787703,
              4.257104046894686
            ],
            [
              149.60924187990267,
              4.019654324762162
            ],
            [
              149.29353214445874,
              4.123635697629667
            ],
            [
              149.19050051199875,
              4.36492142605321
            ],
            [
              149.58385636328313,
              4.35355142009226
            ],
            [
              149.37788895344414,
              4.648244715462057
            ],
            [
              149.55619264098536,
              4.780446364663099
            ],
            [
              149.6649780064279,
              4.672389799202767
            ]
          ]
        ]
      },
      "id": "d6e4d531-3be8-44b4-b173-a6da724a9cd3"
    },
    {
      "type": "Feature",
      "properties": {
        "id": "ae58d9d8-6860-419c-8dd6-a95bd0103a1b",
        "name": "sketch89-1"
      },
      "geometry": {
        "type": "Polygon",
        "coordinates": [
          [
            [
              138.821931409102,
              -0.2872941619524009
            ],
            [
              138.93544453250993,
              -0.6177724032917606
            ],
            [
              138.82116681444737,
              -0.6251921042161016
            ],
            [
              138.7276975351651,
              -0.6265717872880793
            ],
            [
              138.85140896106319,
              -0.859444237182813
            ],
            [
              138.5204643696378,
              -0.7962833464252261
            ],
            [
              138.47412514306149,
              -0.6768069196277136
            ],
            [
              138.32324144483206,
              -0.7012389344724445
            ],
            [
              138.33957011174675,
              -0.6235505755192567
            ],
            [
              138.20675989896054,
              -0.33845775145294166
            ],
            [
              138.821931409102,
              -0.2872941619524009
            ]
          ]
        ]
      },
      "id": "ae58d9d8-6860-419c-8dd6-a95bd0103a1b"
    },
    {
      "type": "Feature",
      "properties": {
        "id": "e7bf8a24-30d8-410e-8e08-dda6c9c45d23",
        "name": "sketch89-2"
      },
      "geometry": {
        "type": "Polygon",
        "coordinates": [
          [
            [
              148.1684202625575,
              12.212024263175568
            ],
            [
              148.07819760057075,
              12.035865870078704
            ],
            [
              148.41910455161616,
              11.981784267625779
            ],
            [
              148.17571074665238,
              11.72387865880965
            ],
            [
              148.0855772374335,
              11.79989326450206
            ],
            [
              147.82732539795484,
              11.434823238226008
            ],
            [
              147.79255029692962,
              11.60931722275021
            ],
            [
              147.77777318920073,
              11.800437773895162
            ],
            [
              147.84504384395424,
              11.868875540491167
            ],
            [
              147.8260668060684,
              11.967702357561338
            ],
            [
              148.1684202625575,
              12.212024263175568
            ]
          ]
        ]
      },
      "id": "e7bf8a24-30d8-410e-8e08-dda6c9c45d23"
    },
    {
      "type": "Feature",
      "properties": {
        "id": "c1dbc4dd-b7a4-40db-9cca-6a181457a6f5",
        "name": "sketch89-3"
      },
      "geometry": {
        "type": "Polygon",
        "coordinates": [
          [
            [
              154.66103251158245,
              9.419624209489207
            ],
            [
              154.68490116291625,
              9.190850217956632
            ],
            [
              154.66695393297087,
              9.124788274177325
            ],
            [
              154.99303489070527,
              8.973902589333184
            ],
            [
              154.78655808971715,
              8.768750202975697
            ],
            [
              154.519319944319,
              8.818801324961365
            ],
            [
              154.33734014025777,
              9.025409204437597
            ],
            [
              154.57321725741787,
              9.102668181404576
            ],
            [
              154.41683262366448,
              9.318577708436894
            ],
            [
              154.56931759000275,
              9.146799385352573
            ],
            [
              154.66103251158245,
              9.419624209489207
            ]
          ]
        ]
      },
      "id": "c1dbc4dd-b7a4-40db-9cca-6a181457a6f5"
    },
    {
      "type": "Feature",
      "properties": {
        "id": "e9c417fc-7b8a-41f8-a301-4227f333737d",
        "name": "sketch89-4"
      },
      "geometry": {
        "type": "Polygon",
        "coordinates": [
          [
            [
              142.17350986570335,
              3.923029809500955
            ],
            [
              142.57325378284133,
              4.004810619156506
            ],
            [
              142.43875722702512,
              3.629174670517706
            ],
            [
              142.24600321719993,
              3.6373644565759276
            ],
            [
              142.1628509486687,
              3.7576274861970376
            ],
            [
              141.86743349419692,
              3.371130156874229
            ],
            [
              141.7099752334518,
              3.6278272616837133
            ],
            [
              142.10687619756794,
              3.7525040390405806
            ],
            [
              141.92571666163528,
              3.795592714171922
            ],
            [
              142.03258896967824,
              3.8470009087619426
            ],
            [
              142.17350986570335,
              3.923029809500955
            ]
          ]
        ]
      },
      "id": "e9c417fc-7b8a-41f8-a301-4227f333737d"
    },
    {
      "type": "Feature",
      "properties": {
        "id": "99a9a675-89b5-43dd-92fa-e0093324955f",
        "name": "sketch89-5"
      },
      "geometry": {
        "type": "Polygon",
        "coordinates": [
          [
            [
              162.45420925717602,
              10.627974567489177
            ],
            [
              162.76659277158882,
              10.839927675531392
            ],
            [
              162.75350020030206,
              10.674954211889803
            ],
            [
              162.65221142587194,
              10.456278670129294
            ],
            [
              162.51687027937007,
              10.221944215199796
            ],
            [
              162.3715489982018,
              10.457876409169819
            ],
            [
              162.33501340219092,
              10.430288524718435
            ],
            [
              162.08613797260367,
              10.275560329333977
            ],
            [
              162.26444303385432,
              10.45152550566244
            ],
            [
              162.38108664780577,
              10.525262604741222
            ],
            [
              162.45420925717602,
              10.627974567489177
            ]
          ]
        ]
      },
      "id": "99a9a675-89b5-43dd-92fa-e0093324955f"
    },
    {
      "type": "Feature",
      "properties": {
        "id": "ba1a95b9-62d0-4871-8d39-0ed40594a9df",
        "name": "sketch89-6"
      },
      "geometry": {
        "type": "Polygon",
        "coordinates": [
          [
            [
              150.96640320679663,
              8.980957805841314
            ],
            [
              151.06610697578995,
              9.271543193892471
            ],
            [
              151.04707658714733,
              9.117702777020522
            ],
            [
              151.0487652023786,
              9.040558995913822
            ],
            [
              151.4255807082433,
              8.861736419838756
            ],
            [
              151.04398324006075,
              8.70840072247557
            ],
            [
              150.99484560191283,
              8.628387958011734
            ],
            [
              150.699156548129,
              8.665629312160224
            ],
            [
              150.7206035446221,
              8.833197785543334
            ],
            [
              150.57805530446777,
              9.188073754274326
            ],
            [
              150.96640320679663,
              8.980957805841314
            ]
          ]
        ]
      },
      "id": "ba1a95b9-62d0-4871-8d39-0ed40594a9df"
    },
    {
      "type": "Feature",
      "properties": {
        "id": "0be56039-f131-4599-847c-7727d44f8f0e",
        "name": "sketch89-7"
      },
      "geometry": {
        "type": "Polygon",
        "coordinates": [
          [
            [
              137.91895769456934,
              6.877745800326546
            ],
            [
              138.11809400373716,
              6.970768431644465
            ],
            [
              138.32544577144623,
              6.772047860331749
            ],
            [
              137.95001127276825,
              6.761169128817763
            ],
            [
              137.9562523199651,
              6.624691496989143
            ],
            [
              137.79359457097897,
              6.470371674305744
            ],
            [
              137.62271847525471,
              6.636188745943508
            ],
            [
              137.8645600598106,
              6.8020823198680755
            ],
            [
              137.61603186037058,
              7.112563683918034
            ],
            [
              137.8366072978889,
              6.8930433647526375
            ],
            [
              137.91895769456934,
              6.877745800326546
            ]
          ]
        ]
      },
      "id": "0be56039-f131-4599-847c-7727d44f8f0e"
    },
    {
      "type": "Feature",
      "properties": {
        "id": "6ff7b0b6-7bca-426c-bc8e-400068bca647",
        "name": "sketch89-8"
      },
      "geometry": {
        "type": "Polygon",
        "coordinates": [
          [
            [
              147.43298512976614,
              7.982025950356915
            ],
            [
              147.6739264724711,
              8.01319558618817
            ],
            [
              147.43762795441717,
              7.963121211927826
            ],
            [
              147.59324801686319,
              7.92353077086319
            ],
            [
              147.52949136841775,
              7.770942620341036
            ],
            [
              147.49915628181822,
              7.530550880449654
            ],
            [
              147.31061142868907,
              7.718635524960034
            ],
            [
              147.010716544356,
              7.7253772345495095
            ],
            [
              147.06522639835325,
              8.025796751219595
            ],
            [
              147.1239629881832,
              8.32140934857485
            ],
            [
              147.43298512976614,
              7.982025950356915
            ]
          ]
        ]
      },
      "id": "6ff7b0b6-7bca-426c-bc8e-400068bca647"
    }
  ],
  "bbox": [
    137.61603186037058,
    -0.859444237182813,
    162.76659277158882,
    12.212024263175568
  ]
}
