{
  "type": "FeatureCollection",
  "features": [
    {
      "type": "Feature",
      "properties": {
        "id": "a9b54dcd-513c-4bc8-b7b0-e6f399c06357",
        "name": "sketch190-0"
      },
      "geometry": {
        "type": "Polygon",
        "coordinates": [
          [
            [
              140.69909885330094,
              6.706760845703653
            ],
            [
              140.57896364364336,
              6.590700842299298
            ],
            [
              140.83179262642287,
              6.357534110935473
            ],
            [
              140.6371992627315,
              6.501174125946604
            ],
            [
              140.69891855909532,
              6.410593559498426
            ],
            [
              140.5567247665301,
              6.536500285622907
            ],
            [
              140.48407420416171,
              6.155384480599241
            ],
            [
              140.29669095803055,
              6.2569560119266665
            ],
            [
              140.139404702428,
              6.5167453031254565
            ],
            [
              140.3365889120014,
              6.778955473161913
            ],
            [
              140.69909885330094,
              6.706760845703653
            ]
          ]
        ]
      },
      "id": "a9b54dcd-513c-4bc8-b7b0-e6f399c06357"
    },
    {
      "type": "Feature",
      "properties": {
        "id": "ab1f2046-9af2-46db-b906-d3dc8b757e36",
        "name": "sketch190-1"
      },
      "geometry": {
        "type": "Polygon",
        "coordinates": [
          [
            [
              147.0252703547549,
              9.019748446508855
            ],
            [
              147.04886415677197,
              9.025325797070979
            ],
            [
              147.30055228084632,
              8.822279048442839
            ],
            [
              146.9434809399788,
              8.668178033841302
            ],
            [
              146.84762159148218,
              8.851746090064132
            ],
            [
              146.5546146045202,
              8.801459494108675
            ],
            [
              146.61318330460404,
              8.941817306235507
            ],
            [
              146.55495950267456,
              8.981243082466458
            ],
            [
              146.71993100338048,
              9.159692249676347
            ],
            [
              146.85527754738317,
              8.861795698502924
            ],
            [
              147.0252703547549,
              9.019748446508855
            ]
          ]
        ]
      },
      "id": "ab1f2046-9af2-46db-b906-d3dc8b757e36"
    },
    {
      "type": "Feature",
      "properties": {
        "id": "dbcec787-c48e-4bbc-afde-36a19fc5b58b",
        "name": "sketch190-2"
      },
      "geometry": {
        "type": "Polygon",
        "coordinates": [
          [
            [
              156.0055462093531,
              11.615092776753198
            ],
            [
              155.95007754104162,
              11.277394677027152
            ],
            [
              155.93408716851243,
              11.187554075212184
            ],
            [
              156.34379052934344,
              11.010580348820508
            ],
            [
              156.10494607916638,
              10.831471300026639
            ],
            [
              155.7689953586234,
              10.897847617077996
            ],
            [
              155.6684363196067,
              10.845115647990562
            ],
            [
              155.4653748148479,
              11.145734393318026
            ],
            [
              155.67151006464726,
              11.340239134598365
            ],
            [
              155.75648779620397,
              11.65963417369537
            ],
            [
              156.0055462093531,
              11.615092776753198
            ]
          ]
        ]
      },
      "id": "dbcec787-c48e-4bbc-afde-36a19fc5b58b"
    },
    {
      "type": "Feature",
      "properties": {
        "id": "81b3856d-6263-49e5-94c9-90f111b9c8a0",
        "name": "sketch190-3"
      },
      "geometry": {
        "type": "Polygon",
        "coordinates": [
          [
            [
              138.10791416406414,
              2.2955976460722827
            ],
            [
              138.07038317871783,
              2.141561771553852
            ],
            [
              138.22898992042533,
              2.14111177325613
            ],
            [
              138.06883072336763,
              2.1258270696044193
            ],
            [
              138.1894713570895,
              1.966367497096555
            ],
            [
              138.0850664291749,
              1.933049518923903
            ],
            [
              138.01402206137675,
              2.0700153247376205
            ],
            [
              137.62549973603026,
              1.9633124036913574
            ],
            [
              138.03892935719753,
              2.142408230759891
            ],
            [
              137.85478749994434,
              2.5043586808257876
            ],
            [
              138.10791416406414,
              2.2955976460722827
            ]
          ]
        ]
      },
      "id": "81b3856d-6263-49e5-94c9-90f111b9c8a0"
    },
    {
      "type": "Feature",
      "properties": {
        "id": "7c300832-27da-4e3b-b45c-455f8a76de01",
        "name": "sketch190-4"
      },
      "geometry": {
        "type": "Polygon",
        "coordinates": [
          [
            [
              153.84612583682704,
              12.123579807922246
            ],
            [
              153.99170159165232,
              12.13529923650791
            ],
            [
              153.82550480867357,
              12.046543948935465
            ],
            [
              153.9116799795286,
              11.872286378758886
            ],
            [
              154.07227616681155,
              11.73525734123703
            ],
            [
              153.83799671483595,
              11.669623495183204
            ],
            [
              153.45821730356457,
              11.60974370369009
            ],
            [
              153.6471059474585,
              11.979076829757217
            ],
            [
              153.66169963499954,
              11.992669568376199
            ],
            [
              153.6238645148467,
              12.117625414722026
            ],
            [
              153.84612583682704,
              12.123579807922246
            ]
          ]
        ]
      },
      "id": "7c300832-27da-4e3b-b45c-455f8a76de01"
    },
    {
      "type": "Feature",
      "properties": {
        "id": "5a0aace1-241f-4f01-9577-0bef2bc19673",
        "name": "sketch190-5"
      },
      "geometry": {
        "type": "Polygon",
        "coordinates": [
          [
            [
              145.96663411280227,
              1.9694690546971296
            ],
            [
              146.18270872463145,
              1.9420834226143282
            ],
            [
              146.11688929855848,
              1.7955972788498986
            ],
            [
              146.08564980609896,
              1.6796227163067772
            ],
            [
              145.90009359440046,
              1.4864790308409426
            ],
            [
              145.767334559774,
              1.6032461515619136
            ],
            [
              145.6236189426472,
              1.7419566385012404
            ],
            [
              145.4436883505125,
              1.8246129982182882
            ],
            [
              145.89221265235133,
              1.8638808713135488
            ],
            [
              145.91228686440562,
              2.0177388876446978
            ],
            [
              145.96663411280227,
              1.9694690546971296
            ]
          ]
        ]
      },
      "id": "5a0aace1-241f-4f01-9577-0bef2bc19673"
    },
    {
      "type": "Feature",
      "properties": {
        "id": "c6d0f29f-e74d-4390-bf7b-98329304215e",
        "name": "sketch190-6"
      },
      "geometry": {
        "type": "Polygon",
        "coordinates": [
          [
            [
              149.75904816272975,
              8.108665115980001
            ],
            [
              149.75224087602456,
              8.014116776432305
            ],
            [
              149.85121145604685,
              7.903047592103743
            ],
            [
              149.61189430190794,
              7.957925824115707
            ],
            [
              149.57661210296655,
              7.6624332106914315
            ],
            [
              149.43170746412537,
              7.6490662410024886
            ],
            [
              149.33350531979204,
              7.8353696813091815
            ],
            [
              149.1126633254409,
              7.999044580152997
            ],
            [
              149.4276227526532,
              8.24278844093731
            ],
            [
              149.5736315058421,
              8.099327963908019
            ],
            [
              149.75904816272975,
              8.108665115980001
            ]
          ]
        ]
      },
      "id": "c6d0f29f-e74d-4390-bf7b-98329304215e"
    },
    {
      "type": "Feature",
      "properties": {
        "id": "ddb29ba4-4569-4785-87e3-4a837fa88156",
        "name": "sketch190-7"
      },
      "geometry": {
        "type": "Polygon",
        "coordinates": [
          [
            [
              148.78523034995877,
              10.702427454481358
            ],
            [
              148.72026085614547,
              10.414133076558354
            ],
            [
              149.05616305127617,
              10.470833850668704
            ],
            [
              148.88349991344472,
              10.180875295584565
            ],
            [
              148.83718691520588,
              10.0152574267077
            ],
            [
              148.6575580309345,
              10.300507563672385
            ],
            [
              148.579376102975,
              10.171358297996337
            ],
            [
              148.4705147311139,
              10.147203704415686
            ],
            [
              148.2801619033594,
              10.380575997544772
            ],
            [
              148.6763988574397,
              10.480164699058648
            ],
            [
              148.78523034995877,
              10.702427454481358
            ]
          ]
        ]
      },
      "id": "ddb29ba4-4569-4785-87e3-4a837fa88156"
    },
    {
      "type": "Feature",
      "properties": {
        "id": "409aa823-be15-47af-867d-d63dd9efff1c",
        "name": "sketch190-8"
      },
      "geometry": {
        "type": "Polygon",
        "coordinates": [
          [
            [
              162.91700483722255,
              10.951568780156672
            ],
            [
              162.83506449380695,
              10.817405813803475
            ],
            [
              163.10871676992107,
              10.609365183308615
            ],
            [
              162.96915399766183,
              10.36727989871841
            ],
            [
              162.79261871584748,
              10.766050414250751
            ],
            [
              162.5833229567479,
              10.648227403668962
            ],
            [
              162.656388887472,
              10.819452209983499
            ],
            [
              162.45374091992275,
              11.050093318808697
            ],
            [
              162.49547786468673,
              11.058526255222588
            ],
            [
              162.70760730008757,
              11.301682568491518
            ],
            [
              162.91700483722255,
              10.951568780156672
            ]
          ]
        ]
      },
      "id": "409aa823-be15-47af-867d-d63dd9efff1c"
    },
    {
      "type": "Feature",
      "properties": {
        "id": "04d013ed-b86d-4ea7-9c1a-b21d29e6c791",
        "name": "sketch190-9"
      },
      "geometry": {
        "type": "Polygon",
        "coordinates": [
          [
            [
              137.0647943621953,
              3.886303023341136
            ],
            [
              137.06770594031315,
              3.8187222489961834
            ],
            [
              137.3474109515693,
              3.643130682319646
            ],
            [
              136.99167351318064,
              3.4443486372582695
            ],
            [
              136.9254921231765,
              3.3916325545954513
            ],
            [
              136.8694892399951,
              3.0221969724847013
            ],
            [
              136.842707881552,
              3.4517797451468857
            ],
            [
              136.41054103691906,
              3.525465120806852
            ],
            [
              136.76196876687396,
              3.6118084727323856
            ],
            [
              136.88899863643547,
              3.508208594019
            ],
            [
              137.0647943621953,
              3.886303023341136
            ]
          ]
        ]
      },
      "id": "04d013ed-b86d-4ea7-9c1a-b21d29e6c791"
    }
  ],
  "bbox": [
    136.41054103691906,
    1.4864790308409426,
    163.10871676992107,
    12.13529923650791
  ]
}
