{
  "type": "FeatureCollection",
  "features": [
    {
      "type": "Feature",
      "properties": {
        "id": "7f8590e1-9190-405f-922f-eab594d535d3",
        "name": "sketch298-0"
      },
      "geometry": {
        "type": "Polygon",
        "coordinates": [
          [
            [
              141.7217529576343,
              9.632566350281126
            ],
            [
              141.9780573595884,
              9.604488135550854
            ],
            [
              141.7107172638322,
              9.594170363723038
            ],
            [
              141.82338727684868,
              9.450261664708671
            ],
            [
              141.69113558496926,
              9.520717799171969
            ],
            [
              141.465513047708,
              9.385584028801821
            ],
            [
              141.46662485038493,
              9.536729915550897
            ],
            [
              141.44170672631978,
              9.594577066523685
            ],
            [
              141.4018858194957,
              9.709152813295999
            ],
            [
              141.56445595281158,
              9.901944659457566
            ],
            [
              141.7217529576343,
              9.632566350281126
            ]
          ]
        ]
      },
      "id": "7f8590e1-9190-405f-922f-eab594d535d3"
    },
    {
      "type": "Feature",
      "properties": {
        "id": "d80b2354-1912-40eb-8db5-fb70f830307d",
        "name": "sketch298-1"
      },
      "geometry": {
        "type": "Polygon",
        "coordinates": [
          [
            [
              151.57216177526902,
              -0.1490498833159255
            ],
            [
              151.57732085064856,
              -0.5049359879476779
            ],
            [
              151.84324651913892,
              -0.574085357182798
            ],
            [
              151.91229458955644,
              -0.8613228132817785
            ],
            [
              151.67581532690608,
              -0.9800667781334466
            ],
            [
              151.30883548141938,
              -0.9156001112327128
            ],
            [
              151.22795038798873,
              -0.7652698416377959
            ],
            [
              151.28363361044137,
              -0.48330933882246546
            ],
            [
              151.22002832314678,
              -0.3088253912592836
            ],
            [
              151.25410725651972,
              -0.22822449890931956
            ],
            [
              151.57216177526902,
              -0.1490498833159255
            ]
          ]
        ]
      },
      "id": "d80b2354-1912-40eb-8db5-fb70f830307d"
    },
    {
      "type": "Feature",
      "properties": {
        "id": "f094a451-3e3e-47cf-aaf7-95524da6855d",
        "name": "sketch298-2"
      },
      "geometry": {
        "type": "Polygon",
        "coordinates": [
          [
            [
              151.80624818814144,
              8.15648601720347
            ],
            [
              151.7811295801649,
              8.121358556430335
            ],
            [
              151.97522893190958,
              7.825820542766244
            ],
            [
              151.8026119198824,
              7.67458647415687
            ],
            [
              151.57627390831092,
              7.601196567509357
            ],
            [
              151.4107652196915,
              7.630040253985993
            ],
            [
              151.4564754818581,
              7.825371334683363
            ],
            [
              151.07970995099177,
              7.813037029728393
            ],
            [
              151.37769800887523,
              7.898038775757689
            ],
            [
              151.47273750299775,
              7.980376966047361
            ],
            [
              151.80624818814144,
              8.15648601720347
            ]
          ]
        ]
      },
      "id": "f094a451-3e3e-47cf-aaf7-95524da6855d"
    },
    {
      "type": "Feature",
      "properties": {
        "id": "f2783026-0d0e-49c6-bd1c-20a9e0bfb537",
        "name": "sketch298-3"
      },
      "geometry": {
        "type": "Polygon",
        "coordinates": [
          [
            [
              164.65766388650403,
              -0.4071729524910738
            ],
            [
              164.56211791278815,
              -0.72293487350671
            ],
            [
              164.67397000802035,
              -0.847284411448713
            ],
            [
              164.52007345660743,
              -0.8669178537969077
            ],
            [
              164.55958380108106,
              -0.9520577108953905
            ],
            [
              164.37523162741363,
              -1.111282018513743
            ],
            [
              164.4325125905196,
              -0.8407807452874537
            ],
            [
              164.10269984993687,
              -0.8870497082829256
            ],
            [
              164.1679474979237,
              -0.7371353474946108
            ],
            [
              164.2462917824475,
              -0.5966774597380871
            ],
            [
              164.65766388650403,
              -0.4071729524910738
            ]
          ]
        ]
      },
      "id": "f2783026-0d0e-49c6-bd1c-20a9e0bfb537"
    },
    {
      "type": "Feature",
      "properties": {
        "id": "9ac50df4-df36-48ba-b27b-bf4259faf989",
        "name": "sketch298-4"
      },
      "geometry": {
        "type": "Polygon",
        "coordinates": [
          [
            [
              156.18482502577004,
              11.544543296772725
            ],
            [
              156.2918177842639,
              11.33087417377008
            ],
            [
              156.2936854698194,
              11.281344914378517
            ],
            [
              156.3902390143381,
              11.268637770704371
            ],
            [
              156.25313129286982,
              11.131937215061566
            ],
            [
              156.07476373213856,
              11.18850752042044
            ],
            [
              156.03240710455657,
              11.252882848835553
            ],
            [
              155.70276163447025,
              11.324224395141016
            ],
            [
              156.0736397487674,
              11.304320949713034
            ],
            [
              156.09696006915405,
              11.30303727840564
            ],
            [
              156.18482502577004,
              11.544543296772725
            ]
          ]
        ]
      },
      "id": "9ac50df4-df36-48ba-b27b-bf4259faf989"
    },
    {
      "type": "Feature",
      "properties": {
        "id": "da54c143-dfdb-4159-964a-7f5d9799fdc2",
        "name": "sketch298-5"
      },
      "geometry": {
        "type": "Polygon",
        "coordinates": [
          [
            [
              162.24904478336413,
              5.155334455301282
            ],
            [
              162.1675014471315,
              4.71541071248652
            ],
            [
              162.45086172401517,
              4.976394317114024
            ],
            [
              162.29484359294457,
              4.699043523941227
            ],
            [
              162.40992132838014,
              4.515987408650584
            ],
            [
              162.1723622270554,
              4.46928525309385
            ],
            [
              162.1226201069783,
              4.680214886924445
            ],
            [
              162.05846794141567,
              4.700674033043158
            ],
            [
              162.01748703560781,
              4.772450982760567
            ],
            [
              162.06076469413182,
              4.985603172446668
            ],
            [
              162.24904478336413,
              5.155334455301282
            ]
          ]
        ]
      },
      "id": "da54c143-dfdb-4159-964a-7f5d9799fdc2"
    },
    {
      "type": "Feature",
      "properties": {
        "id": "a17547f6-6a0d-4d1a-aaaa-5e7ccca857fb",
        "name": "sketch298-6"
      },
      "geometry": {
        "type": "Polygon",
        "coordinates": [
          [
            [
              136.80453643425477,
              1.7684014003516275
            ],
            [
              137.10670965861945,
              1.6495528360935638
            ],
            [
              136.96594302742528,
              1.4865553006222338
            ],
            [
              136.77277905753408,
              1.6050992997462794
            ],
            [
              136.68589271322367,
              1.600120564979679
            ],
            [
              136.64370771285377,
              1.6827509848706967
            ],
            [
              136.7093197115758,
              1.7564035753756926
            ],
            [
              136.64401951525684,
              1.8963378783163645
            ],
            [
              136.7513147330877,
              1.7611214224677572
            ],
            [
              136.6890804373196,
              2.021796432298714
            ],
            [
              136.80453643425477,
              1.7684014003516275
            ]
          ]
        ]
      },
      "id": "a17547f6-6a0d-4d1a-aaaa-5e7ccca857fb"
    },
    {
      "type": "Feature",
      "properties": {
        "id": "595291d0-8d49-4cd1-af5a-2f88371f5a06",
        "name": "sketch298-7"
      },
      "geometry": {
        "type": "Polygon",
        "coordinates": [
          [
            [
              139.83471779288163,
              6.576853586128484
            ],
            [
              139.7944903250295,
              6.389324966849531
            ],
            [
              140.10880800928237,
              6.355265939844568
            ],
            [
              139.7639172911407,
              6.165203215135308
            ],
            [
              139.5769673048535,
              5.9531955415021125
            ],
            [
              139.60517651813637,
              6.243035086995055
            ],
            [
              139.6083041602625,
              6.286990103061008
            ],
            [
              139.32004633609395,
              6.601880665960617
            ],
            [
              139.538352465294,
              6.420045613766383
            ],
            [
              139.5922015778897,
              6.445063989603988
            ],
            [
              139.83471779288163,
              6.576853586128484
            ]
          ]
        ]
      },
      "id": "595291d0-8d49-4cd1-af5a-2f88371f5a06"
    }
  ],
  "bbox": [
    136.64370771285377,
    -1.111282018513743,
    164.67397000802035,
    11.544543296772725
  ]
}
