{
  "type": "FeatureCollection",
  "features": [
    {
      "type": "Feature",
      "properties": {
        "id": "01b52bdf-05b1-4a54-8fcb-487b3f5e8083",
        "name": "sketch259-0"
      },
      "geometry": {
        "type": "Polygon",
        "coordinates": [
          [
            [
              140.23323825459858,
              3.9690805483671308
            ],
            [
              140.18543644042776,
              3.875231365202585
            ],
            [
              140.52608094229606,
              3.9616662842501773
            ],
            [
              140.3638791366197,
              3.5676640738724807
            ],
            [
              140.16538400565952,
              3.6365375797796897
            ],
            [
              140.00075569142038,
              3.7110932371783996
            ],
            [
              139.88364563647522,
              3.7526584978473005
            ],
            [
              139.6671945325488,
              3.928928059886602
            ],
            [
              139.81015253291966,
              4.035684025415111
            ],
            [
              140.04622478778856,
              3.976227497512262
            ],
            [
              140.23323825459858,
              3.9690805483671308
            ]
          ]
        ]
      },
      "id": "01b52bdf-05b1-4a54-8fcb-487b3f5e8083"
    },
    {
      "type": "Feature",
      "properties": {
        "id": "a44c0126-e4e7-496f-89b9-ef68f86437d6",
        "name": "sketch259-1"
      },
      "geometry": {
        "type": "Polygon",
        "coordinates": [
          [
            [
              150.94171472440942,
              4.057927059551944
            ],
            [
              151.0028880812446,
              4.058260980508602
            ],
            [
              151.10715793578947,
              3.7105380530284564
            ],
            [
              151.0883018504209,
              3.59246560301701
            ],
            [
              150.91754188229504,
              3.7363267830966667
            ],
            [
              150.83436159239162,
              3.751490757283775
            ],
            [
              150.86875396581635,
              3.490122826849595
            ],
            [
              150.65253201073918,
              3.443002838179024
            ],
            [
              150.6496299940531,
              3.6385548211214505
            ],
            [
              150.79827424655466,
              3.8311095960057866
            ],
            [
              150.94171472440942,
              4.057927059551944
            ]
          ]
        ]
      },
      "id": "a44c0126-e4e7-496f-89b9-ef68f86437d6"
    },
    {
      "type": "Feature",
      "properties": {
        "id": "4f13d52c-593f-42ee-a35f-e975d786f616",
        "name": "sketch259-2"
      },
      "geometry": {
        "type": "Polygon",
        "coordinates": [
          [
            [
              157.76322068555507,
              5.459241097869232
            ],
            [
              157.56662790639336,
              5.29526231931747
            ],
            [
              157.54693408821447,
              5.242170481710856
            ],
            [
              157.80735728393338,
              5.07763941885683
            ],
            [
              157.72703662621262,
              4.907702074254818
            ],
            [
              157.63433480884495,
              4.838262420557531
            ],
            [
              157.43607228069646,
              5.19411403017466
            ],
            [
              157.13431734050064,
              5.2885200819700975
            ],
            [
              157.20671155651505,
              5.505255758134506
            ],
            [
              157.25751703012162,
              5.644640246829507
            ],
            [
              157.76322068555507,
              5.459241097869232
            ]
          ]
        ]
      },
      "id": "4f13d52c-593f-42ee-a35f-e975d786f616"
    },
    {
      "type": "Feature",
      "properties": {
        "id": "30f51606-df65-483d-8c19-825852ed7328",
        "name": "sketch259-3"
      },
      "geometry": {
        "type": "Polygon",
        "coordinates": [
          [
            [
              164.4838175362434,
              13.882007662197706
            ],
            [
              164.64054177819986,
              13.733665475553972
            ],
            [
              164.48860115503066,
              13.436205425987973
            ],
            [
              164.86913741713673,
              13.262677374941653
            ],
            [
              164.4958466630466,
              13.1354687055786
            ],
            [
              164.4565015742394,
              13.149955161803184
            ],
            [
              164.40724385536458,
              13.29456499097387
            ],
            [
              164.26678319751161,
              13.10398402014762
            ],
            [
              164.1518461224358,
              13.263275928426435
            ],
            [
              164.23576717300895,
              13.532236726759006
            ],
            [
              164.4838175362434,
              13.882007662197706
            ]
          ]
        ]
      },
      "id": "30f51606-df65-483d-8c19-825852ed7328"
    },
    {
      "type": "Feature",
      "properties": {
        "id": "95ca3bb6-f114-40b4-ac3d-9e393c0627e3",
        "name": "sketch259-4"
      },
      "geometry": {
        "type": "Polygon",
        "coordinates": [
          [
            [
              152.60578366887955,
              2.4715306000239976
            ],
            [
              152.66515294902592,
              2.4873418467539428
            ],
            [
              152.72093209023316,
              2.2136142686216487
            ],
            [
              152.64344469632258,
              2.1551498153605193
            ],
            [
              152.6714689961794,
              2.016710412328009
            ],
            [
              152.56225630189022,
              2.1745759239286353
            ],
            [
              152.48784360992508,
              2.414197030934842
            ],
            [
              152.50423882879969,
              2.4467276577521453
            ],
            [
              152.33899499462854,
              2.899563936606077
            ],
            [
              152.47233118077,
              2.6118672204727504
            ],
            [
              152.60578366887955,
              2.4715306000239976
            ]
          ]
        ]
      },
      "id": "95ca3bb6-f114-40b4-ac3d-9e393c0627e3"
    },
    {
      "type": "Feature",
      "properties": {
        "id": "d236e5a4-7654-41d7-9814-154377dd3717",
        "name": "sketch259-5"
      },
      "geometry": {
        "type": "Polygon",
        "coordinates": [
          [
            [
              148.20998614833366,
              5.465237182362093
            ],
            [
              148.42244173081795,
              5.731386843239836
            ],
            [
              148.24940281245782,
              5.33582145200854
            ],
            [
              148.49117103687138,
              5.125246076402023
            ],
            [
              148.26994114194625,
              5.239377694145152
            ],
            [
              148.45050728748672,
              5.029308911190621
            ],
            [
              148.2378343254727,
              5.136320585226795
            ],
            [
              148.0255590829094,
              5.196334910078052
            ],
            [
              147.86659380782217,
              5.251826198839079
            ],
            [
              148.00700244719053,
              5.445821975340468
            ],
            [
              148.20998614833366,
              5.465237182362093
            ]
          ]
        ]
      },
      "id": "d236e5a4-7654-41d7-9814-154377dd3717"
    },
    {
      "type": "Feature",
      "properties": {
        "id": "04c2508d-c445-4833-8b72-b759125adc0b",
        "name": "sketch259-6"
      },
      "geometry": {
        "type": "Polygon",
        "coordinates": [
          [
            [
              146.64376311259375,
              10.879893917144562
            ],
            [
              146.6403718728847,
              10.71321315719237
            ],
            [
              146.5149881470522,
              10.524163918082865
            ],
            [
              146.35609758082603,
              10.548859076650347
            ],
            [
              146.3135594696705,
              10.630797857229762
            ],
            [
              146.19086673245644,
              10.55905361498211
            ],
            [
              146.00765493660862,
              10.756778727732058
            ],
            [
              146.152164267764,
              10.809155150204806
            ],
            [
              145.98124002408593,
              10.960025547847767
            ],
            [
              146.34142525051823,
              10.674532068499579
            ],
            [
              146.64376311259375,
              10.879893917144562
            ]
          ]
        ]
      },
      "id": "04c2508d-c445-4833-8b72-b759125adc0b"
    },
    {
      "type": "Feature",
      "properties": {
        "id": "93711eb4-8d30-497f-89c0-b2eecef560b8",
        "name": "sketch259-7"
      },
      "geometry": {
        "type": "Polygon",
        "coordinates": [
          [
            [
              156.232841708179,
              11.872187390156702
            ],
            [
              156.29707252715116,
              11.686323141222296
            ],
            [
              156.24873484249858,
              11.614348530253304
            ],
            [
              156.0774396323549,
              11.602505615698856
            ],
            [
              156.12985852539123,
              11.277247817779124
            ],
            [
              156.0648208428004,
              11.475641644661021
            ],
            [
              156.00084144263016,
              11.567290759943715
            ],
            [
              155.8172665735674,
              11.533019861887542
            ],
            [
              155.69090052894933,
              11.776107355235755
            ],
            [
              155.97981934738073,
              11.80857236936143
            ],
            [
              156.232841708179,
              11.872187390156702
            ]
          ]
        ]
      },
      "id": "93711eb4-8d30-497f-89c0-b2eecef560b8"
    },
    {
      "type": "Feature",
      "properties": {
        "id": "c78a6800-7cbe-45fa-803e-a2b8a890c69b",
        "name": "sketch259-8"
      },
      "geometry": {
        "type": "Polygon",
        "coordinates": [
          [
            [
              165.76000348446348,
              2.2467609032232922
            ],
            [
              165.79836361259103,
              2.176032076433427
            ],
            [
              165.65073768287093,
              1.946145222440711
            ],
            [
              165.9307526184282,
              2.0752116561587837
            ],
            [
              165.93304472585604,
              1.9236846635577347
            ],
            [
              165.67254262570913,
              1.7878610214784592
            ],
            [
              165.63245239360398,
              1.4636036030351536
            ],
            [
              165.22578261254003,
              1.5558575549691491
            ],
            [
              165.47920752180173,
              1.8845390731343739
            ],
            [
              165.39507383809854,
              2.054923644018545
            ],
            [
              165.76000348446348,
              2.2467609032232922
            ]
          ]
        ]
      },
      "id": "c78a6800-7cbe-45fa-803e-a2b8a890c69b"
    }
  ],
  "bbox": [
    139.6671945325488,
    1.4636036030351536,
    165.93304472585604,
    13.882007662197706
  ]
}
