{
  "type": "FeatureCollection",
  "features": [
    {
      "type": "Feature",
      "properties": {
        "id": "9aeb603b-2b50-42b1-be8b-22ed237f5d9f",
        "name": "sketch375-0"
      },
      "geometry": {
        "type": "Polygon",
        "coordinates": [
          [
            [
              147.27186766331306,
              1.683297378342905
            ],
            [
              147.11239771379798,
              1.5030356484200644
            ],
            [
              147.00956360994874,
              1.3599407183579235
            ],
            [
              146.93903586315082,
              1.5257347330725153
            ],
            [
              146.78775279374793,
              1.2316803046212885
            ],
            [
              146.8449531647024,
              1.400542962631767
            ],
            [
              146.8700415581175,
              1.5455272593169058
            ],
            [
              146.58715555184332,
              1.555490628517036
            ],
            [
              146.83431056079186,
              1.6627465406703126
            ],
            [
              146.81435166810485,
              2.008555849346949
            ],
            [
              147.27186766331306,
              1.683297378342905
            ]
          ]
        ]
      },
      "id": "9aeb603b-2b50-42b1-be8b-22ed237f5d9f"
    },
    {
      "type": "Feature",
      "properties": {
        "id": "6d8ffa24-2c9a-44b6-8dc4-68cbfbb39353",
        "name": "sketch375-1"
      },
      "geometry": {
        "type": "Polygon",
        "coordinates": [
          [
            [
              155.72302142231933,
              6.769394945978795
            ],
            [
              155.5737883734242,
              6.418898830986359
            ],
            [
              155.57235717558234,
              6.302436387854076
            ],
            [
              155.35620552935865,
              6.0623309002180985
            ],
            [
              155.31617666332156,
              6.392550204900823
            ],
            [
              155.32614689134505,
              6.204503531592961
            ],
            [
              155.2509651591723,
              6.021467873986216
            ],
            [
              155.06403742726587,
              6.226445435162521
            ],
            [
              154.81345835451938,
              6.539256660163693
            ],
            [
              155.3010024707347,
              6.513518828851827
            ],
            [
              155.72302142231933,
              6.769394945978795
            ]
          ]
        ]
      },
      "id": "6d8ffa24-2c9a-44b6-8dc4-68cbfbb39353"
    },
    {
      "type": "Feature",
      "properties": {
        "id": "d026fafd-100c-4885-9001-1157abff39f6",
        "name": "sketch375-2"
      },
      "geometry": {
        "type": "Polygon",
        "coordinates": [
          [
            [
              148.33345923411306,
              8.370325360458047
            ],
            [
              148.47441586407044,
              8.259294927783163
            ],
            [
              148.6328947682834,
              8.007082530312795
            ],
            [
              148.58068814166535,
              7.7882546314594965
            ],
            [
              148.28682838305252,
              7.9123656249936
            ],
            [
              148.2009494174157,
              7.9078110974383655
            ],
            [
              148.23991045245933,
              8.097848091008979
            ],
            [
              148.10296918787606,
              8.04582358093433
            ],
            [
              147.87068717190834,
              8.228851750868895
            ],
            [
              148.02595240456446,
              8.29850065457308
            ],
            [
              148.33345923411306,
              8.370325360458047
            ]
          ]
        ]
      },
      "id": "d026fafd-100c-4885-9001-1157abff39f6"
    },
    {
      "type": "Feature",
      "properties": {
        "id": "2f135e6b-3eaa-4856-8268-8f8b4cb9d1fd",
        "name": "sketch375-3"
      },
      "geometry": {
        "type": "Polygon",
        "coordinates": [
          [
            [
              159.51174871724118,
              0.010080206761933483
            ],
            [
              159.58870952313853,
              -0.02526821647073063
            ],
            [
              159.62418745040748,
              -0.13987267711766976
            ],
            [
              159.6107453160526,
              -0.3232908104479169
            ],
            [
              159.58263588174574,
              -0.5294239732423108
            ],
            [
              159.44120308620853,
              -0.2113438158298057
            ],
            [
              159.18293342506047,
              -0.28213127692078954
            ],
            [
              159.17495185673604,
              -0.024154197640296922
            ],
            [
              159.44179576279444,
              -0.04963775006034347
            ],
            [
              159.38769882173733,
              0.2533391695913818
            ],
            [
              159.51174871724118,
              0.010080206761933483
            ]
          ]
        ]
      },
      "id": "2f135e6b-3eaa-4856-8268-8f8b4cb9d1fd"
    },
    {
      "type": "Feature",
      "properties": {
        "id": "0987963a-0a0d-4da0-be15-6c66ae1e01ef",
        "name": "sketch375-4"
      },
      "geometry": {
        "type": "Polygon",
        "coordinates": [
          [
            [
              153.84648607897103,
              10.163238499049276
            ],
            [
              153.63883590079857,
              9.988482299198486
            ],
            [
              153.80115892237248,
              9.949518827424196
            ],
            [
              153.67330545794815,
              9.881236226708301
            ],
            [
              153.63172459850543,
              9.774551300128698
            ],
            [
              153.5312603652813,
              9.84084923425231
            ],
            [
              153.35664970835873,
              9.646253898197738
            ],
            [
              153.15495200665822,
              9.982786801140143
            ],
            [
              153.46027409769314,
              10.071431802068036
            ],
            [
              153.3280436740249,
              10.287313631556772
            ],
            [
              153.84648607897103,
              10.163238499049276
            ]
          ]
        ]
      },
      "id": "0987963a-0a0d-4da0-be15-6c66ae1e01ef"
    }
  ],
  "bbox": [
    146.58715555184332,
    -0.5294239732423108,
    159.62418745040748,
    10.287313631556772
  ]
}
