{
  "type": "FeatureCollection",
  "features": [
    {
      "type": "Feature",
      "properties": {
        "id": "4e145096-a05e-4446-bd9c-308b3ebdf532",
        "name": "sketch323-0"
      },
      "geometry": {
        "type": "Polygon",
        "coordinates": [
          [
            [
              142.63981396263742,
              2.3476586808638875
            ],
            [
              142.7484600937274,
              2.3041231593627227
            ],
            [
              142.65335518596123,
              2.241782605665925
            ],
            [
              142.76048250732342,
              2.10809888920171
            ],
            [
              142.77041628730385,
              1.9952571094462228
            ],
            [
              142.58327538313162,
              2.260922549722009
            ],
            [
              142.56784135573267,
              1.8046612307611765
            ],
            [
              142.4490706410352,
              2.1164062019487466
            ],
            [
              142.11787369457292,
              2.229547029428766
            ],
            [
              142.4553317122149,
              2.393786196610134
            ],
            [
              142.63981396263742,
              2.3476586808638875
            ]
          ]
        ]
      },
      "id": "4e145096-a05e-4446-bd9c-308b3ebdf532"
    },
    {
      "type": "Feature",
      "properties": {
        "id": "88d2ca78-e9aa-4f1b-ab68-658f1b79adff",
        "name": "sketch323-1"
      },
      "geometry": {
        "type": "Polygon",
        "coordinates": [
          [
            [
              142.1681444273285,
              7.683922566362156
            ],
            [
              142.27612689541658,
              7.7420999780787945
            ],
            [
              142.3029364469081,
              7.718070599441985
            ],
            [
              142.36582119226495,
              7.764026459046212
            ],
            [
              142.2586372851713,
              7.5860765236743175
            ],
            [
              142.24190049101784,
              7.527286239341318
            ],
            [
              142.13690767040762,
              7.557596736365261
            ],
            [
              141.98077354470868,
              7.432999432578188
            ],
            [
              141.8196164518965,
              7.306841286673226
            ],
            [
              142.02671964428956,
              7.667913343508479
            ],
            [
              142.1681444273285,
              7.683922566362156
            ]
          ]
        ]
      },
      "id": "88d2ca78-e9aa-4f1b-ab68-658f1b79adff"
    },
    {
      "type": "Feature",
      "properties": {
        "id": "9476b137-943a-4c7b-82d0-ea3c87ae39a0",
        "name": "sketch323-2"
      },
      "geometry": {
        "type": "Polygon",
        "coordinates": [
          [
            [
              163.46475244934064,
              10.817953864231145
            ],
            [
              163.60354334456656,
              10.80592985869962
            ],
            [
              163.783872459965,
              10.589916649628792
            ],
            [
              163.4862933194579,
              10.567549618844554
            ],
            [
              163.35828543606726,
              10.519655488654655
            ],
            [
              163.24947701399705,
              10.498251215027812
            ],
            [
              163.33348073037288,
              10.663454188845485
            ],
            [
              163.3834851364848,
              10.699181228542612
            ],
            [
              163.20553089441046,
              10.785055100761396
            ],
            [
              163.26740999362866,
              11.024261135946514
            ],
            [
              163.46475244934064,
              10.817953864231145
            ]
          ]
        ]
      },
      "id": "9476b137-943a-4c7b-82d0-ea3c87ae39a0"
    }
  ],
  "bbox": [
    141.8196164518965,
    1.8046612307611765,
    163.783872459965,
    11.024261135946514
  ]
}
