{
  "type": "FeatureCollection",
  "features": [
    {
      "type": "Feature",
      "properties": {
        "id": "2b1a5e7e-eebf-4827-98dc-4bff0dfaac51",
        "name": "sketch223-0"
      },
      "geometry": {
        "type": "Polygon",
        "coordinates": [
          [
            [
              164.3799799222576,
              0.6929256396794732
            ],
            [
              164.28506797615563,
              0.46927928319212203
            ],
            [
              164.2419814357773,
              0.41595607680450664
            ],
            [
              164.33193231171487,
              0.27938317702338367
            ],
            [
              164.2404891413819,
              0.07624816710003762
            ],
            [
              164.06233685572198,
              0.3843024466387374
            ],
            [
              163.89346202012334,
              0.23632343804231049
            ],
            [
              163.84254765720536,
              0.4010521387531668
            ],
            [
              163.7436021056319,
              0.6582123307859169
            ],
            [
              164.06883664137465,
              0.5024540429165756
            ],
            [
              164.3799799222576,
              0.6929256396794732
            ]
          ]
        ]
      },
      "id": "2b1a5e7e-eebf-4827-98dc-4bff0dfaac51"
    },
    {
      "type": "Feature",
      "properties": {
        "id": "782ab128-067d-4775-98d5-e44432e44797",
        "name": "sketch223-1"
      },
      "geometry": {
        "type": "Polygon",
        "coordinates": [
          [
            [
              143.94797115263196,
              9.521668214148352
            ],
            [
              144.12176312772877,
              9.510550146779364
            ],
            [
              144.04375941990557,
              9.316742954810186
            ],
            [
              143.95086558544114,
              9.30218552805899
            ],
            [
              143.90095554616045,
              9.201410333423775
            ],
            [
              143.84441321769916,
              9.29764812593726
            ],
            [
              143.8552833174222,
              9.416923628320859
            ],
            [
              143.79436045481987,
              9.425836595949566
            ],
            [
              143.84418397147314,
              9.562759090073838
            ],
            [
              143.84623691068558,
              9.566491968911292
            ],
            [
              143.94797115263196,
              9.521668214148352
            ]
          ]
        ]
      },
      "id": "782ab128-067d-4775-98d5-e44432e44797"
    },
    {
      "type": "Feature",
      "properties": {
        "id": "0e05c28e-4cec-48f0-9a03-ff7a33883fae",
        "name": "sketch223-2"
      },
      "geometry": {
        "type": "Polygon",
        "coordinates": [
          [
            [
              150.87596397855464,
              7.173022405155729
            ],
            [
              150.57594720731117,
              6.8409612734995875
            ],
            [
              150.61448441739998,
              6.736125968218131
            ],
            [
              150.7270583790265,
              6.479399767213038
            ],
            [
              150.59524959220096,
              6.749128907775448
            ],
            [
              150.39962173937877,
              6.563314512317416
            ],
            [
              150.3407146036547,
              6.734516717329308
            ],
            [
              150.0847857039861,
              6.868718959355112
            ],
            [
              150.2378410077406,
              6.959178571555798
            ],
            [
              150.28294444000971,
              7.15946057564577
            ],
            [
              150.87596397855464,
              7.173022405155729
            ]
          ]
        ]
      },
      "id": "0e05c28e-4cec-48f0-9a03-ff7a33883fae"
    }
  ],
  "bbox": [
    143.79436045481987,
    0.07624816710003762,
    164.3799799222576,
    9.566491968911292
  ]
}
