{
  "type": "FeatureCollection",
  "features": [
    {
      "type": "Feature",
      "properties": {
        "id": "a0343d75-be10-4cb0-bb7e-81631ceeac51",
        "name": "sketch290-0"
      },
      "geometry": {
        "type": "Polygon",
        "coordinates": [
          [
            [
              152.7469339549053,
              3.613804920853385
            ],
            [
              152.78305794711122,
              3.637656789148903
            ],
            [
              153.1713005009661,
              3.549350527740224
            ],
            [
              152.83104144606133,
              3.4257999360944056
            ],
            [
              152.70282099499696,
              3.386431978559926
            ],
            [
              152.64278677490023,
              3.377567156095447
            ],
            [
              152.60376596681385,
              3.3571406923126696
            ],
            [
              152.4882595842664,
              3.6017445226077154
            ],
            [
              152.4772435237803,
              3.642024105603781
            ],
            [
              152.48339290790037,
              3.8275766659236203
            ],
            [
              152.7469339549053,
              3.613804920853385
            ]
          ]
        ]
      },
      "id": "a0343d75-be10-4cb0-bb7e-81631ceeac51"
    },
    {
      "type": "Feature",
      "properties": {
        "id": "907f0a7b-8e2b-4363-bdab-ac5483955d52",
        "name": "sketch290-1"
      },
      "geometry": {
        "type": "Polygon",
        "coordinates": [
          [
            [
              149.73399070430926,
              -0.48041163639757084
            ],
            [
              149.97937867776372,
              -0.5793120715725446
            ],
            [
              150.11700170024727,
              -1.0366298150696083
            ],
            [
              150.02085476745216,
              -1.1103732961748054
            ],
            [
              150.04454556478711,
              -1.307040724583997
            ],
            [
              149.52691882321548,
              -1.317429779694967
            ],
            [
              149.60463607511852,
              -1.042652469650003
            ],
            [
              149.71325966167288,
              -0.9397304702110856
            ],
            [
              149.4930307383077,
              -0.7895928356212767
            ],
            [
              149.60491249392072,
              -0.6796772046718631
            ],
            [
              149.73399070430926,
              -0.48041163639757084
            ]
          ]
        ]
      },
      "id": "907f0a7b-8e2b-4363-bdab-ac5483955d52"
    },
    {
      "type": "Feature",
      "properties": {
        "id": "ceb8ecd9-c4ea-4c7c-a120-1b56d887c354",
        "name": "sketch290-2"
      },
      "geometry": {
        "type": "Polygon",
        "coordinates": [
          [
            [
              162.09544943081278,
              1.706763917540225
            ],
            [
              162.26277353721989,
              1.8141986140736903
            ],
            [
              162.26192725152458,
              1.5717490718223166
            ],
            [
              162.3267868582678,
              1.3745062631763967
            ],
            [
              162.3124416019997,
              1.1821324458067264
            ],
            [
              161.9922982314883,
              1.052007714856528
            ],
            [
              161.97515984430748,
              1.3282873277124088
            ],
            [
              161.75917587946256,
              1.3631453826475206
            ],
            [
              161.65382609175705,
              1.7997154248201934
            ],
            [
              161.93242691146258,
              1.583900952645805
            ],
            [
              162.09544943081278,
              1.706763917540225
            ]
          ]
        ]
      },
      "id": "ceb8ecd9-c4ea-4c7c-a120-1b56d887c354"
    },
    {
      "type": "Feature",
      "properties": {
        "id": "1c3ce821-06aa-49ec-b01a-3c689d3434be",
        "name": "sketch290-3"
      },
      "geometry": {
        "type": "Polygon",
        "coordinates": [
          [
            [
              140.8636047131367,
              0.12545308129800467
            ],
            [
              140.8336195701838,
              0.043093404567903906
            ],
            [
              141.18548040721967,
              0.09964418807992245
            ],
            [
              141.04404661494362,
              -0.20359848864087524
            ],
            [
              140.74296400987834,
              -0.09901478832204463
            ],
            [
              140.59924424480087,
              -0.39836592024892137
            ],
            [
              140.70890089790478,
              -0.08502568691987376
            ],
            [
              140.62678066109297,
              -0.09082904276773635
            ],
            [
              140.42929504892453,
              0.17779748495542003
            ],
            [
              140.7228039206549,
              -0.03385001402656855
            ],
            [
              140.8636047131367,
              0.12545308129800467
            ]
          ]
        ]
      },
      "id": "1c3ce821-06aa-49ec-b01a-3c689d3434be"
    },
    {
      "type": "Feature",
      "properties": {
        "id": "2e995edd-11e1-4b5d-ba66-47e748f66ef3",
        "name": "sketch290-4"
      },
      "geometry": {
        "type": "Polygon",
        "coordinates": [
          [
            [
              164.73046616344197,
              1.688742756570548
            ],
            [
              164.58625512537097,
              1.5517547396648215
            ],
            [
              164.79306475696916,
              1.6033988764554619
            ],
            [
              164.92136133046736,
              1.482251002033538
            ],
            [
              164.9443710501137,
              1.3448667844472175
            ],
            [
              164.64851057352587,
              1.3242911610578711
            ],
            [
              164.5630169456601,
              1.3983169087307663
            ],
            [
              164.42902570891778,
              1.3329967716868547
            ],
            [
              164.45264657282777,
              1.5163003133871173
            ],
            [
              164.32102968928308,
              1.839892756980713
            ],
            [
              164.73046616344197,
              1.688742756570548
            ]
          ]
        ]
      },
      "id": "2e995edd-11e1-4b5d-ba66-47e748f66ef3"
    },
    {
      "type": "Feature",
      "properties": {
        "id": "a99a4adf-617d-4882-bf0e-592efe4a0f70",
        "name": "sketch290-5"
      },
      "geometry": {
        "type": "Polygon",
        "coordinates": [
          [
            [
              148.22771057650056,
              0.8382237107889736
            ],
            [
              148.5220448269977,
              1.0249831265224034
            ],
            [
              148.5942229395217,
              0.7673056263192894
            ],
            [
              148.2465762576045,
              0.6799067841117975
            ],
            [
              148.12163130599583,
              0.6315875568640337
            ],
            [
              148.03324114584632,
              0.7164155016877516
            ],
            [
              148.08508901187676,
              0.7850884854299538
            ],
            [
              147.85289792522246,
              0.8926045898050696
            ],
            [
              147.95173698391795,
              1.086049044365406
            ],
            [
              147.95304237599578,
              1.1470907527272245
            ],
            [
              148.22771057650056,
              0.8382237107889736
            ]
          ]
        ]
      },
      "id": "a99a4adf-617d-4882-bf0e-592efe4a0f70"
    },
    {
      "type": "Feature",
      "properties": {
        "id": "103024a1-ab1c-4ee5-864a-9899712ca76d",
        "name": "sketch290-6"
      },
      "geometry": {
        "type": "Polygon",
        "coordinates": [
          [
            [
              163.41805418898375,
              6.437022992303993
            ],
            [
              163.36961832407061,
              6.2164962010920135
            ],
            [
              163.62543375798944,
              6.04021227342915
            ],
            [
              163.44249939457734,
              6.108468547886433
            ],
            [
              163.5338191458789,
              5.809741151147056
            ],
            [
              163.27957874512995,
              6.078799588970674
            ],
            [
              163.10247617866617,
              5.883568329346647
            ],
            [
              163.06763764572204,
              6.112881061437367
            ],
            [
              163.1831293500889,
              6.364162321248313
            ],
            [
              163.2967186850696,
              6.270659316197152
            ],
            [
              163.41805418898375,
              6.437022992303993
            ]
          ]
        ]
      },
      "id": "103024a1-ab1c-4ee5-864a-9899712ca76d"
    },
    {
      "type": "Feature",
      "properties": {
        "id": "45bc16a5-61a8-4cef-b40a-5e337b04240b",
        "name": "sketch290-7"
      },
      "geometry": {
        "type": "Polygon",
        "coordinates": [
          [
            [
              164.55731548826816,
              2.555818825580466
            ],
            [
              164.5658017221535,
              2.4675120489334272
            ],
            [
              164.81854379241994,
              2.241802231434647
            ],
            [
              164.45567770934713,
              2.0289502980901597
            ],
            [
              164.06262109028427,
              2.1389448921767293
            ],
            [
              164.0114395469788,
              2.33358878531776
            ],
            [
              164.3424420524672,
              2.4270861596195705
            ],
            [
              164.31586030605717,
              2.5920908978309263
            ],
            [
              164.27416532996293,
              2.6936682493403095
            ],
            [
              164.2982237420736,
              2.6843161299894707
            ],
            [
              164.55731548826816,
              2.555818825580466
            ]
          ]
        ]
      },
      "id": "45bc16a5-61a8-4cef-b40a-5e337b04240b"
    },
    {
      "type": "Feature",
      "properties": {
        "id": "36fc1c7e-05d0-4155-8ff9-c4f3f04a773f",
        "name": "sketch290-8"
      },
      "geometry": {
        "type": "Polygon",
        "coordinates": [
          [
            [
              158.5433373054269,
              5.387040962690354
            ],
            [
              158.37404817025336,
              5.218512720499768
            ],
            [
              158.70289269866373,
              5.162253777383825
            ],
            [
              158.7403237355836,
              5.127406029347602
            ],
            [
              158.68165211928593,
              5.011422589010099
            ],
            [
              158.38580769824424,
              5.060507530223962
            ],
            [
              158.31827493109833,
              4.9902313594841505
            ],
            [
              157.9860970348922,
              4.91475375843978
            ],
            [
              158.34354477954884,
              5.209329942832352
            ],
            [
              158.0617360420188,
              5.5683658371284706
            ],
            [
              158.5433373054269,
              5.387040962690354
            ]
          ]
        ]
      },
      "id": "36fc1c7e-05d0-4155-8ff9-c4f3f04a773f"
    },
    {
      "type": "Feature",
      "properties": {
        "id": "91f5faa4-fdb8-4d72-ae7f-d192fcf4d71b",
        "name": "sketch290-9"
      },
      "geometry": {
        "type": "Polygon",
        "coordinates": [
          [
            [
              156.62910943048902,
              2.3917260983501603
            ],
            [
              156.68480431912226,
              2.4519997216753016
            ],
            [
              156.78796095083416,
              2.3296328981853143
            ],
            [
              156.81196698524246,
              2.284437008432589
            ],
            [
              156.93429880109997,
              1.996908170888148
            ],
            [
              156.7735049536925,
              2.11624401721332
            ],
            [
              156.67207985795028,
              2.1027968857629524
            ],
            [
              156.52935727434863,
              2.1786255559790986
            ],
            [
              156.1361448859999,
              2.26520253494848
            ],
            [
              156.37149178981133,
              2.4366535378316425
            ],
            [
              156.62910943048902,
              2.3917260983501603
            ]
          ]
        ]
      },
      "id": "91f5faa4-fdb8-4d72-ae7f-d192fcf4d71b"
    }
  ],
  "bbox": [
    140.42929504892453,
    -1.317429779694967,
    164.9443710501137,
    6.437022992303993
  ]
}
