{
  "type": "FeatureCollection",
  "features": [
    {
      "type": "Feature",
      "properties": {
        "id": "98a595d7-3b90-4e7d-b61c-129aef7a640f",
        "name": "sketch39-0"
      },
      "geometry": {
        "type": "Polygon",
        "coordinates": [
          [
            [
              144.1165848679089,
              9.18225997535325
            ],
            [
              143.84353307674496,
              8.98347726303683
            ],
            [
              144.0121015530028,
              9.101764619512387
            ],
            [
              144.19306975212427,
              8.966740853713057
            ],
            [
              143.9383088090605,
              8.828475594957938
            ],
            [
              143.9118281260622,
              8.72558619721761
            ],
            [
              143.83884724380223,
              8.799157933720224
            ],
            [
              143.57716286370285,
              8.53405682881952
            ],
            [
              143.7529239874875,
              8.947658817586818
            ],
            [
              143.6185615266716,
              9.12782182917418
            ],
            [
              144.1165848679089,
              9.18225997535325
            ]
          ]
        ]
      },
      "id": "98a595d7-3b90-4e7d-b61c-129aef7a640f"
    },
    {
      "type": "Feature",
      "properties": {
        "id": "611cdd06-ec64-4c59-b901-a6fa3f9371ee",
        "name": "sketch39-1"
      },
      "geometry": {
        "type": "Polygon",
        "coordinates": [
          [
            [
              145.5846988840669,
              -0.07265867903511639
            ],
            [
              145.52925048178517,
              -0.16479319720993868
            ],
            [
              145.65472098025165,
              -0.23627803378800316
            ],
            [
              145.52430613501292,
              -0.29363760262807825
            ],
            [
              145.45994429424525,
              -0.32192172707557076
            ],
            [
              145.4526827492973,
              -0.24277670451619388
            ],
            [
              145.03383324319287,
              -0.3799018530264496
            ],
            [
              145.42410646826042,
              -0.19386477719047263
            ],
            [
              145.13098984086642,
              0.09758214547486593
            ],
            [
              145.20813113969845,
              0.13857197030780777
            ],
            [
              145.5846988840669,
              -0.07265867903511639
            ]
          ]
        ]
      },
      "id": "611cdd06-ec64-4c59-b901-a6fa3f9371ee"
    },
    {
      "type": "Feature",
      "properties": {
        "id": "5a45bf42-a915-44df-b523-33342cb2a941",
        "name": "sketch39-2"
      },
      "geometry": {
        "type": "Polygon",
        "coordinates": [
          [
            [
              155.1787670370265,
              5.830979544796116
            ],
            [
              155.3270231628494,
              5.670004766272173
            ],
            [
              155.23642422928725,
              5.511299435400366
            ],
            [
              155.13519438238137,
              5.40091600896744
            ],
            [
              154.91450912183282,
              5.425345582274018
            ],
            [
              154.84750943387593,
              5.003409734169628
            ],
            [
              154.60183672200006,
              5.1095615688945175
            ],
            [
              154.80640148083828,
              5.45880308584152
            ],
            [
              154.5097865836204,
              5.684130047743665
            ],
            [
              154.8564951545486,
              5.54440359917363
            ],
            [
              155.1787670370265,
              5.830979544796116
            ]
          ]
        ]
      },
      "id": "5a45bf42-a915-44df-b523-33342cb2a941"
    },
    {
      "type": "Feature",
      "properties": {
        "id": "d199dcf5-1246-4c9c-9cc3-17f63719d6a0",
        "name": "sketch39-3"
      },
      "geometry": {
        "type": "Polygon",
        "coordinates": [
          [
            [
              158.61802020907825,
              12.165713832277325
            ],
            [
              158.5964308644721,
              11.889471329974507
            ],
            [
              158.50558423598423,
              11.726970163558915
            ],
            [
              158.87912000802407,
              11.645767139064873
            ],
            [
              158.44939700617365,
              11.655003268478238
            ],
            [
              158.2829283308225,
              11.266231334927602
            ],
            [
              157.9198399499196,
              11.576385114532291
            ],
            [
              158.17984822528848,
              11.710241662446258
            ],
            [
              158.27435432862484,
              11.840805820253038
            ],
            [
              158.35906683403883,
              12.104027260563047
            ],
            [
              158.61802020907825,
              12.165713832277325
            ]
          ]
        ]
      },
      "id": "d199dcf5-1246-4c9c-9cc3-17f63719d6a0"
    },
    {
      "type": "Feature",
      "properties": {
        "id": "0474ac39-abed-4558-99d4-fdf5eb3d2275",
        "name": "sketch39-4"
      },
      "geometry": {
        "type": "Polygon",
        "coordinates": [
          [
            [
              164.70678106187933,
              2.177175067113562
            ],
            [
              164.7175920954275,
              1.873169661664007
            ],
            [
              165.13516210314336,
              1.9705908557440504
            ],
            [
              164.91548148656005,
              1.7483396366654615
            ],
            [
              164.76024730647006,
              1.6789171375065932
            ],
            [
              164.5221207864223,
              1.4277639787215202
            ],
            [
              164.64680614229897,
              1.714594740883275
            ],
            [
              164.4550992366371,
              1.7734876891260742
            ],
            [
              164.60034719040496,
              1.847196883718995
            ],
            [
              164.4961428605542,
              2.0747265222000366
            ],
            [
              164.70678106187933,
              2.177175067113562
            ]
          ]
        ]
      },
      "id": "0474ac39-abed-4558-99d4-fdf5eb3d2275"
    },
    {
      "type": "Feature",
      "properties": {
        "id": "27203b9e-93db-455e-939e-6475a41d3c39",
        "name": "sketch39-5"
      },
      "geometry": {
        "type": "Polygon",
        "coordinates": [
          [
            [
              157.11297497278466,
              12.378746246588088
            ],
            [
              157.025604631051,
              12.304653032009348
            ],
            [
              157.20677734996843,
              12.342162047298192
            ],
            [
              157.27132697559603,
              12.156704358707636
            ],
            [
              157.0384375596021,
              12.068735960240149
            ],
            [
              156.96964493644978,
              11.91617558530183
            ],
            [
              156.7229565565388,
              11.938166396206375
            ],
            [
              156.85044191907994,
              12.201099038586026
            ],
            [
              156.89846539538757,
              12.273282674727866
            ],
            [
              156.98539823902726,
              12.326417905445052
            ],
            [
              157.11297497278466,
              12.378746246588088
            ]
          ]
        ]
      },
      "id": "27203b9e-93db-455e-939e-6475a41d3c39"
    },
    {
      "type": "Feature",
      "properties": {
        "id": "f031ed5a-efb2-4c27-8a2a-198674c815a3",
        "name": "sketch39-6"
      },
      "geometry": {
        "type": "Polygon",
        "coordinates": [
          [
            [
              139.8568162857634,
              -0.7869850521233795
            ],
            [
              139.83459910072455,
              -0.9675070808053775
            ],
            [
              139.80200045650716,
              -1.1512789033627324
            ],
            [
              140.07593636885008,
              -1.3295502513333342
            ],
            [
              139.7882384543785,
              -1.4765024077720028
            ],
            [
              139.76141168225692,
              -1.1780746289805073
            ],
            [
              139.68512506763562,
              -1.19292036027585
            ],
            [
              139.42197852289053,
              -1.2041931571135067
            ],
            [
              139.7594557394112,
              -1.1674460753743856
            ],
            [
              139.6905899444855,
              -0.9251602370593102
            ],
            [
              139.8568162857634,
              -0.7869850521233795
            ]
          ]
        ]
      },
      "id": "f031ed5a-efb2-4c27-8a2a-198674c815a3"
    },
    {
      "type": "Feature",
      "properties": {
        "id": "b042655b-6f85-41d3-9493-ba63723b6da7",
        "name": "sketch39-7"
      },
      "geometry": {
        "type": "Polygon",
        "coordinates": [
          [
            [
              159.0904721614119,
              9.626486454031921
            ],
            [
              159.14361523110333,
              9.388337810708126
            ],
            [
              159.0544688719653,
              9.347085437051474
            ],
            [
              159.1868083193658,
              9.014976113379882
            ],
            [
              159.04768607989126,
              8.880719694501991
            ],
            [
              159.03776640553835,
              9.087150157121048
            ],
            [
              158.78967566529215,
              9.002474228095833
            ],
            [
              158.99728980047095,
              9.31065506413409
            ],
            [
              158.93895334234912,
              9.316479127868064
            ],
            [
              158.94401036416198,
              9.436601100632668
            ],
            [
              159.0904721614119,
              9.626486454031921
            ]
          ]
        ]
      },
      "id": "b042655b-6f85-41d3-9493-ba63723b6da7"
    },
    {
      "type": "Feature",
      "properties": {
        "id": "76c2b60a-6f7b-42bf-a5a4-63ea771ce083",
        "name": "sketch39-8"
      },
      "geometry": {
        "type": "Polygon",
        "coordinates": [
          [
            [
              147.2760584282924,
              -0.06243959830620194
            ],
            [
              146.9732294823106,
              -0.26968641924874803
            ],
            [
              147.33792292271264,
              -0.3415392956680688
            ],
            [
              147.2686694675134,
              -0.4155670850258729
            ],
            [
              147.1397968058044,
              -0.5277487872243392
            ],
            [
              147.06544596169152,
              -0.46783041477527654
            ],
            [
              146.94499332022335,
              -0.3194149483563674
            ],
            [
              146.93689484078416,
              -0.34041482188406696
            ],
            [
              146.5340391717627,
              -0.41438240799299714
            ],
            [
              146.66988390789328,
              -0.028551224447981638
            ],
            [
              147.2760584282924,
              -0.06243959830620194
            ]
          ]
        ]
      },
      "id": "76c2b60a-6f7b-42bf-a5a4-63ea771ce083"
    }
  ],
  "bbox": [
    139.42197852289053,
    -1.4765024077720028,
    165.13516210314336,
    12.378746246588088
  ]
}
