{
  "type": "FeatureCollection",
  "features": [
    {
      "type": "Feature",
      "properties": {
        "id": "d62deb8f-c590-41fb-a304-519ceed69601",
        "name": "sketch54-0"
      },
      "geometry": {
        "type": "Polygon",
        "coordinates": [
          [
            [
              160.3651003235292,
              7.428693427242667
            ],
            [
              160.66551789005544,
              7.338127703175332
            ],
            [
              160.46785194691947,
              7.173863273804002
            ],
            [
              160.74651381420583,
              7.033956590840376
            ],
            [
              160.6093765031843,
              6.836771124490102
            ],
            [
              160.3437155687284,
              6.782409836452722
            ],
            [
              160.33000747287713,
              7.085149032197808
            ],
            [
              160.192533438501,
              7.140777601534012
            ],
            [
              160.10649548907205,
              7.172301330588894
            ],
            [
              160.09846438866313,
              7.476233399306581
            ],
            [
              160.3651003235292,
              7.428693427242667
            ]
          ]
        ]
      },
      "id": "d62deb8f-c590-41fb-a304-519ceed69601"
    },
    {
      "type": "Feature",
      "properties": {
        "id": "59467c0c-9749-4bdb-a09d-cef463ea0443",
        "name": "sketch54-1"
      },
      "geometry": {
        "type": "Polygon",
        "coordinates": [
          [
            [
              153.95771109156058,
              8.771563380804102
            ],
            [
              153.88209342793365,
              8.567543322581832
            ],
            [
              154.01753737004316,
              8.344525311854404
            ],
            [
              154.0596159122336,
              8.235122488963984
            ],
            [
              153.83493571388578,
              8.188846806266843
            ],
            [
              153.7096386595047,
              8.079738339860127
            ],
            [
              153.44220006234346,
              8.305767376960677
            ],
            [
              153.4320948589502,
              8.542046056106345
            ],
            [
              153.5435314594782,
              8.61649294446769
            ],
            [
              153.52167531426767,
              8.825628607699507
            ],
            [
              153.95771109156058,
              8.771563380804102
            ]
          ]
        ]
      },
      "id": "59467c0c-9749-4bdb-a09d-cef463ea0443"
    },
    {
      "type": "Feature",
      "properties": {
        "id": "273f8424-fc4f-43f6-a213-770bdac9a6fe",
        "name": "sketch54-2"
      },
      "geometry": {
        "type": "Polygon",
        "coordinates": [
          [
            [
              138.2234072362046,
              -0.2616355898391572
            ],
            [
              138.24513028499211,
              -0.3820472820297833
            ],
            [
              138.38115527623205,
              -0.42808876523779466
            ],
            [
              138.48576734174708,
              -0.7533689871958411
            ],
            [
              138.28171432239762,
              -0.5338567699363054
            ],
            [
              138.24370233827057,
              -0.469724733029806
            ],
            [
              137.83196941653222,
              -0.6439113925482227
            ],
            [
              138.06166033141503,
              -0.3402720580513734
            ],
            [
              138.0519274743852,
              -0.30562610318415556
            ],
            [
              137.9182491238762,
              -0.23422341149159284
            ],
            [
              138.2234072362046,
              -0.2616355898391572
            ]
          ]
        ]
      },
      "id": "273f8424-fc4f-43f6-a213-770bdac9a6fe"
    },
    {
      "type": "Feature",
      "properties": {
        "id": "930940b2-b9d0-4726-b0fe-99621e42e3e7",
        "name": "sketch54-3"
      },
      "geometry": {
        "type": "Polygon",
        "coordinates": [
          [
            [
              152.6809131072285,
              13.52357146601335
            ],
            [
              152.82137711053798,
              13.674727014236407
            ],
            [
              152.97857602213085,
              13.40197184170134
            ],
            [
              152.7180002961366,
              12.989168600590713
            ],
            [
              152.52423260141012,
              13.329929483003507
            ],
            [
              152.39121044058115,
              13.070944984528635
            ],
            [
              152.14087599760245,
              13.146753519478828
            ],
            [
              152.22133373535985,
              13.42199124802163
            ],
            [
              152.35995337416762,
              13.568189835186951
            ],
            [
              152.52942010474038,
              13.56718646683883
            ],
            [
              152.6809131072285,
              13.52357146601335
            ]
          ]
        ]
      },
      "id": "930940b2-b9d0-4726-b0fe-99621e42e3e7"
    }
  ],
  "bbox": [
    137.83196941653222,
    -0.7533689871958411,
    160.74651381420583,
    13.674727014236407
  ]
}
