{
  "type": "FeatureCollection",
  "features": [
    {
      "type": "Feature",
      "properties": {
        "id": "34c6fcfa-8839-4c75-b58a-5a027f7b3b27",
        "name": "sketch73-0"
      },
      "geometry": {
        "type": "Polygon",
        "coordinates": [
          [
            [
              148.8513167043225,
              -0.03526680431566037
            ],
            [
              149.0742240493294,
              -0.20433813633035885
            ],
            [
              148.9889027699633,
              -0.4814594970104737
            ],
            [
              148.75710559009198,
              -0.3524378241136513
            ],
            [
              148.6862025647542,
              -0.4493223366966511
            ],
            [
              148.3957785230123,
              -0.4831585901988561
            ],
            [
              148.29952524931812,
              -0.31778557075789937
            ],
            [
              148.5275244698901,
              -0.09724802908910535
            ],
            [
              148.50380978394924,
              -0.04067802277126223
            ],
            [
              148.6097119104954,
              -0.14342129243777904
            ],
            [
              148.8513167043225,
              -0.03526680431566037
            ]
          ]
        ]
      },
      "id": "34c6fcfa-8839-4c75-b58a-5a027f7b3b27"
    },
    {
      "type": "Feature",
      "properties": {
        "id": "1cb5c475-aa38-4005-9e8c-8aed26e5480a",
        "name": "sketch73-1"
      },
      "geometry": {
        "type": "Polygon",
        "coordinates": [
          [
            [
              162.84688986010133,
              12.325580254509248
            ],
            [
              163.0114605446504,
              12.174748613857398
            ],
            [
              162.86943901538817,
              12.178426991923239
            ],
            [
              162.76022232940304,
              11.977215655145764
            ],
            [
              162.57331742740894,
              12.023318792053308
            ],
            [
              162.68705257008122,
              12.230000773967715
            ],
            [
              162.71419823105185,
              12.249575666642523
            ],
            [
              162.6009894328192,
              12.213274264710153
            ],
            [
              162.60429327516997,
              12.37692466814245
            ],
            [
              162.7492454300523,
              12.366690289972624
            ],
            [
              162.84688986010133,
              12.325580254509248
            ]
          ]
        ]
      },
      "id": "1cb5c475-aa38-4005-9e8c-8aed26e5480a"
    },
    {
      "type": "Feature",
      "properties": {
        "id": "6d579687-5c0f-4956-9b67-b77f910ba979",
        "name": "sketch73-2"
      },
      "geometry": {
        "type": "Polygon",
        "coordinates": [
          [
            [
              160.91383537970341,
              0.009345189961555617
            ],
            [
              160.98117244000485,
              -0.1280490632178114
            ],
            [
              161.18232621387878,
              -0.0873282930085433
            ],
            [
              160.9560182884214,
              -0.24286659410102773
            ],
            [
              160.9180790882644,
              -0.30952808843782653
            ],
            [
              160.70767089253906,
              -0.6184297168274635
            ],
            [
              160.5989434035641,
              -0.5884204210296604
            ],
            [
              160.42257855671048,
              -0.34542639872501907
            ],
            [
              160.6116509087244,
              -0.043936091473596256
            ],
            [
              160.77714004947282,
              0.21050847389500715
            ],
            [
              160.91383537970341,
              0.009345189961555617
            ]
          ]
        ]
      },
      "id": "6d579687-5c0f-4956-9b67-b77f910ba979"
    }
  ],
  "bbox": [
    148.29952524931812,
    -0.6184297168274635,
    163.0114605446504,
    12.37692466814245
  ]
}
