{
  "type": "FeatureCollection",
  "features": [
    {
      "type": "Feature",
      "properties": {
        "id": "f3470423-5b1a-4cec-b364-eb91f9fe3b40",
        "name": "sketch244-0"
      },
      "geometry": {
        "type": "Polygon",
        "coordinates": [
          [
            [
              146.62604115916346,
              1.9932896483116298
            ],
            [
              146.56749598120498,
              1.7926220337884788
            ],
            [
              146.60143208496473,
              1.7581130848953672
            ],
            [
              146.58990540471623,
              1.6200099985202807
            ],
            [
              146.7013718209813,
              1.4163034166126791
            ],
            [
              146.34948618643938,
              1.3269836272593185
            ],
            [
              146.0652558425911,
              1.4426003547560629
            ],
            [
              146.2087943986723,
              1.59467644458122
            ],
            [
              146.36874150118393,
              1.7368677953403397
            ],
            [
              146.1326946069496,
              2.0556693856602104
            ],
            [
              146.62604115916346,
              1.9932896483116298
            ]
          ]
        ]
      },
      "id": "f3470423-5b1a-4cec-b364-eb91f9fe3b40"
    },
    {
      "type": "Feature",
      "properties": {
        "id": "ea05e048-75b0-41b2-b663-3fb2079303fe",
        "name": "sketch244-1"
      },
      "geometry": {
        "type": "Polygon",
        "coordinates": [
          [
            [
              139.3910482526269,
              4.647768090416829
            ],
            [
              139.22721995072703,
              4.284670628597623
            ],
            [
              139.35824122160534,
              4.27464811100761
            ],
            [
              139.25949933499697,
              4.0379898479789205
            ],
            [
              139.2113149833414,
              3.959311180359493
            ],
            [
              138.83683803599814,
              3.876858542730291
            ],
            [
              138.71830000222744,
              4.087676989772027
            ],
            [
              138.69636788815825,
              4.377110720123269
            ],
            [
              138.84539902374868,
              4.365631937106027
            ],
            [
              138.97695396520209,
              4.396489653977573
            ],
            [
              139.3910482526269,
              4.647768090416829
            ]
          ]
        ]
      },
      "id": "ea05e048-75b0-41b2-b663-3fb2079303fe"
    },
    {
      "type": "Feature",
      "properties": {
        "id": "fcac9c3a-9c74-489e-8631-b2d2bd1da778",
        "name": "sketch244-2"
      },
      "geometry": {
        "type": "Polygon",
        "coordinates": [
          [
            [
              156.11818839907016,
              10.917905012433067
            ],
            [
              156.2325244579583,
              10.970903281304752
            ],
            [
              156.4434118215593,
              11.026831517510164
            ],
            [
              156.18956959053062,
              10.764334468005188
            ],
            [
              156.13669072983873,
              10.427872842100106
            ],
            [
              155.87235228905212,
              10.624007118885038
            ],
            [
              155.7947334999179,
              10.607825888765632
            ],
            [
              155.714460318581,
              10.800326308553508
            ],
            [
              155.66147505535932,
              11.071446446363623
            ],
            [
              155.96055629498858,
              11.105428994521677
            ],
            [
              156.11818839907016,
              10.917905012433067
            ]
          ]
        ]
      },
      "id": "fcac9c3a-9c74-489e-8631-b2d2bd1da778"
    },
    {
      "type": "Feature",
      "properties": {
        "id": "437a931e-051a-48db-8940-71079b497046",
        "name": "sketch244-3"
      },
      "geometry": {
        "type": "Polygon",
        "coordinates": [
          [
            [
              140.33222469676227,
              7.548813022680311
            ],
            [
              140.6515866804069,
              7.539518013551662
            ],
            [
              140.4132868100599,
              7.394394481436473
            ],
            [
              140.35969212725055,
              7.229071121995009
            ],
            [
              140.3505599516198,
              6.976032027234612
            ],
            [
              140.2383198749045,
              7.097098977232071
            ],
            [
              140.10866983687694,
              7.075695628319305
            ],
            [
              139.87262867906276,
              7.088585531760869
            ],
            [
              140.13236316295013,
              7.337393824900723
            ],
            [
              140.13097039097815,
              7.45346843362116
            ],
            [
              140.33222469676227,
              7.548813022680311
            ]
          ]
        ]
      },
      "id": "437a931e-051a-48db-8940-71079b497046"
    }
  ],
  "bbox": [
    138.69636788815825,
    1.3269836272593185,
    156.4434118215593,
    11.105428994521677
  ]
}
