{
  "type": "FeatureCollection",
  "features": [
    {
      "type": "Feature",
      "properties": {
        "id": "b8865fbd-626e-4c55-8eb9-b72ce21fa85a",
        "name": "sketch145-0"
      },
      "geometry": {
        "type": "Polygon",
        "coordinates": [
          [
            [
              161.77610128106207,
              3.3007641177623133
            ],
            [
              161.85116592998267,
              3.456977346975881
            ],
            [
              161.88838437364564,
              3.2897994298797144
            ],
            [
              161.75355269165894,
              3.158630053545704
            ],
            [
              161.85953102522927,
              3.166446571419369
            ],
            [
              161.75094472818833,
              3.140634097795505
            ],
            [
              161.7596329376316,
              2.8593338193442794
            ],
            [
              161.57146302868904,
              3.0103767729106607
            ],
            [
              161.42246321913166,
              3.072825041576305
            ],
            [
              161.7073365570423,
              3.1651897079815567
            ],
            [
              161.77610128106207,
              3.3007641177623133
            ]
          ]
        ]
      },
      "id": "b8865fbd-626e-4c55-8eb9-b72ce21fa85a"
    },
    {
      "type": "Feature",
      "properties": {
        "id": "f817449b-fd1b-40c3-be72-da0d3bf0568a",
        "name": "sketch145-1"
      },
      "geometry": {
        "type": "Polygon",
        "coordinates": [
          [
            [
              161.8109947840472,
              0.8867319407828202
            ],
            [
              161.68474449049904,
              0.7164886851191165
            ],
            [
              161.85860729495798,
              0.38405744764630234
            ],
            [
              161.58065180807975,
              0.5797609655101218
            ],
            [
              161.27860543532827,
              0.47188369535379715
            ],
            [
              161.57873456333164,
              0.735286035190627
            ],
            [
              161.19768364063304,
              0.8640600882075946
            ],
            [
              161.4193196486107,
              0.8249578085015896
            ],
            [
              161.37696602645684,
              1.119351212299833
            ],
            [
              161.5770759011114,
              0.7849786422494646
            ],
            [
              161.8109947840472,
              0.8867319407828202
            ]
          ]
        ]
      },
      "id": "f817449b-fd1b-40c3-be72-da0d3bf0568a"
    },
    {
      "type": "Feature",
      "properties": {
        "id": "8d33ee15-db2e-426b-b3dd-31eadb6d278c",
        "name": "sketch145-2"
      },
      "geometry": {
        "type": "Polygon",
        "coordinates": [
          [
            [
              141.10301776797465,
              11.044391473829114
            ],
            [
              140.98289618445068,
              10.81962214136283
            ],
            [
              141.0819470031205,
              10.788788021817949
            ],
            [
              140.95213997852767,
              10.775606247617981
            ],
            [
              140.97172098806988,
              10.626743647668745
            ],
            [
              140.8399305742335,
              10.683411074090584
            ],
            [
              140.6708770576898,
              10.693835857654841
            ],
            [
              140.61109303292326,
              10.900494989551133
            ],
            [
              140.56685769654814,
              11.126948828948034
            ],
            [
              140.765094365899,
              11.01985002533435
            ],
            [
              141.10301776797465,
              11.044391473829114
            ]
          ]
        ]
      },
      "id": "8d33ee15-db2e-426b-b3dd-31eadb6d278c"
    },
    {
      "type": "Feature",
      "properties": {
        "id": "e834fb1e-5836-4991-8408-192c2f0f5571",
        "name": "sketch145-3"
      },
      "geometry": {
        "type": "Polygon",
        "coordinates": [
          [
            [
              155.65138937636735,
              -0.011038008237357615
            ],
            [
              155.73329527746944,
              -0.053708912687731626
            ],
            [
              155.9584812194477,
              -0.04353241169728414
            ],
            [
              155.81273276092543,
              -0.17657572041753633
            ],
            [
              155.69111244002642,
              -0.26473443540465846
            ],
            [
              155.60018326531141,
              -0.38337760741346044
            ],
            [
              155.5293068479733,
              -0.2899339547431218
            ],
            [
              155.56021648755123,
              -0.14396870035467735
            ],
            [
              155.5555076972582,
              -0.10229341992664881
            ],
            [
              155.5941592542503,
              -0.046034153826442756
            ],
            [
              155.65138937636735,
              -0.011038008237357615
            ]
          ]
        ]
      },
      "id": "e834fb1e-5836-4991-8408-192c2f0f5571"
    },
    {
      "type": "Feature",
      "properties": {
        "id": "941e13b7-0f01-41fc-b3f6-3fd2ebb0539c",
        "name": "sketch145-4"
      },
      "geometry": {
        "type": "Polygon",
        "coordinates": [
          [
            [
              139.2476359076951,
              0.575182433077227
            ],
            [
              139.3374603459501,
              0.802015838370709
            ],
            [
              139.29082852935932,
              0.4746340173639103
            ],
            [
              139.42003623530692,
              0.37009607970568464
            ],
            [
              139.53816438591306,
              0.05425267283995289
            ],
            [
              139.3076613081969,
              -0.1003421953959322
            ],
            [
              139.19500047222357,
              0.2963592685368171
            ],
            [
              139.20228864259147,
              0.3230538546880808
            ],
            [
              138.7997302866303,
              0.46001280364105757
            ],
            [
              139.0059011237069,
              0.42587319203948426
            ],
            [
              139.2476359076951,
              0.575182433077227
            ]
          ]
        ]
      },
      "id": "941e13b7-0f01-41fc-b3f6-3fd2ebb0539c"
    }
  ],
  "bbox": [
    138.7997302866303,
    -0.38337760741346044,
    161.88838437364564,
    11.126948828948034
  ]
}
