{
  "type": "FeatureCollection",
  "features": [
    {
      "type": "Feature",
      "properties": {
        "id": "d4e51c40-df8a-4269-900f-9835ff09fe22",
        "name": "sketch86-0"
      },
      "geometry": {
        "type": "Polygon",
        "coordinates": [
          [
            [
              136.32450407097846,
              8.299109309076808
            ],
            [
              136.47993523576702,
              8.406043762076214
            ],
            [
              136.53118613468052,
              8.225190990771397
            ],
            [
              136.32919812108466,
              8.274321734220479
            ],
            [
              136.53484954155095,
              7.883048318289469
            ],
            [
              136.3146520173149,
              8.188414855925993
            ],
            [
              136.0728651979008,
              7.914673608715567
            ],
            [
              136.15297483922996,
              8.263053773907163
            ],
            [
              136.01681516644965,
              8.625435755746597
            ],
            [
              136.2284136390756,
              8.416694159588122
            ],
            [
              136.32450407097846,
              8.299109309076808
            ]
          ]
        ]
      },
      "id": "d4e51c40-df8a-4269-900f-9835ff09fe22"
    },
    {
      "type": "Feature",
      "properties": {
        "id": "33bfa990-4baa-441d-b7f2-7d8db0b70020",
        "name": "sketch86-1"
      },
      "geometry": {
        "type": "Polygon",
        "coordinates": [
          [
            [
              161.54315526507315,
              1.4224791571363808
            ],
            [
              161.44810388349083,
              1.3660948519453806
            ],
            [
              161.26818486947224,
              1.2633319684735236
            ],
            [
              161.29286658227753,
              1.2265842523101778
            ],
            [
              161.26850675000065,
              1.2290027908662444
            ],
            [
              161.155505954041,
              0.9712365535657101
            ],
            [
              160.8446612898316,
              1.1402942665960363
            ],
            [
              161.11314844497608,
              1.3992067109280546
            ],
            [
              161.04493399083623,
              1.6370086991593849
            ],
            [
              161.15415059167552,
              1.4736944843802713
            ],
            [
              161.54315526507315,
              1.4224791571363808
            ]
          ]
        ]
      },
      "id": "33bfa990-4baa-441d-b7f2-7d8db0b70020"
    },
    {
      "type": "Feature",
      "properties": {
        "id": "9ecff180-d8d1-458f-b243-c37452a77476",
        "name": "sketch86-2"
      },
      "geometry": {
        "type": "Polygon",
        "coordinates": [
          [
            [
              156.60424034263409,
              10.61555313913931
            ],
            [
              156.74537924177108,
              10.568845217331132
            ],
            [
              156.7495917993682,
              10.298357217594623
            ],
            [
              156.62304106301593,
              10.369941730086298
            ],
            [
              156.4426413342841,
              10.068332312681513
            ],
            [
              156.40589163291062,
              10.47958760206762
            ],
            [
              156.3819307446231,
              10.516638686247443
            ],
            [
              156.09780724453225,
              10.735508033430229
            ],
            [
              156.24259691947466,
              10.822861575072416
            ],
            [
              156.27416128384266,
              10.809664033684397
            ],
            [
              156.60424034263409,
              10.61555313913931
            ]
          ]
        ]
      },
      "id": "9ecff180-d8d1-458f-b243-c37452a77476"
    },
    {
      "type": "Feature",
      "properties": {
        "id": "ef8e89e6-dc2b-48a3-98c3-1ae6fa40150d",
        "name": "sketch86-3"
      },
      "geometry": {
        "type": "Polygon",
        "coordinates": [
          [
            [
              158.00207888466937,
              7.067377335420265
            ],
            [
              158.0450073413636,
              6.902262712591208
            ],
            [
              157.9509796207677,
              6.709808100587917
            ],
            [
              158.03524599346855,
              6.517397258208168
            ],
            [
              157.8805117695194,
              6.490637801684354
            ],
            [
              157.80071113099063,
              6.608683788386868
            ],
            [
              157.78156559322338,
              6.632497917071187
            ],
            [
              157.77728305581923,
              6.7193051368700925
            ],
            [
              157.54248365613034,
              7.065610572313236
            ],
            [
              157.71704337607406,
              6.928140782195581
            ],
            [
              158.00207888466937,
              7.067377335420265
            ]
          ]
        ]
      },
      "id": "ef8e89e6-dc2b-48a3-98c3-1ae6fa40150d"
    },
    {
      "type": "Feature",
      "properties": {
        "id": "9bc12cb0-6c28-49f0-a0a0-01809ea55057",
        "name": "sketch86-4"
      },
      "geometry": {
        "type": "Polygon",
        "coordinates": [
          [
            [
              136.40285385672684,
              6.7008294339500605
            ],
            [
              136.42656213485617,
              6.707287986252402
            ],
            [
              136.64701922643417,
              6.590917500928113
            ],
            [
              136.6035853203625,
              6.2562883141424885
            ],
            [
              136.3541004182729,
              6.4652940200508295
            ],
            [
              136.22371310209235,
              6.453773779936976
            ],
            [
              136.08086224935377,
              6.510951593253401
            ],
            [
              136.31261389761696,
              6.605534646575148
            ],
            [
              136.0689364716179,
              6.722490973567799
            ],
            [
              136.32795479753548,
              6.640027936194621
            ],
            [
              136.40285385672684,
              6.7008294339500605
            ]
          ]
        ]
      },
      "id": "9bc12cb0-6c28-49f0-a0a0-01809ea55057"
    },
    {
      "type": "Feature",
      "properties": {
        "id": "499c0d1d-468c-4f5f-874f-2ec391e34aa4",
        "name": "sketch86-5"
      },
      "geometry": {
        "type": "Polygon",
        "coordinates": [
          [
            [
              154.42232737577564,
              4.431532394194354
            ],
            [
              154.34876292445628,
              4.0989705023676475
            ],
            [
              154.37735743839025,
              4.085757640659921
            ],
            [
              154.51388180114114,
              3.9088236381441295
            ],
            [
              154.24400541015254,
              3.9210242736394587
            ],
            [
              154.19069756294326,
              3.955637901175414
            ],
            [
              154.0993436798247,
              3.777853888730108
            ],
            [
              154.10898268706387,
              3.9620711165735716
            ],
            [
              154.065009908612,
              4.016883544599914
            ],
            [
              154.0617209984946,
              4.097745295853537
            ],
            [
              154.42232737577564,
              4.431532394194354
            ]
          ]
        ]
      },
      "id": "499c0d1d-468c-4f5f-874f-2ec391e34aa4"
    }
  ],
  "bbox": [
    136.01681516644965,
    0.9712365535657101,
    161.54315526507315,
    10.822861575072416
  ]
}
