{
  "type": "FeatureCollection",
  "features": [
    {
      "type": "Feature",
      "properties": {
        "id": "c413d7c4-d9f5-48d5-be25-9622e6142b3f",
        "name": "sketch320-0"
      },
      "geometry": {
        "type": "Polygon",
        "coordinates": [
          [
            [
              155.1972070064612,
              7.959902850803334
            ],
            [
              155.4574541163938,
              8.111542536110964
            ],
            [
              155.32888248404046,
              7.847602485852869
            ],
            [
              155.29477089158695,
              7.756242241637264
            ],
            [
              155.31285404245898,
              7.54683870531919
            ],
            [
              155.08943497863157,
              7.663024501539789
            ],
            [
              155.12021871356782,
              7.781878543830461
            ],
            [
              155.0057473053364,
              7.775605415860844
            ],
            [
              155.13058989673004,
              7.839420884586931
            ],
            [
              155.0545311628808,
              7.9753143313909955
            ],
            [
              155.1972070064612,
              7.959902850803334
            ]
          ]
        ]
      },
      "id": "c413d7c4-d9f5-48d5-be25-9622e6142b3f"
    },
    {
      "type": "Feature",
      "properties": {
        "id": "52eef455-8e59-401a-978e-c9ee5155f133",
        "name": "sketch320-1"
      },
      "geometry": {
        "type": "Polygon",
        "coordinates": [
          [
            [
              154.12253637849656,
              7.597041528303319
            ],
            [
              154.0780954250213,
              7.386742299291367
            ],
            [
              154.13124317906707,
              7.205680246536089
            ],
            [
              154.08310678522906,
              6.870806774384506
            ],
            [
              153.81706014338295,
              7.0219534177792235
            ],
            [
              153.65799646822933,
              6.857767921704375
            ],
            [
              153.65210839462355,
              7.297745735045611
            ],
            [
              153.9155750746199,
              7.258214634928156
            ],
            [
              153.93250745667453,
              7.253715189697779
            ],
            [
              153.87353059453767,
              7.6330271527981
            ],
            [
              154.12253637849656,
              7.597041528303319
            ]
          ]
        ]
      },
      "id": "52eef455-8e59-401a-978e-c9ee5155f133"
    },
    {
      "type": "Feature",
      "properties": {
        "id": "b2176339-2dd0-4f9c-9010-6671fb9ef2bb",
        "name": "sketch320-2"
      },
      "geometry": {
        "type": "Polygon",
        "coordinates": [
          [
            [
              150.98405766009236,
              13.501943905413114
            ],
            [
              150.9436746251807,
              13.35380390726285
            ],
            [
              150.95692011302253,
              13.291231903717717
            ],
            [
              150.95757587007793,
              13.239224960770958
            ],
            [
              150.98014673510008,
              13.110692231915348
            ],
            [
              150.90230047785377,
              13.256392007298738
            ],
            [
              150.53699029513928,
              13.033407122686619
            ],
            [
              150.7500573818026,
              13.404664094127753
            ],
            [
              150.66898849252152,
              13.518952919251861
            ],
            [
              150.76645523222723,
              13.5552948360115
            ],
            [
              150.98405766009236,
              13.501943905413114
            ]
          ]
        ]
      },
      "id": "b2176339-2dd0-4f9c-9010-6671fb9ef2bb"
    },
    {
      "type": "Feature",
      "properties": {
        "id": "0f932b05-7e9b-44b8-85fa-4a5191cd84ce",
        "name": "sketch320-3"
      },
      "geometry": {
        "type": "Polygon",
        "coordinates": [
          [
            [
              159.4460453644529,
              7.746326738603206
            ],
            [
              159.72091676370238,
              7.475575666136898
            ],
            [
              159.3976863101014,
              7.094533955535097
            ],
            [
              159.15329944831518,
              7.148295556918582
            ],
            [
              159.1858569683018,
              7.569161385194159
            ],
            [
              159.11314295604748,
              7.616558518808913
            ],
            [
              159.25954820850768,
              7.6284068292604035
            ],
            [
              159.20254781930174,
              7.782723031011867
            ],
            [
              159.14678314326568,
              7.908682087874026
            ],
            [
              159.1449534173753,
              7.938432814477797
            ],
            [
              159.4460453644529,
              7.746326738603206
            ]
          ]
        ]
      },
      "id": "0f932b05-7e9b-44b8-85fa-4a5191cd84ce"
    },
    {
      "type": "Feature",
      "properties": {
        "id": "3b151a5b-f5e9-442b-8fef-f0f4caf0c149",
        "name": "sketch320-4"
      },
      "geometry": {
        "type": "Polygon",
        "coordinates": [
          [
            [
              159.14822738997557,
              -1.0685224605163137
            ],
            [
              159.38104298593097,
              -1.102202870572879
            ],
            [
              159.10764911972097,
              -1.188974584468868
            ],
            [
              159.0838218040716,
              -1.1745591894753706
            ],
            [
              158.8285184597549,
              -1.4775760734975396
            ],
            [
              158.71941178810712,
              -1.2272063534785222
            ],
            [
              158.9844322762114,
              -1.127654865194877
            ],
            [
              158.8426606175467,
              -1.0212455732699526
            ],
            [
              159.01497435142463,
              -0.9004775709269208
            ],
            [
              159.0210500429404,
              -0.9116019120452966
            ],
            [
              159.14822738997557,
              -1.0685224605163137
            ]
          ]
        ]
      },
      "id": "3b151a5b-f5e9-442b-8fef-f0f4caf0c149"
    },
    {
      "type": "Feature",
      "properties": {
        "id": "2a5e1cf0-5e31-454e-ba85-bc00284ba219",
        "name": "sketch320-5"
      },
      "geometry": {
        "type": "Polygon",
        "coordinates": [
          [
            [
              158.33650611052423,
              10.431410556861174
            ],
            [
              158.1463184863669,
              10.15689858830205
            ],
            [
              158.5386330226792,
              10.054822547506296
            ],
            [
              158.10528426274746,
              10.057494277382885
            ],
            [
              158.07767881035906,
              10.075151340558648
            ],
            [
              157.91409117035388,
              9.80480529303704
            ],
            [
              157.94815769321093,
              10.109282193190328
            ],
            [
              157.77227397033738,
              10.18203564840894
            ],
            [
              157.92198891432696,
              10.328670740743837
            ],
            [
              157.9968218019062,
              10.40367384649894
            ],
            [
              158.33650611052423,
              10.431410556861174
            ]
          ]
        ]
      },
      "id": "2a5e1cf0-5e31-454e-ba85-bc00284ba219"
    },
    {
      "type": "Feature",
      "properties": {
        "id": "28684985-14aa-4007-9218-b2a6205af591",
        "name": "sketch320-6"
      },
      "geometry": {
        "type": "Polygon",
        "coordinates": [
          [
            [
              143.79452789908123,
              7.1249404681079405
            ],
            [
              143.69569510685503,
              6.785133820330062
            ],
            [
              143.77186713698745,
              6.640604512991799
            ],
            [
              143.54639562422852,
              6.796400436726882
            ],
            [
              143.42244790538072,
              6.628036585988511
            ],
            [
              143.487885537763,
              6.866295312367954
            ],
            [
              143.23277412334434,
              6.712247925514528
            ],
            [
              143.40710980798426,
              6.941194884871022
            ],
            [
              143.13036853669448,
              7.111811357284366
            ],
            [
              143.41911964664496,
              7.066045020943987
            ],
            [
              143.79452789908123,
              7.1249404681079405
            ]
          ]
        ]
      },
      "id": "28684985-14aa-4007-9218-b2a6205af591"
    },
    {
      "type": "Feature",
      "properties": {
        "id": "eff8fde8-7889-456e-86ed-21c89974c1f2",
        "name": "sketch320-7"
      },
      "geometry": {
        "type": "Polygon",
        "coordinates": [
          [
            [
              146.64643769961788,
              3.3874872310886537
            ],
            [
              146.82692670569895,
              3.484346126343591
            ],
            [
              146.711921208562,
              3.2018826358468786
            ],
            [
              146.62842881721636,
              3.1133880652325985
            ],
            [
              146.6175035051203,
              3.066564088027122
            ],
            [
              146.47506409309383,
              3.1161248655900775
            ],
            [
              146.4594235910288,
              3.2076005043294153
            ],
            [
              146.3738991422899,
              3.2330899159973594
            ],
            [
              146.4734883865042,
              3.3287792019919413
            ],
            [
              146.44828396854018,
              3.3689613744420384
            ],
            [
              146.64643769961788,
              3.3874872310886537
            ]
          ]
        ]
      },
      "id": "eff8fde8-7889-456e-86ed-21c89974c1f2"
    },
    {
      "type": "Feature",
      "properties": {
        "id": "d8866b81-6f04-4cb4-a52a-0a275e0da712",
        "name": "sketch320-8"
      },
      "geometry": {
        "type": "Polygon",
        "coordinates": [
          [
            [
              159.37390358513872,
              11.571849536603548
            ],
            [
              159.4157346592674,
              11.789125068600482
            ],
            [
              159.47771862031448,
              11.6221291352265
            ],
            [
              159.65053356347727,
              11.480771996580918
            ],
            [
              159.67835577332994,
              11.164380707478644
            ],
            [
              159.5089179999325,
              10.99499740750812
            ],
            [
              159.19844281072767,
              11.208483199417
            ],
            [
              158.91028068077634,
              11.332352485969839
            ],
            [
              159.36028410681686,
              11.459898916198103
            ],
            [
              159.2305070084195,
              11.723146749742092
            ],
            [
              159.37390358513872,
              11.571849536603548
            ]
          ]
        ]
      },
      "id": "d8866b81-6f04-4cb4-a52a-0a275e0da712"
    },
    {
      "type": "Feature",
      "properties": {
        "id": "4ad3c741-3dc4-4f8a-a547-b536c37d0fd4",
        "name": "sketch320-9"
      },
      "geometry": {
        "type": "Polygon",
        "coordinates": [
          [
            [
              159.21624505335635,
              10.580270310460305
            ],
            [
              159.30926686368093,
              10.263999576823792
            ],
            [
              159.36808766386017,
              10.142335643319585
            ],
            [
              159.10129616686723,
              10.272587347419663
            ],
            [
              159.05013431298013,
              10.05029547435365
            ],
            [
              159.00497427770102,
              10.236021268159266
            ],
            [
              159.01436714624987,
              10.295014978370336
            ],
            [
              159.01092779740384,
              10.303423280255531
            ],
            [
              158.80508695220234,
              10.328810724134048
            ],
            [
              158.7455443887949,
              10.389271655958478
            ],
            [
              159.21624505335635,
              10.580270310460305
            ]
          ]
        ]
      },
      "id": "4ad3c741-3dc4-4f8a-a547-b536c37d0fd4"
    }
  ],
  "bbox": [
    143.13036853669448,
    -1.4775760734975396,
    159.72091676370238,
    13.5552948360115
  ]
}
