{
  "type": "FeatureCollection",
  "features": [
    {
      "type": "Feature",
      "properties": {
        "id": "d90b7e7b-9064-4ff7-9d6d-2181b458c3e8",
        "name": "sketch33-0"
      },
      "geometry": {
        "type": "Polygon",
        "coordinates": [
          [
            [
              161.85116232201477,
              0.16810465677662048
            ],
            [
              161.95233890641933,
              0.21870743477390062
            ],
            [
              161.92598256411273,
              0.12670832180855424
            ],
            [
              162.23885795014635,
              0.11968492267261967
            ],
            [
              161.99662033197524,
              -0.17664238114190073
            ],
            [
              161.73595126085706,
              0.031863050880679575
            ],
            [
              161.6929433355466,
              -0.053770689298283936
            ],
            [
              161.77473867487586,
              0.11895931508400591
            ],
            [
              161.7502655477262,
              0.12642456846722286
            ],
            [
              161.77893898045303,
              0.12189413421205449
            ],
            [
              161.85116232201477,
              0.16810465677662048
            ]
          ]
        ]
      },
      "id": "d90b7e7b-9064-4ff7-9d6d-2181b458c3e8"
    },
    {
      "type": "Feature",
      "properties": {
        "id": "92b131ff-b67a-4d65-8a0f-a54b1ae14ead",
        "name": "sketch33-1"
      },
      "geometry": {
        "type": "Polygon",
        "coordinates": [
          [
            [
              148.5203978610996,
              10.847213077664145
            ],
            [
              148.5543872584726,
              10.530706856389315
            ],
            [
              148.60237680362562,
              10.398986957219032
            ],
            [
              148.80018509629082,
              10.23035200056311
            ],
            [
              148.5284182142597,
              10.2452216525798
            ],
            [
              148.3970522858634,
              10.171298642370866
            ],
            [
              148.35566628506683,
              10.073599434346473
            ],
            [
              148.2546229647425,
              10.33176272576944
            ],
            [
              147.98895986130708,
              10.331053305956116
            ],
            [
              148.14851904694643,
              10.611134194913511
            ],
            [
              148.5203978610996,
              10.847213077664145
            ]
          ]
        ]
      },
      "id": "92b131ff-b67a-4d65-8a0f-a54b1ae14ead"
    },
    {
      "type": "Feature",
      "properties": {
        "id": "21448042-5283-4669-8754-90b38bc7b1bb",
        "name": "sketch33-2"
      },
      "geometry": {
        "type": "Polygon",
        "coordinates": [
          [
            [
              138.9171998394739,
              8.147422541635313
            ],
            [
              139.04240705045075,
              7.844034674353286
            ],
            [
              138.96852022532798,
              7.690171052441513
            ],
            [
              138.81352338508873,
              7.716546462494556
            ],
            [
              138.89110435421964,
              7.580903284352312
            ],
            [
              138.831899374146,
              7.622345130309974
            ],
            [
              138.53849379474352,
              7.600906983136013
            ],
            [
              138.64070793257613,
              7.776327359569415
            ],
            [
              138.68234045625098,
              7.816042347075385
            ],
            [
              138.6587158059795,
              8.068701622706266
            ],
            [
              138.9171998394739,
              8.147422541635313
            ]
          ]
        ]
      },
      "id": "21448042-5283-4669-8754-90b38bc7b1bb"
    }
  ],
  "bbox": [
    138.53849379474352,
    -0.17664238114190073,
    162.23885795014635,
    10.847213077664145
  ]
}
