{
  "type": "FeatureCollection",
  "features": [
    {
      "type": "Feature",
      "properties": {
        "id": "aa8b6e8d-ba0c-463f-9277-9480df0b92fb",
        "name": "sketch3-0"
      },
      "geometry": {
        "type": "Polygon",
        "coordinates": [
          [
            [
              158.19463211846906,
              9.560028891347589
            ],
            [
              158.59788062528986,
              9.638203829001604
            ],
            [
              158.5239700899566,
              9.575366537995556
            ],
            [
              158.38092425752336,
              9.439929137400805
            ],
            [
              158.61051102895132,
              9.331778010646987
            ],
            [
              158.15063177985127,
              9.415214853222803
            ],
            [
              157.77837094938957,
              9.18941564834086
            ],
            [
              157.69358253088384,
              9.29278946004758
            ],
            [
              157.70815094968927,
              9.395548518296128
            ],
            [
              158.1238189455348,
              9.510290290407374
            ],
            [
              158.19463211846906,
              9.560028891347589
            ]
          ]
        ]
      },
      "id": "aa8b6e8d-ba0c-463f-9277-9480df0b92fb"
    },
    {
      "type": "Feature",
      "properties": {
        "id": "8623907c-569f-4baa-a9db-0033fd66fa5e",
        "name": "sketch3-1"
      },
      "geometry": {
        "type": "Polygon",
        "coordinates": [
          [
            [
              159.30100052559274,
              0.6291346759617141
            ],
            [
              159.60289478088959,
              0.36418176186669476
            ],
            [
              159.29083987476866,
              0.42124830979783234
            ],
            [
              159.1543634948777,
              0.4553709649794497
            ],
            [
              159.1401786534248,
              0.1073463550015718
            ],
            [
              159.01737852772015,
              0.26632371989094583
            ],
            [
              158.80344850956828,
              0.3169434713025624
            ],
            [
              159.0013367341122,
              0.5275767440317001
            ],
            [
              158.81773371161557,
              0.8234345339421328
            ],
            [
              158.89799019583762,
              0.8560506537634974
            ],
            [
              159.30100052559274,
              0.6291346759617141
            ]
          ]
        ]
      },
      "id": "8623907c-569f-4baa-a9db-0033fd66fa5e"
    },
    {
      "type": "Feature",
      "properties": {
        "id": "658fe9c1-f7a9-4683-b755-3e1815580f7e",
        "name": "sketch3-2"
      },
      "geometry": {
        "type": "Polygon",
        "coordinates": [
          [
            [
              159.56407915819142,
              0.0854190199565123
            ],
            [
              159.5966734280153,
              0.1709132735611517
            ],
            [
              159.70364489462364,
              -0.1281548091523469
            ],
            [
              159.69557924336536,
              -0.37212590014420666
            ],
            [
              159.55406665712053,
              -0.5352398074927108
            ],
            [
              159.45904550160225,
              -0.200824190890865
            ],
            [
              159.37108294644514,
              -0.241203091214381
            ],
            [
              159.254018540623,
              -0.2695017086912638
            ],
            [
              159.3194643407881,
              -0.09867909516187165
            ],
            [
              159.15269335491553,
              -0.0202258193398116
            ],
            [
              159.56407915819142,
              0.0854190199565123
            ]
          ]
        ]
      },
      "id": "658fe9c1-f7a9-4683-b755-3e1815580f7e"
    }
  ],
  "bbox": [
    157.69358253088384,
    -0.5352398074927108,
    159.70364489462364,
    9.638203829001604
  ]
}
