{
  "type": "FeatureCollection",
  "features": [
    {
      "type": "Feature",
      "properties": {
        "id": "44460069-9ded-4b48-908c-881636c05d68",
        "name": "sketch68-0"
      },
      "geometry": {
        "type": "Polygon",
        "coordinates": [
          [
            [
              135.60880500489029,
              1.977512000558206
            ],
            [
              135.54786720382097,
              1.6417386898186408
            ],
            [
              135.5622398957949,
              1.6177632177944232
            ],
            [
              135.55937668913407,
              1.5999538243137308
            ],
            [
              135.5122921347868,
              1.5648609306202714
            ],
            [
              135.36086544772056,
              1.461953812289858
            ],
            [
              135.16271172259707,
              1.8309988594061544
            ],
            [
              135.45154947873354,
              1.7918748351944744
            ],
            [
              135.37715707567236,
              2.0430775814594035
            ],
            [
              135.429894354002,
              1.9893571067725146
            ],
            [
              135.60880500489029,
              1.977512000558206
            ]
          ]
        ]
      },
      "id": "44460069-9ded-4b48-908c-881636c05d68"
    },
    {
      "type": "Feature",
      "properties": {
        "id": "f1df0ac8-8e81-4a26-abd9-2374da16572f",
        "name": "sketch68-1"
      },
      "geometry": {
        "type": "Polygon",
        "coordinates": [
          [
            [
              142.997711448768,
              7.245821891385926
            ],
            [
              143.07010648616898,
              7.0242924901758155
            ],
            [
              143.10109490944907,
              6.887024848235298
            ],
            [
              142.9979394362096,
              6.825995758257927
            ],
            [
              143.0350332975102,
              6.7398469370748595
            ],
            [
              142.78879370185624,
              6.52884353665868
            ],
            [
              142.74948966962418,
              6.856504983785952
            ],
            [
              142.513608470647,
              7.071761786798048
            ],
            [
              142.7362158419159,
              7.262850662486921
            ],
            [
              142.9330654801284,
              7.107366981756697
            ],
            [
              142.997711448768,
              7.245821891385926
            ]
          ]
        ]
      },
      "id": "f1df0ac8-8e81-4a26-abd9-2374da16572f"
    },
    {
      "type": "Feature",
      "properties": {
        "id": "5d66f9fb-88ff-40a0-8890-70f2d0d7a4cc",
        "name": "sketch68-2"
      },
      "geometry": {
        "type": "Polygon",
        "coordinates": [
          [
            [
              159.81911088531837,
              10.363401375002205
            ],
            [
              160.10878330818707,
              10.470294907847668
            ],
            [
              160.27378384600482,
              10.209833213984316
            ],
            [
              159.9791578685932,
              9.996772456555052
            ],
            [
              159.68965240417924,
              10.141354114664638
            ],
            [
              159.39960581046668,
              10.139649039733888
            ],
            [
              159.6169375762905,
              10.262345737507253
            ],
            [
              159.51591045728398,
              10.652345370833167
            ],
            [
              159.51538668430652,
              10.669708542235
            ],
            [
              159.76999837776967,
              10.533974205885714
            ],
            [
              159.81911088531837,
              10.363401375002205
            ]
          ]
        ]
      },
      "id": "5d66f9fb-88ff-40a0-8890-70f2d0d7a4cc"
    },
    {
      "type": "Feature",
      "properties": {
        "id": "96e89f99-cf1f-454f-8ee9-5293e037fe74",
        "name": "sketch68-3"
      },
      "geometry": {
        "type": "Polygon",
        "coordinates": [
          [
            [
              142.3782273050949,
              8.174718181013874
            ],
            [
              142.5165390973471,
              7.969103856714271
            ],
            [
              142.21879430737064,
              7.908774545475743
            ],
            [
              142.1543089806718,
              7.921732970795087
            ],
            [
              141.98466121596553,
              7.698836365450875
            ],
            [
              142.02404352349154,
              7.876200258883418
            ],
            [
              142.03500034174306,
              7.980177739757857
            ],
            [
              142.05622681539708,
              8.000211061265714
            ],
            [
              142.13676090832908,
              7.983768426433137
            ],
            [
              142.06957115612988,
              8.205802449262128
            ],
            [
              142.3782273050949,
              8.174718181013874
            ]
          ]
        ]
      },
      "id": "96e89f99-cf1f-454f-8ee9-5293e037fe74"
    },
    {
      "type": "Feature",
      "properties": {
        "id": "9d06990b-7596-4ec6-a408-3150f73617c4",
        "name": "sketch68-4"
      },
      "geometry": {
        "type": "Polygon",
        "coordinates": [
          [
            [
              165.47969599371763,
              7.336388334522083
            ],
            [
              165.38390538433828,
              7.206496209620673
            ],
            [
              165.3230245212736,
              7.060193036152035
            ],
            [
              165.2753729191888,
              6.887248413306592
            ],
            [
              165.12319435708264,
              7.036321097896274
            ],
            [
              165.19682293646636,
              7.171120802686248
            ],
            [
              164.9805705961483,
              6.935223974135097
            ],
            [
              164.73306072993643,
              7.131899662245282
            ],
            [
              165.14646063228116,
              7.200689217122753
            ],
            [
              165.1859511291845,
              7.369416905371587
            ],
            [
              165.47969599371763,
              7.336388334522083
            ]
          ]
        ]
      },
      "id": "9d06990b-7596-4ec6-a408-3150f73617c4"
    },
    {
      "type": "Feature",
      "properties": {
        "id": "fb309e70-ab1b-4215-bf3e-b1cbcf592c5d",
        "name": "sketch68-5"
      },
      "geometry": {
        "type": "Polygon",
        "coordinates": [
          [
            [
              159.2826312627243,
              9.267056721254704
            ],
            [
              159.3689453254433,
              9.182575382654305
            ],
            [
              159.45630965821368,
              9.17493879664522
            ],
            [
              159.2973822142464,
              9.092569144632154
            ],
            [
              159.5718830359629,
              8.968255968196189
            ],
            [
              159.2265528232164,
              8.899383332255324
            ],
            [
              159.12314118984202,
              8.978297695997407
            ],
            [
              159.08961365136233,
              9.03740281749973
            ],
            [
              158.88143811384094,
              9.037281799661468
            ],
            [
              158.78919196222955,
              9.394533487474034
            ],
            [
              159.2826312627243,
              9.267056721254704
            ]
          ]
        ]
      },
      "id": "fb309e70-ab1b-4215-bf3e-b1cbcf592c5d"
    },
    {
      "type": "Feature",
      "properties": {
        "id": "9c6aa0f0-9f58-4823-9ec5-c231b57158a7",
        "name": "sketch68-6"
      },
      "geometry": {
        "type": "Polygon",
        "coordinates": [
          [
            [
              156.81760191436965,
              8.49681007177968
            ],
            [
              156.87038801498028,
              8.329985350328293
            ],
            [
              156.82392449027006,
              8.180683619992568
            ],
            [
              156.93045955897736,
              8.119609040751612
            ],
            [
              156.68257556178008,
              8.058764512198605
            ],
            [
              156.70508791264265,
              7.725377679606076
            ],
            [
              156.5279838070643,
              8.036207178410887
            ],
            [
              156.2166522839283,
              7.955803730791958
            ],
            [
              156.35023698889395,
              8.17502641829345
            ],
            [
              156.401642791668,
              8.357238839492862
            ],
            [
              156.81760191436965,
              8.49681007177968
            ]
          ]
        ]
      },
      "id": "9c6aa0f0-9f58-4823-9ec5-c231b57158a7"
    },
    {
      "type": "Feature",
      "properties": {
        "id": "8d7ba58e-4492-4703-a9b1-7dabb8fd9467",
        "name": "sketch68-7"
      },
      "geometry": {
        "type": "Polygon",
        "coordinates": [
          [
            [
              165.6942815600641,
              4.851175075587132
            ],
            [
              165.84225153090338,
              4.541225107011823
            ],
            [
              165.69613323246259,
              4.4343257031106305
            ],
            [
              165.95286887447318,
              4.325602237443082
            ],
            [
              165.65065098439877,
              4.360324703552975
            ],
            [
              165.7935573177963,
              4.104876784226626
            ],
            [
              165.5593863024072,
              4.109941198855858
            ],
            [
              165.52641176039987,
              4.299082115751414
            ],
            [
              165.46952184554596,
              4.413612788698565
            ],
            [
              165.57822918373907,
              4.422177564893896
            ],
            [
              165.6942815600641,
              4.851175075587132
            ]
          ]
        ]
      },
      "id": "8d7ba58e-4492-4703-a9b1-7dabb8fd9467"
    }
  ],
  "bbox": [
    135.16271172259707,
    1.461953812289858,
    165.95286887447318,
    10.669708542235
  ]
}
