{
  "type": "FeatureCollection",
  "features": [
    {
      "type": "Feature",
      "properties": {
        "id": "55fbf59c-b6b2-43ee-a22a-964f66ccacaa",
        "name": "sketch284-0"
      },
      "geometry": {
        "type": "Polygon",
        "coordinates": [
          [
            [
              155.46124597297032,
              13.21463003397188
            ],
            [
              155.64497344743285,
              12.990956402137689
            ],
            [
              155.18744509060437,
              13.071490756660028
            ],
            [
              155.21973480260795,
              12.852888355657312
            ],
            [
              155.16501627666437,
              12.786679577972498
            ],
            [
              155.09212056404405,
              12.978570562189743
            ],
            [
              154.8869966965,
              13.06977407262997
            ],
            [
              154.76357261142718,
              13.10393321311478
            ],
            [
              154.90975213487815,
              13.148204499867456
            ],
            [
              155.08410603710803,
              13.42869727312018
            ],
            [
              155.46124597297032,
              13.21463003397188
            ]
          ]
        ]
      },
      "id": "55fbf59c-b6b2-43ee-a22a-964f66ccacaa"
    },
    {
      "type": "Feature",
      "properties": {
        "id": "bf46763e-e826-40e8-bd45-49cbd39dd4d4",
        "name": "sketch284-1"
      },
      "geometry": {
        "type": "Polygon",
        "coordinates": [
          [
            [
              150.44641753707174,
              4.856586241461232
            ],
            [
              150.475196830174,
              4.821449821103597
            ],
            [
              150.7936937648866,
              4.766322169106163
            ],
            [
              150.65446418106472,
              4.484085300748401
            ],
            [
              150.46031130263503,
              4.377087591792406
            ],
            [
              150.18850351640742,
              4.55598637134973
            ],
            [
              150.2712903657983,
              4.70955183794638
            ],
            [
              149.95016345399944,
              4.691102170449093
            ],
            [
              149.99848579524635,
              5.026521249678345
            ],
            [
              150.35280498185415,
              4.858029565497075
            ],
            [
              150.44641753707174,
              4.856586241461232
            ]
          ]
        ]
      },
      "id": "bf46763e-e826-40e8-bd45-49cbd39dd4d4"
    },
    {
      "type": "Feature",
      "properties": {
        "id": "ba799498-2ceb-489e-b0aa-a2ddab2695bf",
        "name": "sketch284-2"
      },
      "geometry": {
        "type": "Polygon",
        "coordinates": [
          [
            [
              143.85874271598894,
              0.3249327551885556
            ],
            [
              143.84489333328867,
              0.30228505382067233
            ],
            [
              144.30149243226927,
              0.4277936475573644
            ],
            [
              144.05143136842952,
              0.23700022605113047
            ],
            [
              144.00946145870913,
              0.17533628992140013
            ],
            [
              143.9393691376356,
              0.12874947301762776
            ],
            [
              143.81978031470217,
              0.22514709591028176
            ],
            [
              143.83916115373646,
              0.2957937832020017
            ],
            [
              143.64887733616726,
              0.36612806852858065
            ],
            [
              143.7894069567874,
              0.32287639573403376
            ],
            [
              143.85874271598894,
              0.3249327551885556
            ]
          ]
        ]
      },
      "id": "ba799498-2ceb-489e-b0aa-a2ddab2695bf"
    },
    {
      "type": "Feature",
      "properties": {
        "id": "32b664e7-a385-4f15-aa7e-847965db0952",
        "name": "sketch284-3"
      },
      "geometry": {
        "type": "Polygon",
        "coordinates": [
          [
            [
              151.58667706071375,
              1.2301693866475312
            ],
            [
              151.77360499721294,
              0.9332900929338079
            ],
            [
              151.77204480005952,
              0.7423418679216034
            ],
            [
              151.80090083308085,
              0.5656476276637746
            ],
            [
              151.53027899744401,
              0.48534434834186374
            ],
            [
              151.50284174602209,
              0.7771307638228782
            ],
            [
              151.45116486338034,
              0.6906258603796263
            ],
            [
              151.35095246527317,
              0.7500456126184499
            ],
            [
              151.33484461047047,
              0.8312827392282548
            ],
            [
              151.3096661346587,
              0.9429063130945403
            ],
            [
              151.58667706071375,
              1.2301693866475312
            ]
          ]
        ]
      },
      "id": "32b664e7-a385-4f15-aa7e-847965db0952"
    }
  ],
  "bbox": [
    143.64887733616726,
    0.12874947301762776,
    155.64497344743285,
    13.42869727312018
  ]
}
