{
  "type": "FeatureCollection",
  "features": [
    {
      "type": "Feature",
      "properties": {
        "id": "0b1b29c9-669e-4b2c-bafc-7486179caf7e",
        "name": "sketch300-0"
      },
      "geometry": {
        "type": "Polygon",
        "coordinates": [
          [
            [
              137.3336834792172,
              8.708440739089255
            ],
            [
              137.50390045655354,
              8.657753146612155
            ],
            [
              137.44171623139178,
              8.596724004569381
            ],
            [
              137.3906688237415,
              8.435162777633359
            ],
            [
              137.52074809321797,
              8.243659125122477
            ],
            [
              137.29914396338748,
              8.353964677245084
            ],
            [
              137.28417857186705,
              8.228853898372455
            ],
            [
              136.9792711742755,
              8.196538939659053
            ],
            [
              136.99644206686978,
              8.327873998817184
            ],
            [
              136.8611872421988,
              8.714418291118028
            ],
            [
              137.3336834792172,
              8.708440739089255
            ]
          ]
        ]
      },
      "id": "0b1b29c9-669e-4b2c-bafc-7486179caf7e"
    },
    {
      "type": "Feature",
      "properties": {
        "id": "ee7beac9-c6fd-4800-af89-f838952c4823",
        "name": "sketch300-1"
      },
      "geometry": {
        "type": "Polygon",
        "coordinates": [
          [
            [
              137.60111564966616,
              -1.068873539947622
            ],
            [
              137.43010695083183,
              -1.0763065067932174
            ],
            [
              137.6419773815245,
              -1.2308776469962486
            ],
            [
              137.27690303989473,
              -1.0816246325959282
            ],
            [
              137.06351941214768,
              -1.3832138408261643
            ],
            [
              137.2730474652446,
              -1.0534167461736852
            ],
            [
              137.02849493028364,
              -0.9649304635025918
            ],
            [
              137.0394929720033,
              -0.9526996845888754
            ],
            [
              136.9480474763591,
              -0.8316310664705577
            ],
            [
              137.29055569277102,
              -1.0427085549948423
            ],
            [
              137.60111564966616,
              -1.068873539947622
            ]
          ]
        ]
      },
      "id": "ee7beac9-c6fd-4800-af89-f838952c4823"
    },
    {
      "type": "Feature",
      "properties": {
        "id": "7ab30566-9f6a-40aa-aeda-68feac35acb8",
        "name": "sketch300-2"
      },
      "geometry": {
        "type": "Polygon",
        "coordinates": [
          [
            [
              151.9590349222304,
              8.84603088991993
            ],
            [
              152.05949835709373,
              8.818630166294826
            ],
            [
              152.25235166275263,
              8.543764603201227
            ],
            [
              151.9904923536594,
              8.406500366959774
            ],
            [
              151.87389094414547,
              8.552697229384002
            ],
            [
              151.6060110665588,
              8.513204795657483
            ],
            [
              151.90764160988627,
              8.777283389853038
            ],
            [
              151.8396840639094,
              8.748511347453526
            ],
            [
              151.73846207939084,
              8.8275454145763
            ],
            [
              151.61737201014768,
              9.172428298204464
            ],
            [
              151.9590349222304,
              8.84603088991993
            ]
          ]
        ]
      },
      "id": "7ab30566-9f6a-40aa-aeda-68feac35acb8"
    },
    {
      "type": "Feature",
      "properties": {
        "id": "b1333707-6601-497b-9ccf-8ee6b8179548",
        "name": "sketch300-3"
      },
      "geometry": {
        "type": "Polygon",
        "coordinates": [
          [
            [
              148.38605034562661,
              2.377105702734207
            ],
            [
              148.4279065681009,
              2.1266714325603133
            ],
            [
              148.3905721839672,
              2.090351274866293
            ],
            [
              148.66244198883336,
              2.035050827516834
            ],
            [
              148.49281087567954,
              1.910375168904771
            ],
            [
              148.36036541183142,
              2.015966734991165
            ],
            [
              148.18874532022187,
              1.8089225100662818
            ],
            [
              148.36559838050883,
              2.0791042634098296
            ],
            [
              147.91846148981696,
              2.208523036570072
            ],
            [
              148.2395173513279,
              2.1965442726668494
            ],
            [
              148.38605034562661,
              2.377105702734207
            ]
          ]
        ]
      },
      "id": "b1333707-6601-497b-9ccf-8ee6b8179548"
    },
    {
      "type": "Feature",
      "properties": {
        "id": "0dade6cf-70a7-4545-9b73-870963e0a67c",
        "name": "sketch300-4"
      },
      "geometry": {
        "type": "Polygon",
        "coordinates": [
          [
            [
              154.76614701225014,
              9.633963959596466
            ],
            [
              154.90611425800307,
              9.704616541667152
            ],
            [
              154.70083616956873,
              9.572540630180258
            ],
            [
              154.9514394964577,
              9.44232554376774
            ],
            [
              154.92942195255438,
              9.16649846004321
            ],
            [
              154.71460043278952,
              9.211128096969603
            ],
            [
              154.4045748805189,
              9.316932899239665
            ],
            [
              154.39292201206894,
              9.44348803888465
            ],
            [
              154.340115984368,
              9.726175663306437
            ],
            [
              154.51424234132767,
              9.829063034760702
            ],
            [
              154.76614701225014,
              9.633963959596466
            ]
          ]
        ]
      },
      "id": "0dade6cf-70a7-4545-9b73-870963e0a67c"
    },
    {
      "type": "Feature",
      "properties": {
        "id": "b006e935-47cf-43b8-aaa8-f3d1a4d30541",
        "name": "sketch300-5"
      },
      "geometry": {
        "type": "Polygon",
        "coordinates": [
          [
            [
              141.92537301528034,
              4.720914991334668
            ],
            [
              141.96161660049563,
              4.656652438872961
            ],
            [
              142.0719297917396,
              4.568488057509613
            ],
            [
              142.02481220941914,
              4.318280442420579
            ],
            [
              141.93585342539268,
              4.202911836893335
            ],
            [
              141.76483233239895,
              4.386239846051599
            ],
            [
              141.44436384424665,
              4.439593723562551
            ],
            [
              141.65031255807733,
              4.619047029949257
            ],
            [
              141.73557775610107,
              4.6763100104501225
            ],
            [
              141.50291559643819,
              4.907402522361906
            ],
            [
              141.92537301528034,
              4.720914991334668
            ]
          ]
        ]
      },
      "id": "b006e935-47cf-43b8-aaa8-f3d1a4d30541"
    },
    {
      "type": "Feature",
      "properties": {
        "id": "268c9c96-acbc-4d01-b4a8-242f7bd455bf",
        "name": "sketch300-6"
      },
      "geometry": {
        "type": "Polygon",
        "coordinates": [
          [
            [
              154.124179524324,
              7.711251538539651
            ],
            [
              154.08466476387426,
              7.660953039169351
            ],
            [
              154.32185578223104,
              7.454105990575925
            ],
            [
              154.19739761017084,
              7.090627614165747
            ],
            [
              153.87180532955009,
              7.287886830559719
            ],
            [
              153.9007179057278,
              7.443816302101801
            ],
            [
              153.6703686745443,
              7.2780126172575805
            ],
            [
              153.8334508405868,
              7.483741713156526
            ],
            [
              153.6718849499053,
              7.6826140962008616
            ],
            [
              153.82916588137027,
              7.7789563030307125
            ],
            [
              154.124179524324,
              7.711251538539651
            ]
          ]
        ]
      },
      "id": "268c9c96-acbc-4d01-b4a8-242f7bd455bf"
    },
    {
      "type": "Feature",
      "properties": {
        "id": "06cffe97-cbc7-42bd-b758-46de08af4eb6",
        "name": "sketch300-7"
      },
      "geometry": {
        "type": "Polygon",
        "coordinates": [
          [
            [
              159.90758330714766,
              5.408319022318972
            ],
            [
              159.9169243023069,
              5.271491557100056
            ],
            [
              159.85005451487714,
              5.132339987023816
            ],
            [
              159.76143977878488,
              5.206182409965119
            ],
            [
              159.76063770041782,
              4.882986763764927
            ],
            [
              159.52543669454465,
              4.901487791505202
            ],
            [
              159.28592783718554,
              5.094415946608483
            ],
            [
              159.69193367874504,
              5.235623206283951
            ],
            [
              159.60165664310526,
              5.279411257895671
            ],
            [
              159.62388277442872,
              5.600001609314131
            ],
            [
              159.90758330714766,
              5.408319022318972
            ]
          ]
        ]
      },
      "id": "06cffe97-cbc7-42bd-b758-46de08af4eb6"
    },
    {
      "type": "Feature",
      "properties": {
        "id": "b0e457b5-b56b-4a76-ab0a-b0513bee64a1",
        "name": "sketch300-8"
      },
      "geometry": {
        "type": "Polygon",
        "coordinates": [
          [
            [
              146.74450932432202,
              12.598780673653492
            ],
            [
              146.6397162898496,
              12.530088452734697
            ],
            [
              146.70219055396424,
              12.492976450939743
            ],
            [
              146.77547696655662,
              12.445264270742525
            ],
            [
              146.6452963337547,
              12.22913132928387
            ],
            [
              146.6066323654849,
              12.409946083729835
            ],
            [
              146.54886141750714,
              12.35561250179279
            ],
            [
              146.30087876211425,
              12.354599181255907
            ],
            [
              146.55680456005328,
              12.573088813209887
            ],
            [
              146.60429189965737,
              12.643487621196742
            ],
            [
              146.74450932432202,
              12.598780673653492
            ]
          ]
        ]
      },
      "id": "b0e457b5-b56b-4a76-ab0a-b0513bee64a1"
    },
    {
      "type": "Feature",
      "properties": {
        "id": "ff7bc8d3-acfe-4e23-becc-e381df4a1950",
        "name": "sketch300-9"
      },
      "geometry": {
        "type": "Polygon",
        "coordinates": [
          [
            [
              136.05926409335606,
              4.805477512629261
            ],
            [
              136.2494904174505,
              4.911960489653919
            ],
            [
              136.1658802019855,
              4.763245758123369
            ],
            [
              136.05685208046106,
              4.755804014714488
            ],
            [
              136.08168235645314,
              4.663249199560743
            ],
            [
              136.11838084284997,
              4.50366223717812
            ],
            [
              135.82739277397152,
              4.351143724452823
            ],
            [
              135.8020176079307,
              4.383664194927252
            ],
            [
              135.90878606584576,
              4.722754288518982
            ],
            [
              135.94963817033516,
              4.830058520673723
            ],
            [
              136.05926409335606,
              4.805477512629261
            ]
          ]
        ]
      },
      "id": "ff7bc8d3-acfe-4e23-becc-e381df4a1950"
    }
  ],
  "bbox": [
    135.8020176079307,
    -1.3832138408261643,
    159.9169243023069,
    12.643487621196742
  ]
}
