{
  "type": "FeatureCollection",
  "features": [
    {
      "type": "Feature",
      "properties": {
        "id": "0bd48e48-2fb3-442d-a2db-d123860329af",
        "name": "sketch44-0"
      },
      "geometry": {
        "type": "Polygon",
        "coordinates": [
          [
            [
              152.53214047557162,
              2.4964213959872854
            ],
            [
              152.46908723554913,
              2.2979421951820584
            ],
            [
              152.58129197689024,
              2.1802931091631335
            ],
            [
              152.7860529109184,
              2.041424173874053
            ],
            [
              152.54301326080102,
              1.7209382916835856
            ],
            [
              152.32252169170738,
              1.9957126608910531
            ],
            [
              152.33831562139292,
              2.0826937613346375
            ],
            [
              152.25807929370518,
              2.0818087401021277
            ],
            [
              152.03772742302695,
              2.2801499454403142
            ],
            [
              152.23408700291952,
              2.236625614484794
            ],
            [
              152.53214047557162,
              2.4964213959872854
            ]
          ]
        ]
      },
      "id": "0bd48e48-2fb3-442d-a2db-d123860329af"
    },
    {
      "type": "Feature",
      "properties": {
        "id": "c7b4a6d9-461d-46b8-a6d8-c3368c9b3309",
        "name": "sketch44-1"
      },
      "geometry": {
        "type": "Polygon",
        "coordinates": [
          [
            [
              157.1447830155627,
              11.513246548242408
            ],
            [
              157.38591629238402,
              11.613254199682512
            ],
            [
              157.25364618752005,
              11.382147899761014
            ],
            [
              157.1559658762881,
              11.298228744337873
            ],
            [
              157.17359105929253,
              11.250236236424954
            ],
            [
              157.10235874888065,
              11.006380500150298
            ],
            [
              156.85401259680572,
              10.970737302962087
            ],
            [
              156.67179181336513,
              11.234765530850694
            ],
            [
              157.04272685287228,
              11.34693204804864
            ],
            [
              157.0478431000563,
              11.405954176889301
            ],
            [
              157.1447830155627,
              11.513246548242408
            ]
          ]
        ]
      },
      "id": "c7b4a6d9-461d-46b8-a6d8-c3368c9b3309"
    },
    {
      "type": "Feature",
      "properties": {
        "id": "91cc5735-e10a-4171-a2a4-8f43f7d773cb",
        "name": "sketch44-2"
      },
      "geometry": {
        "type": "Polygon",
        "coordinates": [
          [
            [
              148.96989366078984,
              0.9308768618239393
            ],
            [
              149.03747836594414,
              0.9168594977347762
            ],
            [
              149.08355256799373,
              0.7435213962455538
            ],
            [
              148.98818109928624,
              0.6914151941148854
            ],
            [
              148.97758189690444,
              0.6964246113193205
            ],
            [
              148.9107042066557,
              0.7684346053635003
            ],
            [
              148.57522027441414,
              0.5885540488713721
            ],
            [
              148.61485956814062,
              0.7534943438299331
            ],
            [
              148.77270831383873,
              0.9827119017642578
            ],
            [
              148.5929012099601,
              1.226258460703298
            ],
            [
              148.96989366078984,
              0.9308768618239393
            ]
          ]
        ]
      },
      "id": "91cc5735-e10a-4171-a2a4-8f43f7d773cb"
    },
    {
      "type": "Feature",
      "properties": {
        "id": "45f15ab3-3dc9-4e3b-9a6f-d825f321a829",
        "name": "sketch44-3"
      },
      "geometry": {
        "type": "Polygon",
        "coordinates": [
          [
            [
              136.46388470050158,
              4.216713565514478
            ],
            [
              136.49111292330508,
              3.961965711392286
            ],
            [
              136.33394377971982,
              4.057598179132768
            ],
            [
              136.28494179781495,
              4.046773343488098
            ],
            [
              136.256784276371,
              3.85755724225194
            ],
            [
              135.95263289346406,
              3.8514947345714114
            ],
            [
              136.19011443796458,
              4.062059117015634
            ],
            [
              136.1032349911373,
              4.120401109619573
            ],
            [
              135.94929075023927,
              4.348138279902377
            ],
            [
              136.07243347906066,
              4.296548949291069
            ],
            [
              136.46388470050158,
              4.216713565514478
            ]
          ]
        ]
      },
      "id": "45f15ab3-3dc9-4e3b-9a6f-d825f321a829"
    }
  ],
  "bbox": [
    135.94929075023927,
    0.5885540488713721,
    157.38591629238402,
    11.613254199682512
  ]
}
