{
  "type": "FeatureCollection",
  "features": [
    {
      "type": "Feature",
      "properties": {
        "id": "0fe4ae11-677a-4b99-9d56-9b0420894a6f",
        "name": "sketch113-0"
      },
      "geometry": {
        "type": "Polygon",
        "coordinates": [
          [
            [
              145.4036913267868,
              3.3687539069156642
            ],
            [
              145.4093028226894,
              3.3368876335377093
            ],
            [
              145.47763133937815,
              3.298713974294496
            ],
            [
              145.79100777577654,
              3.1327693194982786
            ],
            [
              145.6692699888251,
              3.188087930293095
            ],
            [
              145.47135526576412,
              2.9585491894993727
            ],
            [
              145.3533033073059,
              3.268436571790494
            ],
            [
              145.0853329239741,
              3.2907174581746705
            ],
            [
              145.32554702431017,
              3.324293663506685
            ],
            [
              145.35964323464142,
              3.3551288091330402
            ],
            [
              145.4036913267868,
              3.3687539069156642
            ]
          ]
        ]
      },
      "id": "0fe4ae11-677a-4b99-9d56-9b0420894a6f"
    },
    {
      "type": "Feature",
      "properties": {
        "id": "3a82d736-5332-4d59-b352-74801d8695b7",
        "name": "sketch113-1"
      },
      "geometry": {
        "type": "Polygon",
        "coordinates": [
          [
            [
              156.32623727815997,
              10.095947879241516
            ],
            [
              156.270033133176,
              9.855233560974844
            ],
            [
              156.14519705241156,
              9.773954887230868
            ],
            [
              156.03645888642637,
              9.770413413941316
            ],
            [
              155.98947715134173,
              9.746335835228676
            ],
            [
              155.88978017781798,
              9.403384155864266
            ],
            [
              155.8277599249801,
              9.433816866619905
            ],
            [
              155.83561742304394,
              9.6578575624564
            ],
            [
              155.50604065088996,
              9.86228340310861
            ],
            [
              155.6390798350359,
              10.011377737317256
            ],
            [
              156.32623727815997,
              10.095947879241516
            ]
          ]
        ]
      },
      "id": "3a82d736-5332-4d59-b352-74801d8695b7"
    },
    {
      "type": "Feature",
      "properties": {
        "id": "9bf6d89a-48cf-4fe9-a97a-0f8d14c528c2",
        "name": "sketch113-2"
      },
      "geometry": {
        "type": "Polygon",
        "coordinates": [
          [
            [
              153.9392922906158,
              11.056943679093058
            ],
            [
              153.83928620968837,
              10.980587849319829
            ],
            [
              154.16168063420852,
              10.804108509136096
            ],
            [
              153.9418180362374,
              10.88474843634635
            ],
            [
              154.13301955625892,
              10.732721391074337
            ],
            [
              153.78359431485856,
              10.85137389671416
            ],
            [
              153.71306205199798,
              10.707090283965714
            ],
            [
              153.5368903038564,
              10.774973737620863
            ],
            [
              153.72485724146853,
              11.02114646800131
            ],
            [
              153.69704166517167,
              11.055358690044777
            ],
            [
              153.9392922906158,
              11.056943679093058
            ]
          ]
        ]
      },
      "id": "9bf6d89a-48cf-4fe9-a97a-0f8d14c528c2"
    }
  ],
  "bbox": [
    145.0853329239741,
    2.9585491894993727,
    156.32623727815997,
    11.056943679093058
  ]
}
