{
  "type": "FeatureCollection",
  "features": [
    {
      "type": "Feature",
      "properties": {
        "id": "50d0f6af-8d3f-4fd0-96e6-b9b7c294e2cd",
        "name": "sketch69-0"
      },
      "geometry": {
        "type": "Polygon",
        "coordinates": [
          [
            [
              147.61483828523544,
              12.259505768462084
            ],
            [
              147.71913608046782,
              12.325234180399347
            ],
            [
              147.76574274397194,
              12.15394168844098
            ],
            [
              147.61178411253883,
              12.054737224678808
            ],
            [
              147.46879970609308,
              11.79648412931901
            ],
            [
              147.49041666161216,
              11.938987021187046
            ],
            [
              147.24153935862876,
              12.092913710254452
            ],
            [
              147.14558189554785,
              12.195078059596211
            ],
            [
              147.3853378178254,
              12.612305073086812
            ],
            [
              147.58275590364312,
              12.258880479457204
            ],
            [
              147.61483828523544,
              12.259505768462084
            ]
          ]
        ]
      },
      "id": "50d0f6af-8d3f-4fd0-96e6-b9b7c294e2cd"
    },
    {
      "type": "Feature",
      "properties": {
        "id": "d01d2d07-1acc-4e6d-93d5-8288d19e89d0",
        "name": "sketch69-1"
      },
      "geometry": {
        "type": "Polygon",
        "coordinates": [
          [
            [
              160.92446774104852,
              4.0729634265599035
            ],
            [
              160.99411948001506,
              3.9847087555134753
            ],
            [
              161.37432587858754,
              3.9791228083068457
            ],
            [
              161.32398488209776,
              3.8813267956231163
            ],
            [
              161.2829265943162,
              3.7158292171920007
            ],
            [
              160.95344190801163,
              3.863104771811416
            ],
            [
              160.843291839188,
              3.7173238428758455
            ],
            [
              160.62567818517647,
              3.6536948573587207
            ],
            [
              160.56049510434045,
              3.8402259059790604
            ],
            [
              160.69676612967186,
              4.10576204940398
            ],
            [
              160.92446774104852,
              4.0729634265599035
            ]
          ]
        ]
      },
      "id": "d01d2d07-1acc-4e6d-93d5-8288d19e89d0"
    },
    {
      "type": "Feature",
      "properties": {
        "id": "343c4955-6c0f-4798-88c7-acedf36ca2d5",
        "name": "sketch69-2"
      },
      "geometry": {
        "type": "Polygon",
        "coordinates": [
          [
            [
              157.10044958185003,
              10.139996945825361
            ],
            [
              157.085479813403,
              9.790702514448974
            ],
            [
              157.18808028831933,
              9.569605434970818
            ],
            [
              156.8294721519494,
              9.773666051216377
            ],
            [
              156.66676077417745,
              9.312606194883205
            ],
            [
              156.6761854263356,
              9.72782505048836
            ],
            [
              156.7557719458702,
              9.802143018489437
            ],
            [
              156.55132606697026,
              9.892311900855985
            ],
            [
              156.78295532830157,
              9.80085377842851
            ],
            [
              156.69217955945905,
              10.126714193015586
            ],
            [
              157.10044958185003,
              10.139996945825361
            ]
          ]
        ]
      },
      "id": "343c4955-6c0f-4798-88c7-acedf36ca2d5"
    },
    {
      "type": "Feature",
      "properties": {
        "id": "cba8f46f-2381-42a1-80f9-6f4c70131854",
        "name": "sketch69-3"
      },
      "geometry": {
        "type": "Polygon",
        "coordinates": [
          [
            [
              151.07812491130684,
              6.6310337419609
            ],
            [
              151.11891261831963,
              6.592475056258969
            ],
            [
              151.46322007098766,
              6.441026113502561
            ],
            [
              151.0625397491831,
              6.491014699601078
            ],
            [
              150.9790469873836,
              6.184923080386187
            ],
            [
              150.75125213547656,
              6.434265070278287
            ],
            [
              150.82144636449488,
              6.595830423837824
            ],
            [
              150.92721613477775,
              6.6488332207440815
            ],
            [
              150.9494165403315,
              6.642098944467397
            ],
            [
              150.96731804601734,
              6.750449910204013
            ],
            [
              151.07812491130684,
              6.6310337419609
            ]
          ]
        ]
      },
      "id": "cba8f46f-2381-42a1-80f9-6f4c70131854"
    },
    {
      "type": "Feature",
      "properties": {
        "id": "f4f9fd61-041f-4e07-8286-41d1debeba6e",
        "name": "sketch69-4"
      },
      "geometry": {
        "type": "Polygon",
        "coordinates": [
          [
            [
              160.69037806369988,
              11.01193704063456
            ],
            [
              160.6596279786856,
              10.963000379603123
            ],
            [
              160.6888269523904,
              10.88888235386015
            ],
            [
              160.58649022173157,
              10.920034999358652
            ],
            [
              160.32235840029355,
              10.732539430345357
            ],
            [
              160.29284651035522,
              10.735186720772061
            ],
            [
              160.19159278156312,
              10.8687893982194
            ],
            [
              160.38059518176283,
              10.937282815649437
            ],
            [
              160.52639026947534,
              10.96383674963018
            ],
            [
              160.23914050347165,
              11.289268120354322
            ],
            [
              160.69037806369988,
              11.01193704063456
            ]
          ]
        ]
      },
      "id": "f4f9fd61-041f-4e07-8286-41d1debeba6e"
    },
    {
      "type": "Feature",
      "properties": {
        "id": "a42f3203-c5a6-405c-8f62-973c98eab3f1",
        "name": "sketch69-5"
      },
      "geometry": {
        "type": "Polygon",
        "coordinates": [
          [
            [
              156.56370098507924,
              4.342898172481902
            ],
            [
              156.60356858783345,
              4.36030745246376
            ],
            [
              156.81809727655138,
              4.484956637056276
            ],
            [
              156.908537110829,
              4.105300246832163
            ],
            [
              156.9367620670209,
              4.044108764839966
            ],
            [
              156.63706968508626,
              4.240107414305871
            ],
            [
              156.52764672770184,
              3.9558015915723583
            ],
            [
              156.3612130419591,
              4.252221523413438
            ],
            [
              156.29136790780393,
              4.326137533049439
            ],
            [
              156.42426778211714,
              4.589858747767842
            ],
            [
              156.56370098507924,
              4.342898172481902
            ]
          ]
        ]
      },
      "id": "a42f3203-c5a6-405c-8f62-973c98eab3f1"
    },
    {
      "type": "Feature",
      "properties": {
        "id": "edff2067-27e6-48bc-86fe-605db277f9b7",
        "name": "sketch69-6"
      },
      "geometry": {
        "type": "Polygon",
        "coordinates": [
          [
            [
              154.77050568280512,
              10.17726981661841
            ],
            [
              154.76822421319756,
              9.928704714545647
            ],
            [
              154.90021999724135,
              9.80611143242366
            ],
            [
              154.8647287822025,
              9.708317028899634
            ],
            [
              154.722381178246,
              9.446485191667875
            ],
            [
              154.57708710872694,
              9.653333034611807
            ],
            [
              154.53639839841142,
              9.81252758038429
            ],
            [
              154.63519268605424,
              9.844257265909551
            ],
            [
              154.58494817608616,
              9.90782795705557
            ],
            [
              154.5919779818517,
              9.9267302216102
            ],
            [
              154.77050568280512,
              10.17726981661841
            ]
          ]
        ]
      },
      "id": "edff2067-27e6-48bc-86fe-605db277f9b7"
    },
    {
      "type": "Feature",
      "properties": {
        "id": "e7f6acda-3abe-4399-8e79-a66a3ea68157",
        "name": "sketch69-7"
      },
      "geometry": {
        "type": "Polygon",
        "coordinates": [
          [
            [
              163.41825730259015,
              2.0341060511881284
            ],
            [
              163.3945388095767,
              1.9993206784263755
            ],
            [
              163.5003814389049,
              2.0781935164400456
            ],
            [
              163.82744494668398,
              2.130967291966604
            ],
            [
              163.57034146228986,
              1.8767121949227579
            ],
            [
              163.3844806936712,
              1.9677279965915107
            ],
            [
              163.37994607723158,
              1.7523536052797595
            ],
            [
              163.24263517133085,
              1.7807341465121476
            ],
            [
              163.3150180148297,
              1.9804288505587186
            ],
            [
              163.3653550696804,
              1.9915762112610416
            ],
            [
              163.41825730259015,
              2.0341060511881284
            ]
          ]
        ]
      },
      "id": "e7f6acda-3abe-4399-8e79-a66a3ea68157"
    },
    {
      "type": "Feature",
      "properties": {
        "id": "31939a54-e171-4d09-b972-1a453b28499f",
        "name": "sketch69-8"
      },
      "geometry": {
        "type": "Polygon",
        "coordinates": [
          [
            [
              147.99144851973853,
              0.1254976278976886
            ],
            [
              148.04444498679766,
              -0.11042886179212133
            ],
            [
              148.38057970873993,
              -0.033188774016266215
            ],
            [
              148.05830063318544,
              -0.245146702044788
            ],
            [
              148.042499887572,
              -0.2479548570340171
            ],
            [
              148.05903561564514,
              -0.583101038666325
            ],
            [
              147.90680753558618,
              -0.2455351972706168
            ],
            [
              147.83330430702784,
              -0.25775024553985054
            ],
            [
              147.65858963422738,
              -0.200961619343091
            ],
            [
              147.83800189427376,
              0.025340837710081443
            ],
            [
              147.99144851973853,
              0.1254976278976886
            ]
          ]
        ]
      },
      "id": "31939a54-e171-4d09-b972-1a453b28499f"
    }
  ],
  "bbox": [
    147.14558189554785,
    -0.583101038666325,
    163.82744494668398,
    12.612305073086812
  ]
}
