{
  "type": "FeatureCollection",
  "features": [
    {
      "type": "Feature",
      "properties": {
        "id": "3ae8ff98-c048-4516-9c24-1b4e3346e4ae",
        "name": "sketch104-0"
      },
      "geometry": {
        "type": "Polygon",
        "coordinates": [
          [
            [
              157.08018962327372,
              5.829246830597423
            ],
            [
              157.08850190416658,
              5.851114343993331
            ],
            [
              157.2956001116137,
              6.134634529450574
            ],
            [
              157.55044054809002,
              5.756900015068314
            ],
            [
              157.11837794378593,
              5.7427431397056585
            ],
            [
              157.0763343937852,
              5.765404106595438
            ],
            [
              157.02185125139098,
              5.71455928437721
            ],
            [
              156.8172229734043,
              5.700997925916131
            ],
            [
              156.7736395833015,
              5.999165673417997
            ],
            [
              157.05126383344145,
              5.996359659871596
            ],
            [
              157.08018962327372,
              5.829246830597423
            ]
          ]
        ]
      },
      "id": "3ae8ff98-c048-4516-9c24-1b4e3346e4ae"
    },
    {
      "type": "Feature",
      "properties": {
        "id": "a45c3bd7-bc5a-4763-9227-022942075e3a",
        "name": "sketch104-1"
      },
      "geometry": {
        "type": "Polygon",
        "coordinates": [
          [
            [
              165.41769092562419,
              -0.08089106851328395
            ],
            [
              165.54779898301575,
              0.32697450781608606
            ],
            [
              165.44153983811012,
              -0.13387748672630242
            ],
            [
              165.51833445482882,
              -0.3692906662839139
            ],
            [
              165.3920871617806,
              -0.2868118294099845
            ],
            [
              165.1532354252764,
              -0.39683499485944185
            ],
            [
              165.21224324825775,
              -0.3221207284191293
            ],
            [
              165.3377789475353,
              -0.13381601405534138
            ],
            [
              164.96223853474078,
              -0.12488784127220393
            ],
            [
              165.35884441347534,
              0.009362646703412414
            ],
            [
              165.41769092562419,
              -0.08089106851328395
            ]
          ]
        ]
      },
      "id": "a45c3bd7-bc5a-4763-9227-022942075e3a"
    },
    {
      "type": "Feature",
      "properties": {
        "id": "bf77ac05-2dc8-4bf8-9ea4-d4e9fda05c5f",
        "name": "sketch104-2"
      },
      "geometry": {
        "type": "Polygon",
        "coordinates": [
          [
            [
              159.05976269779237,
              1.1331326063430753
            ],
            [
              159.04773169386786,
              1.064033255907332
            ],
            [
              159.00487301717268,
              0.9438580228569942
            ],
            [
              159.3131748208459,
              0.8196466448128521
            ],
            [
              159.0818846898951,
              0.8791266472994079
            ],
            [
              158.99188257371773,
              0.8730708776383191
            ],
            [
              158.9759208309629,
              0.93516348016029
            ],
            [
              158.9481542085424,
              0.9373925275025402
            ],
            [
              158.846282665391,
              1.0767239943159161
            ],
            [
              158.96793927426816,
              1.2780773824977634
            ],
            [
              159.05976269779237,
              1.1331326063430753
            ]
          ]
        ]
      },
      "id": "bf77ac05-2dc8-4bf8-9ea4-d4e9fda05c5f"
    },
    {
      "type": "Feature",
      "properties": {
        "id": "1d009c4b-f609-4eb7-a678-cf959af3ac7a",
        "name": "sketch104-3"
      },
      "geometry": {
        "type": "Polygon",
        "coordinates": [
          [
            [
              162.81577486012262,
              10.620185790631938
            ],
            [
              162.9258807068002,
              10.635414717909379
            ],
            [
              162.84136737584194,
              10.559520409121097
            ],
            [
              162.84037242807244,
              10.52822056319945
            ],
            [
              162.77733139101775,
              10.18333275080885
            ],
            [
              162.68371962465693,
              10.142482913263716
            ],
            [
              162.61236456049414,
              10.417326231894162
            ],
            [
              162.40010896919995,
              10.47772859228672
            ],
            [
              162.63753815030512,
              10.532855969387667
            ],
            [
              162.6752008255224,
              10.651710132819435
            ],
            [
              162.81577486012262,
              10.620185790631938
            ]
          ]
        ]
      },
      "id": "1d009c4b-f609-4eb7-a678-cf959af3ac7a"
    }
  ],
  "bbox": [
    156.7736395833015,
    -0.39683499485944185,
    165.54779898301575,
    10.651710132819435
  ]
}
