{
  "type": "FeatureCollection",
  "features": [
    {
      "type": "Feature",
      "properties": {
        "id": "69badbb3-191e-42f9-8b76-bbc0b036fb56",
        "name": "sketch280-0"
      },
      "geometry": {
        "type": "Polygon",
        "coordinates": [
          [
            [
              136.03485613129047,
              9.669165866178265
            ],
            [
              136.05944887823628,
              9.661199338295944
            ],
            [
              136.13843474279125,
              9.661597851462943
            ],
            [
              136.09509332097727,
              9.573392707508887
            ],
            [
              136.11033304825312,
              9.380483703309368
            ],
            [
              136.0225491929574,
              9.353542395820028
            ],
            [
              135.99382252166333,
              9.590133922921334
            ],
            [
              135.97848860549806,
              9.582297733874624
            ],
            [
              135.9685251081595,
              9.642956382093766
            ],
            [
              135.6224362570011,
              9.892970792009866
            ],
            [
              136.03485613129047,
              9.669165866178265
            ]
          ]
        ]
      },
      "id": "69badbb3-191e-42f9-8b76-bbc0b036fb56"
    },
    {
      "type": "Feature",
      "properties": {
        "id": "4d94b27e-8b3a-4d7f-902b-eec293ba7e45",
        "name": "sketch280-1"
      },
      "geometry": {
        "type": "Polygon",
        "coordinates": [
          [
            [
              165.3896322296865,
              1.5541886421577302
            ],
            [
              165.3541628535573,
              1.371877329119499
            ],
            [
              165.32517346590154,
              1.3139041335569182
            ],
            [
              165.66340061205526,
              1.3104502415884245
            ],
            [
              165.4612301592986,
              1.2241727513090699
            ],
            [
              165.56910041682846,
              0.9568527021339942
            ],
            [
              165.07180218668495,
              0.9888990646273746
            ],
            [
              165.27002867947854,
              1.2900364030276164
            ],
            [
              164.96344407208142,
              1.1615954799214832
            ],
            [
              165.19477909462364,
              1.3730573258915775
            ],
            [
              165.3896322296865,
              1.5541886421577302
            ]
          ]
        ]
      },
      "id": "4d94b27e-8b3a-4d7f-902b-eec293ba7e45"
    },
    {
      "type": "Feature",
      "properties": {
        "id": "c583f1b8-5edb-4abf-bc93-15cac984f282",
        "name": "sketch280-2"
      },
      "geometry": {
        "type": "Polygon",
        "coordinates": [
          [
            [
              157.14463282123342,
              -0.4169381436972385
            ],
            [
              157.17109258301002,
              -0.5046128128881016
            ],
            [
              157.3154001314921,
              -0.6101468543554802
            ],
            [
              157.37615672389245,
              -0.8279358796138786
            ],
            [
              157.2949671836634,
              -1.0875205828719798
            ],
            [
              157.11271282296534,
              -1.2164376322163348
            ],
            [
              157.05081854085373,
              -1.3069268061970754
            ],
            [
              156.80303648454137,
              -1.0700638811259426
            ],
            [
              156.65891043588599,
              -0.7053913805321939
            ],
            [
              157.03066215641385,
              -0.8284595941429832
            ],
            [
              157.14463282123342,
              -0.4169381436972385
            ]
          ]
        ]
      },
      "id": "c583f1b8-5edb-4abf-bc93-15cac984f282"
    },
    {
      "type": "Feature",
      "properties": {
        "id": "8625439b-99f4-49bc-bd9f-85cdcbbe4f77",
        "name": "sketch280-3"
      },
      "geometry": {
        "type": "Polygon",
        "coordinates": [
          [
            [
              140.11104836761595,
              8.059133262030223
            ],
            [
              140.12168466533203,
              7.9503143369867875
            ],
            [
              140.11382083045353,
              7.922354365284347
            ],
            [
              140.26527503634762,
              7.767975536786894
            ],
            [
              140.0864296195798,
              7.925179932904491
            ],
            [
              140.06775912718385,
              7.88604488014319
            ],
            [
              140.0292653897447,
              7.784616166874297
            ],
            [
              139.9569222484184,
              7.754108054121464
            ],
            [
              139.76010685081914,
              7.770113179923571
            ],
            [
              139.74440810620672,
              8.291161381440103
            ],
            [
              140.11104836761595,
              8.059133262030223
            ]
          ]
        ]
      },
      "id": "8625439b-99f4-49bc-bd9f-85cdcbbe4f77"
    },
    {
      "type": "Feature",
      "properties": {
        "id": "d24a990c-02b0-4165-a33b-f0d3ec06ccb2",
        "name": "sketch280-4"
      },
      "geometry": {
        "type": "Polygon",
        "coordinates": [
          [
            [
              142.87977978521923,
              1.72639980679458
            ],
            [
              142.9804242969935,
              1.7086585401312724
            ],
            [
              142.98487048531805,
              1.5730619320649637
            ],
            [
              143.25463143634133,
              1.3698459627235846
            ],
            [
              142.9123863611612,
              1.2821417616359214
            ],
            [
              142.74213255254335,
              1.0724434020173308
            ],
            [
              142.7903910598001,
              1.2874924696002532
            ],
            [
              142.52286452432529,
              1.1699325131716594
            ],
            [
              142.41825235482756,
              1.5669412838776056
            ],
            [
              142.72480084760528,
              1.5286303929287957
            ],
            [
              142.87977978521923,
              1.72639980679458
            ]
          ]
        ]
      },
      "id": "d24a990c-02b0-4165-a33b-f0d3ec06ccb2"
    },
    {
      "type": "Feature",
      "properties": {
        "id": "7b46a92d-6ba2-4ca0-9511-2a27a52fd827",
        "name": "sketch280-5"
      },
      "geometry": {
        "type": "Polygon",
        "coordinates": [
          [
            [
              154.82884715293886,
              8.23569362165641
            ],
            [
              154.894102673173,
              8.194250895844824
            ],
            [
              154.77337937732125,
              8.051144260167074
            ],
            [
              154.73720487735307,
              7.756032801084686
            ],
            [
              154.5674841635147,
              7.704363307796061
            ],
            [
              154.54924101642075,
              7.650312867710638
            ],
            [
              154.6581117168013,
              8.045381810393849
            ],
            [
              154.32876517547305,
              7.754889877733647
            ],
            [
              154.45770779310016,
              8.134582657738427
            ],
            [
              154.35374191954423,
              8.426385759025978
            ],
            [
              154.82884715293886,
              8.23569362165641
            ]
          ]
        ]
      },
      "id": "7b46a92d-6ba2-4ca0-9511-2a27a52fd827"
    },
    {
      "type": "Feature",
      "properties": {
        "id": "0cc12195-5ab1-47c5-a47b-e962b54df056",
        "name": "sketch280-6"
      },
      "geometry": {
        "type": "Polygon",
        "coordinates": [
          [
            [
              147.59590700962747,
              6.349067756561017
            ],
            [
              147.83349442129537,
              6.382745598513004
            ],
            [
              147.7062887658995,
              6.331052951112527
            ],
            [
              147.9351652532246,
              6.117017232253889
            ],
            [
              147.6425426681754,
              6.151195262452561
            ],
            [
              147.61057124661588,
              6.049016130435958
            ],
            [
              147.48699083391458,
              6.164059307595638
            ],
            [
              147.1091654847482,
              6.35814291723522
            ],
            [
              147.3682217126753,
              6.414975606924481
            ],
            [
              147.38415081480156,
              6.4451905541185655
            ],
            [
              147.59590700962747,
              6.349067756561017
            ]
          ]
        ]
      },
      "id": "0cc12195-5ab1-47c5-a47b-e962b54df056"
    },
    {
      "type": "Feature",
      "properties": {
        "id": "3407f639-da8d-4c9d-9523-23fc0e84b60e",
        "name": "sketch280-7"
      },
      "geometry": {
        "type": "Polygon",
        "coordinates": [
          [
            [
              160.94165062510453,
              2.161989985622987
            ],
            [
              161.1760264947016,
              2.0755383791775426
            ],
            [
              161.21896950590613,
              1.8982558691107452
            ],
            [
              160.8577943609974,
              1.9259264201137407
            ],
            [
              160.97270308129717,
              1.4791507144208118
            ],
            [
              160.79932859022938,
              1.660699891076415
            ],
            [
              160.73266715373637,
              1.8415070509030873
            ],
            [
              160.7709180361827,
              1.910812868655868
            ],
            [
              160.4975953875871,
              2.0703048723854494
            ],
            [
              160.5809517019951,
              2.269642016425569
            ],
            [
              160.94165062510453,
              2.161989985622987
            ]
          ]
        ]
      },
      "id": "3407f639-da8d-4c9d-9523-23fc0e84b60e"
    },
    {
      "type": "Feature",
      "properties": {
        "id": "218a5b5c-0977-496c-9ccc-c8d666962436",
        "name": "sketch280-8"
      },
      "geometry": {
        "type": "Polygon",
        "coordinates": [
          [
            [
              158.75807169902194,
              3.147086036373328
            ],
            [
              159.09072767478625,
              3.358320405468065
            ],
            [
              158.82895305362763,
              3.08187644576518
            ],
            [
              158.79722907432512,
              2.9905930377031837
            ],
            [
              158.74687644082468,
              2.8883055771342185
            ],
            [
              158.6477088471332,
              2.66751209561715
            ],
            [
              158.49695572941124,
              2.843187751519966
            ],
            [
              158.61198542954253,
              3.054657796084362
            ],
            [
              158.69643327183948,
              3.113382934605721
            ],
            [
              158.61149575846355,
              3.4636448638007487
            ],
            [
              158.75807169902194,
              3.147086036373328
            ]
          ]
        ]
      },
      "id": "218a5b5c-0977-496c-9ccc-c8d666962436"
    },
    {
      "type": "Feature",
      "properties": {
        "id": "a190bf4f-ebdd-4393-b303-553dcdc72ec6",
        "name": "sketch280-9"
      },
      "geometry": {
        "type": "Polygon",
        "coordinates": [
          [
            [
              153.0329526492447,
              13.027549206416815
            ],
            [
              153.27768526198832,
              13.168527932501853
            ],
            [
              153.04122505558186,
              12.970117997553281
            ],
            [
              153.08758315199967,
              12.932634498672392
            ],
            [
              153.20250111443934,
              12.52915838091165
            ],
            [
              152.9750525482937,
              12.756612751346186
            ],
            [
              152.80308097541075,
              12.823126157989531
            ],
            [
              152.76487139282023,
              12.935655205780051
            ],
            [
              152.82633379954805,
              13.086431426053545
            ],
            [
              152.97827030319078,
              13.17163210213186
            ],
            [
              153.0329526492447,
              13.027549206416815
            ]
          ]
        ]
      },
      "id": "a190bf4f-ebdd-4393-b303-553dcdc72ec6"
    }
  ],
  "bbox": [
    135.6224362570011,
    -1.3069268061970754,
    165.66340061205526,
    13.17163210213186
  ]
}
