{
  "type": "FeatureCollection",
  "features": [
    {
      "type": "Feature",
      "properties": {
        "id": "48bb7a04-01c3-4da5-8668-7ab0b9e26dc6",
        "name": "sketch105-0"
      },
      "geometry": {
        "type": "Polygon",
        "coordinates": [
          [
            [
              161.88958150538937,
              9.130565727317725
            ],
            [
              161.7516340459395,
              8.884315074988299
            ],
            [
              161.66040915655228,
              8.810420798055773
            ],
            [
              161.81759388979359,
              8.657286466970614
            ],
            [
              161.72936704978088,
              8.37695263478797
            ],
            [
              161.57561187388526,
              8.75501041179255
            ],
            [
              161.25069876949684,
              8.641496905231453
            ],
            [
              161.44614323647602,
              8.79896502694208
            ],
            [
              161.17294006785227,
              8.996210519838925
            ],
            [
              161.5958000487144,
              8.900716738305992
            ],
            [
              161.88958150538937,
              9.130565727317725
            ]
          ]
        ]
      },
      "id": "48bb7a04-01c3-4da5-8668-7ab0b9e26dc6"
    },
    {
      "type": "Feature",
      "properties": {
        "id": "f1a21386-a514-4809-bf94-fb90fd58458f",
        "name": "sketch105-1"
      },
      "geometry": {
        "type": "Polygon",
        "coordinates": [
          [
            [
              143.29412619476435,
              6.218858787807307
            ],
            [
              143.49301317432392,
              6.370571109857776
            ],
            [
              143.27880953696854,
              6.162515264193575
            ],
            [
              143.2805883620384,
              6.142820206793278
            ],
            [
              143.50493522361236,
              5.833893758935037
            ],
            [
              143.3448033258954,
              5.7584927818136284
            ],
            [
              143.1584074186683,
              5.985393483667335
            ],
            [
              142.77816569466478,
              6.010252013038015
            ],
            [
              143.08591411831475,
              6.189750221812352
            ],
            [
              142.88655922719346,
              6.432812162827349
            ],
            [
              143.29412619476435,
              6.218858787807307
            ]
          ]
        ]
      },
      "id": "f1a21386-a514-4809-bf94-fb90fd58458f"
    },
    {
      "type": "Feature",
      "properties": {
        "id": "0cf8c0b4-162b-477c-89d5-f6403d184b8b",
        "name": "sketch105-2"
      },
      "geometry": {
        "type": "Polygon",
        "coordinates": [
          [
            [
              148.09117291933927,
              12.76002109337938
            ],
            [
              148.0844403485216,
              12.73553780254202
            ],
            [
              148.13177148287664,
              12.640904964172714
            ],
            [
              148.06138477480496,
              12.555124228946509
            ],
            [
              148.1086750803689,
              12.481910306803034
            ],
            [
              148.28625129655882,
              12.27852020010113
            ],
            [
              147.96515525139375,
              12.193079007083623
            ],
            [
              147.96861186251496,
              12.494642355082693
            ],
            [
              147.74514445021128,
              12.608374465107383
            ],
            [
              147.94995694141335,
              12.747560741415374
            ],
            [
              148.09117291933927,
              12.76002109337938
            ]
          ]
        ]
      },
      "id": "0cf8c0b4-162b-477c-89d5-f6403d184b8b"
    },
    {
      "type": "Feature",
      "properties": {
        "id": "df166654-0386-42a6-9baf-955208341c7d",
        "name": "sketch105-3"
      },
      "geometry": {
        "type": "Polygon",
        "coordinates": [
          [
            [
              160.2821559837531,
              12.00238610952552
            ],
            [
              160.48459976926796,
              12.045438611642886
            ],
            [
              160.6022928826328,
              12.025927481811836
            ],
            [
              160.66651686402668,
              11.646083395652315
            ],
            [
              160.22165927809547,
              11.511351635498311
            ],
            [
              160.11898501848506,
              11.75331675462536
            ],
            [
              159.8469726105722,
              11.77242440409229
            ],
            [
              160.2378198536548,
              11.918332983099239
            ],
            [
              160.05847470976025,
              12.091064771720758
            ],
            [
              160.19185193536802,
              12.04725948965278
            ],
            [
              160.2821559837531,
              12.00238610952552
            ]
          ]
        ]
      },
      "id": "df166654-0386-42a6-9baf-955208341c7d"
    },
    {
      "type": "Feature",
      "properties": {
        "id": "583371de-14e9-42d0-b837-d3ea509387cc",
        "name": "sketch105-4"
      },
      "geometry": {
        "type": "Polygon",
        "coordinates": [
          [
            [
              141.2250012796957,
              6.413787105826845
            ],
            [
              141.29259648291549,
              6.172115842279561
            ],
            [
              141.5053737667401,
              6.057166060723321
            ],
            [
              141.56736704974617,
              6.0005953466330615
            ],
            [
              141.13221575915856,
              5.998077749328722
            ],
            [
              141.27669151988349,
              5.893863725956509
            ],
            [
              141.3096178140565,
              5.691041440213621
            ],
            [
              141.0188812824648,
              5.908913559245729
            ],
            [
              140.85630145238653,
              5.7336465687583145
            ],
            [
              140.87388324038588,
              6.057920749362216
            ],
            [
              141.2250012796957,
              6.413787105826845
            ]
          ]
        ]
      },
      "id": "583371de-14e9-42d0-b837-d3ea509387cc"
    }
  ],
  "bbox": [
    140.85630145238653,
    5.691041440213621,
    161.88958150538937,
    12.76002109337938
  ]
}
