{
  "type": "FeatureCollection",
  "features": [
    {
      "type": "Feature",
      "properties": {
        "id": "814fdc1f-d323-4a59-9d37-f12181737794",
        "name": "sketch494-0"
      },
      "geometry": {
        "type": "Polygon",
        "coordinates": [
          [
            [
              139.30973989914824,
              12.22593876874682
            ],
            [
              139.26480896675073,
              12.132694186553897
            ],
            [
              139.6249977074457,
              11.962902405650263
            ],
            [
              139.2731684888583,
              12.055832131731398
            ],
            [
              139.3513666494883,
              11.732843651661362
            ],
            [
              138.99157638700348,
              11.744908176474414
            ],
            [
              138.88714471259814,
              12.027523289707434
            ],
            [
              139.18507133617356,
              12.12695862337051
            ],
            [
              139.05416980608422,
              12.283200759612058
            ],
            [
              139.10331681209126,
              12.516213966281455
            ],
            [
              139.30973989914824,
              12.22593876874682
            ]
          ]
        ]
      },
      "id": "814fdc1f-d323-4a59-9d37-f12181737794"
    },
    {
      "type": "Feature",
      "properties": {
        "id": "fa83ab2a-0190-47a1-b123-d5658af3624d",
        "name": "sketch494-1"
      },
      "geometry": {
        "type": "Polygon",
        "coordinates": [
          [
            [
              148.5398787698355,
              6.837425731401914
            ],
            [
              148.66995326158903,
              6.850535688757596
            ],
            [
              148.93786635458525,
              6.8026409849124025
            ],
            [
              148.80184115519828,
              6.773520010636166
            ],
            [
              148.6053977828803,
              6.6404499888519535
            ],
            [
              148.45994219728033,
              6.717799198762786
            ],
            [
              148.3683794564278,
              6.708958978187021
            ],
            [
              148.40747552642253,
              6.790660901664045
            ],
            [
              148.25226730319818,
              6.967204449084735
            ],
            [
              148.31298985730766,
              7.127005973442893
            ],
            [
              148.5398787698355,
              6.837425731401914
            ]
          ]
        ]
      },
      "id": "fa83ab2a-0190-47a1-b123-d5658af3624d"
    },
    {
      "type": "Feature",
      "properties": {
        "id": "2466aca2-79fb-40fd-b407-c772ff4b9679",
        "name": "sketch494-2"
      },
      "geometry": {
        "type": "Polygon",
        "coordinates": [
          [
            [
              149.63043042687949,
              10.905663487460917
            ],
            [
              149.69143559918356,
              10.870453814382602
            ],
            [
              149.98511264590852,
              10.615623525563024
            ],
            [
              149.8338700158147,
              10.547309123904242
            ],
            [
              149.7145499158965,
              10.34555844889844
            ],
            [
              149.5690058905235,
              10.275230574732246
            ],
            [
              149.4889839147145,
              10.266841772880221
            ],
            [
              149.310348580492,
              10.215548147229159
            ],
            [
              149.32391262211564,
              10.480882293733803
            ],
            [
              149.36015640621392,
              10.71311956793918
            ],
            [
              149.63043042687949,
              10.905663487460917
            ]
          ]
        ]
      },
      "id": "2466aca2-79fb-40fd-b407-c772ff4b9679"
    },
    {
      "type": "Feature",
      "properties": {
        "id": "f20256a8-4eed-4f72-9e7e-15bda4607063",
        "name": "sketch494-3"
      },
      "geometry": {
        "type": "Polygon",
        "coordinates": [
          [
            [
              155.82989161429208,
              9.55066815915957
            ],
            [
              155.80643107356664,
              9.351464631933542
            ],
            [
              155.71709247695114,
              9.182862582865516
            ],
            [
              155.5359761094139,
              9.207590780221425
            ],
            [
              155.55005276401704,
              9.004924566528999
            ],
            [
              155.54403983979228,
              8.958660329592297
            ],
            [
              155.5262675305003,
              9.239168814880815
            ],
            [
              155.24392526482464,
              9.177229776083013
            ],
            [
              155.3747933770077,
              9.236631238421245
            ],
            [
              155.45575952074358,
              9.36181312824325
            ],
            [
              155.82989161429208,
              9.55066815915957
            ]
          ]
        ]
      },
      "id": "f20256a8-4eed-4f72-9e7e-15bda4607063"
    }
  ],
  "bbox": [
    138.88714471259814,
    6.6404499888519535,
    155.82989161429208,
    12.516213966281455
  ]
}
