{
  "type": "FeatureCollection",
  "features": [
    {
      "type": "Feature",
      "properties": {
        "id": "4aef9440-a74d-4b4b-8977-9643d0b2cf1c",
        "name": "sketch233-0"
      },
      "geometry": {
        "type": "Polygon",
        "coordinates": [
          [
            [
              138.72797074361634,
              1.3833878474914727
            ],
            [
              138.57606930445675,
              1.216869279372261
            ],
            [
              138.41480450115773,
              1.150854084014572
            ],
            [
              138.35055799045284,
              1.163415705741115
            ],
            [
              138.29210496117065,
              1.0992623354827906
            ],
            [
              138.067525231561,
              0.9713988725499059
            ],
            [
              137.91789894827886,
              1.2468492842315433
            ],
            [
              138.3209360048696,
              1.2288369194945257
            ],
            [
              138.0811572191598,
              1.5856197833754873
            ],
            [
              138.23953271624995,
              1.4224791037923747
            ],
            [
              138.72797074361634,
              1.3833878474914727
            ]
          ]
        ]
      },
      "id": "4aef9440-a74d-4b4b-8977-9643d0b2cf1c"
    },
    {
      "type": "Feature",
      "properties": {
        "id": "8834362d-3648-443a-a336-766ce54c2bbc",
        "name": "sketch233-1"
      },
      "geometry": {
        "type": "Polygon",
        "coordinates": [
          [
            [
              138.37150633152476,
              6.228854684200789
            ],
            [
              138.5347243160189,
              6.10565716139071
            ],
            [
              138.24227465048136,
              6.133302895111635
            ],
            [
              138.5339929970589,
              5.890688961252242
            ],
            [
              138.44559041682973,
              5.74428964724994
            ],
            [
              138.25219802077214,
              6.017602228754588
            ],
            [
              138.18380501542217,
              6.060595438060733
            ],
            [
              138.09199482950612,
              6.133468150210724
            ],
            [
              137.82641812237355,
              6.406827264128077
            ],
            [
              138.1538433924719,
              6.50329354590141
            ],
            [
              138.37150633152476,
              6.228854684200789
            ]
          ]
        ]
      },
      "id": "8834362d-3648-443a-a336-766ce54c2bbc"
    },
    {
      "type": "Feature",
      "properties": {
        "id": "5829ff9f-48f8-4940-91f3-c4927dabe19b",
        "name": "sketch233-2"
      },
      "geometry": {
        "type": "Polygon",
        "coordinates": [
          [
            [
              155.26128977202265,
              4.55115797659262
            ],
            [
              155.113076798904,
              4.391744916219593
            ],
            [
              155.44745243968416,
              4.272669435705033
            ],
            [
              155.0702499912822,
              4.331892773729286
            ],
            [
              155.0194014746314,
              4.289161799695036
            ],
            [
              154.78110408235725,
              4.205208780025778
            ],
            [
              154.78321688681808,
              4.439576579683138
            ],
            [
              155.0129002308175,
              4.379805734818555
            ],
            [
              154.8790915881312,
              4.503930841775526
            ],
            [
              154.92417684981584,
              4.7483080246736336
            ],
            [
              155.26128977202265,
              4.55115797659262
            ]
          ]
        ]
      },
      "id": "5829ff9f-48f8-4940-91f3-c4927dabe19b"
    }
  ],
  "bbox": [
    137.82641812237355,
    0.9713988725499059,
    155.44745243968416,
    6.50329354590141
  ]
}
