{
  "type": "FeatureCollection",
  "features": [
    {
      "type": "Feature",
      "properties": {
        "id": "ec0dab8b-1451-4810-b512-ca96f49c4b7f",
        "name": "sketch88-0"
      },
      "geometry": {
        "type": "Polygon",
        "coordinates": [
          [
            [
              150.8186849628058,
              2.199582205509119
            ],
            [
              150.8797069432861,
              2.095002702122673
            ],
            [
              151.03988250790985,
              1.7741592594808488
            ],
            [
              150.78115456744584,
              1.713759810605641
            ],
            [
              150.71490480562144,
              1.7904510798569853
            ],
            [
              150.61005915029565,
              1.5227727223553285
            ],
            [
              150.6389630811423,
              1.7360082221837532
            ],
            [
              150.60700896156885,
              1.8374470007927217
            ],
            [
              150.39317339826783,
              1.6071833497275982
            ],
            [
              150.35726630478237,
              2.003098338702568
            ],
            [
              150.8186849628058,
              2.199582205509119
            ]
          ]
        ]
      },
      "id": "ec0dab8b-1451-4810-b512-ca96f49c4b7f"
    },
    {
      "type": "Feature",
      "properties": {
        "id": "5855a909-73ce-4b92-bf96-3169d48d7e55",
        "name": "sketch88-1"
      },
      "geometry": {
        "type": "Polygon",
        "coordinates": [
          [
            [
              160.25791392280303,
              3.835175611099582
            ],
            [
              160.46648262409727,
              3.672351538606396
            ],
            [
              160.4643873231263,
              3.6438378854555222
            ],
            [
              160.11279898568856,
              3.598640581063851
            ],
            [
              160.14108147512198,
              3.3278273397795775
            ],
            [
              160.02185317913919,
              3.5812560764193746
            ],
            [
              159.75764104847403,
              3.4463310939606377
            ],
            [
              159.78247175048514,
              3.710737220728864
            ],
            [
              159.84871574918253,
              3.7688629560497455
            ],
            [
              159.95383451694337,
              3.7206864356288807
            ],
            [
              160.25791392280303,
              3.835175611099582
            ]
          ]
        ]
      },
      "id": "5855a909-73ce-4b92-bf96-3169d48d7e55"
    },
    {
      "type": "Feature",
      "properties": {
        "id": "0a8bc3a5-ec83-4783-9534-bac5644135e1",
        "name": "sketch88-2"
      },
      "geometry": {
        "type": "Polygon",
        "coordinates": [
          [
            [
              155.18333595098608,
              3.6358135314042945
            ],
            [
              155.60817153232327,
              3.5836731386025633
            ],
            [
              155.44297839710535,
              3.520565923424608
            ],
            [
              155.30332389764115,
              3.3257010366880153
            ],
            [
              155.1161340711975,
              3.342299805963258
            ],
            [
              154.97373635955861,
              3.2755367830116073
            ],
            [
              154.89289147180241,
              3.299464684964111
            ],
            [
              154.7677366322123,
              3.723392383661943
            ],
            [
              154.88978957085808,
              3.778960652339025
            ],
            [
              155.05454231616147,
              3.6265181020900346
            ],
            [
              155.18333595098608,
              3.6358135314042945
            ]
          ]
        ]
      },
      "id": "0a8bc3a5-ec83-4783-9534-bac5644135e1"
    },
    {
      "type": "Feature",
      "properties": {
        "id": "e6bcb3a6-2172-4fcb-b143-6ec080f17b9d",
        "name": "sketch88-3"
      },
      "geometry": {
        "type": "Polygon",
        "coordinates": [
          [
            [
              150.2130129270051,
              9.541789195420856
            ],
            [
              150.1927012851432,
              9.465511938822866
            ],
            [
              150.30065928295247,
              9.447840882715312
            ],
            [
              150.15892639761827,
              9.436798148578802
            ],
            [
              150.24272780121947,
              9.130452143392098
            ],
            [
              150.12748856533327,
              9.186700157178016
            ],
            [
              149.95619059087574,
              9.290478426365656
            ],
            [
              149.83376322811517,
              9.315517724930428
            ],
            [
              149.71972355580192,
              9.340686366054467
            ],
            [
              150.09011719430447,
              9.493704203857128
            ],
            [
              150.2130129270051,
              9.541789195420856
            ]
          ]
        ]
      },
      "id": "e6bcb3a6-2172-4fcb-b143-6ec080f17b9d"
    },
    {
      "type": "Feature",
      "properties": {
        "id": "b4a2577f-857b-4307-9529-62d0745d3030",
        "name": "sketch88-4"
      },
      "geometry": {
        "type": "Polygon",
        "coordinates": [
          [
            [
              156.5714203690145,
              7.413244352620784
            ],
            [
              156.37481909552366,
              7.236123065827765
            ],
            [
              156.67021570210267,
              7.123710453558457
            ],
            [
              156.31120665424106,
              7.097480081661858
            ],
            [
              156.20497161580232,
              7.135138158246471
            ],
            [
              156.21876145004998,
              7.111879653424012
            ],
            [
              156.18224313305726,
              6.733574791935898
            ],
            [
              155.93542441934008,
              6.974975703021391
            ],
            [
              155.8573818973185,
              7.109248430681821
            ],
            [
              156.19067156969834,
              7.142198392682851
            ],
            [
              156.5714203690145,
              7.413244352620784
            ]
          ]
        ]
      },
      "id": "b4a2577f-857b-4307-9529-62d0745d3030"
    },
    {
      "type": "Feature",
      "properties": {
        "id": "cc6a247b-3500-4f03-ae46-1a8556f5b4d0",
        "name": "sketch88-5"
      },
      "geometry": {
        "type": "Polygon",
        "coordinates": [
          [
            [
              140.66349796186543,
              -0.5120762053928752
            ],
            [
              140.62308118668446,
              -0.6738602586602837
            ],
            [
              140.4831972221812,
              -0.9348000358456762
            ],
            [
              140.32292700849604,
              -0.9487986618134545
            ],
            [
              139.86865473918502,
              -0.8965810315209723
            ],
            [
              139.97698448541345,
              -0.6929731215147938
            ],
            [
              139.92740182185648,
              -0.5713581968312055
            ],
            [
              139.98927843322173,
              -0.4090531808270704
            ],
            [
              140.28291737778758,
              -0.4935120868296444
            ],
            [
              140.28659031308032,
              -0.5104012598919031
            ],
            [
              140.66349796186543,
              -0.5120762053928752
            ]
          ]
        ]
      },
      "id": "cc6a247b-3500-4f03-ae46-1a8556f5b4d0"
    },
    {
      "type": "Feature",
      "properties": {
        "id": "397b3e34-c43d-4151-a113-201426628212",
        "name": "sketch88-6"
      },
      "geometry": {
        "type": "Polygon",
        "coordinates": [
          [
            [
              143.68060358223795,
              5.916650540644207
            ],
            [
              143.53224356648198,
              5.714209005047927
            ],
            [
              143.6208784087103,
              5.676375262997573
            ],
            [
              143.4017499757423,
              5.562715432713641
            ],
            [
              143.74193938169253,
              5.342750776089144
            ],
            [
              143.4011813992938,
              5.38001634269377
            ],
            [
              143.0984649521505,
              5.405005274284665
            ],
            [
              143.27807990858767,
              5.551231521258313
            ],
            [
              143.11295257738752,
              5.742688084860833
            ],
            [
              143.26048276543816,
              6.028489328465482
            ],
            [
              143.68060358223795,
              5.916650540644207
            ]
          ]
        ]
      },
      "id": "397b3e34-c43d-4151-a113-201426628212"
    },
    {
      "type": "Feature",
      "properties": {
        "id": "b71b48c5-1832-43c2-95aa-f65c72fe51cb",
        "name": "sketch88-7"
      },
      "geometry": {
        "type": "Polygon",
        "coordinates": [
          [
            [
              145.67816086618768,
              -0.5966117457669733
            ],
            [
              145.80389040118027,
              -0.7000626806760457
            ],
            [
              145.82752341566848,
              -0.807992499539893
            ],
            [
              145.86678710137443,
              -1.0696141924427935
            ],
            [
              145.71462160598603,
              -0.9101695651280113
            ],
            [
              145.6752825763125,
              -0.9366486077798295
            ],
            [
              145.4465227397244,
              -0.9360767438722943
            ],
            [
              145.50271631152873,
              -0.6853426526286328
            ],
            [
              145.3040129279804,
              -0.5384164348070248
            ],
            [
              145.58717728078787,
              -0.3268006066711969
            ],
            [
              145.67816086618768,
              -0.5966117457669733
            ]
          ]
        ]
      },
      "id": "b71b48c5-1832-43c2-95aa-f65c72fe51cb"
    }
  ],
  "bbox": [
    139.86865473918502,
    -1.0696141924427935,
    160.46648262409727,
    9.541789195420856
  ]
}
