{
  "type": "FeatureCollection",
  "features": [
    {
      "type": "Feature",
      "properties": {
        "id": "976f07bf-e5a2-4210-935f-3c7c152b9e31",
        "name": "sketch92-0"
      },
      "geometry": {
        "type": "Polygon",
        "coordinates": [
          [
            [
              143.68255977996455,
              -0.351428135130265
            ],
            [
              143.84991930517546,
              -0.6201919531259321
            ],
            [
              143.8402571092381,
              -0.7337272347396596
            ],
            [
              143.61223334551832,
              -0.9835839788970051
            ],
            [
              143.41006058294852,
              -0.7468378799704523
            ],
            [
              143.27561696512302,
              -1.1263928703862194
            ],
            [
              143.36340316627357,
              -0.7335006956044052
            ],
            [
              143.04396563989366,
              -0.7074098675838559
            ],
            [
              143.19752997265184,
              -0.46787988422370447
            ],
            [
              143.39850266785857,
              -0.6201651167299806
            ],
            [
              143.68255977996455,
              -0.351428135130265
            ]
          ]
        ]
      },
      "id": "976f07bf-e5a2-4210-935f-3c7c152b9e31"
    },
    {
      "type": "Feature",
      "properties": {
        "id": "ad3473ae-f1bc-46f6-b4f6-ba24b0ccdce2",
        "name": "sketch92-1"
      },
      "geometry": {
        "type": "Polygon",
        "coordinates": [
          [
            [
              139.13962639459146,
              9.283232543333344
            ],
            [
              139.22435002534596,
              9.076066193826934
            ],
            [
              138.91102495382424,
              9.103509164215595
            ],
            [
              139.04923213573514,
              8.718034280250905
            ],
            [
              138.73437425452477,
              8.74553585602296
            ],
            [
              138.7486690491574,
              8.927835932269172
            ],
            [
              138.84955375292841,
              9.064284959296044
            ],
            [
              138.72977821656391,
              8.980160187310007
            ],
            [
              138.84359466170147,
              9.105976465498415
            ],
            [
              138.84113891745528,
              9.164477806854897
            ],
            [
              139.13962639459146,
              9.283232543333344
            ]
          ]
        ]
      },
      "id": "ad3473ae-f1bc-46f6-b4f6-ba24b0ccdce2"
    }
  ],
  "bbox": [
    138.72977821656391,
    -1.1263928703862194,
    143.84991930517546,
    9.283232543333344
  ]
}
