{
  "type": "FeatureCollection",
  "features": [
    {
      "type": "Feature",
      "properties": {
        "id": "6318c393-a4e0-4bdc-b7e9-a4a47b0717c5",
        "name": "sketch268-0"
      },
      "geometry": {
        "type": "Polygon",
        "coordinates": [
          [
            [
              161.84082241463938,
              0.793192709317875
            ],
            [
              161.87026471120387,
              0.7715370829600292
            ],
            [
              162.08821182834825,
              0.6558378170088448
            ],
            [
              161.95443220537547,
              0.39677804182750936
            ],
            [
              161.92591781419532,
              0.45690947373137647
            ],
            [
              161.73573394185067,
              0.6222244559385335
            ],
            [
              161.7746269079627,
              0.7319472211530244
            ],
            [
              161.41426274758575,
              0.8132858598184927
            ],
            [
              161.76418593712043,
              0.8130613223767982
            ],
            [
              161.57641195962975,
              1.1225096413270925
            ],
            [
              161.84082241463938,
              0.793192709317875
            ]
          ]
        ]
      },
      "id": "6318c393-a4e0-4bdc-b7e9-a4a47b0717c5"
    },
    {
      "type": "Feature",
      "properties": {
        "id": "ed090cff-5d3b-466a-84de-c53202f87757",
        "name": "sketch268-1"
      },
      "geometry": {
        "type": "Polygon",
        "coordinates": [
          [
            [
              148.94307623162027,
              8.592442153265733
            ],
            [
              149.00343605661544,
              8.876058191065084
            ],
            [
              149.2882244669419,
              8.82316655443144
            ],
            [
              149.1802506878446,
              8.492186964294945
            ],
            [
              148.9438832404406,
              8.496833789396373
            ],
            [
              148.99189034852952,
              8.3671381849231
            ],
            [
              148.82795418758775,
              8.406778134172985
            ],
            [
              148.56292349103114,
              8.289110169160468
            ],
            [
              148.6645469842777,
              8.740215327063185
            ],
            [
              148.78896363469354,
              8.70690734977278
            ],
            [
              148.94307623162027,
              8.592442153265733
            ]
          ]
        ]
      },
      "id": "ed090cff-5d3b-466a-84de-c53202f87757"
    },
    {
      "type": "Feature",
      "properties": {
        "id": "47ce150e-a77e-4d25-afc0-f673926e0110",
        "name": "sketch268-2"
      },
      "geometry": {
        "type": "Polygon",
        "coordinates": [
          [
            [
              157.62138842131208,
              10.825854428247675
            ],
            [
              157.75770412534862,
              10.907042605942866
            ],
            [
              157.9169650765935,
              10.985002893646074
            ],
            [
              157.80514999132393,
              10.749207470259224
            ],
            [
              157.67107294604202,
              10.746167527374197
            ],
            [
              157.6239986846517,
              10.71240397031581
            ],
            [
              157.5742883870588,
              10.666668284340533
            ],
            [
              157.37844609679186,
              10.611926803177015
            ],
            [
              157.51813476497773,
              10.767485434423653
            ],
            [
              157.25590015565888,
              11.042473216989562
            ],
            [
              157.62138842131208,
              10.825854428247675
            ]
          ]
        ]
      },
      "id": "47ce150e-a77e-4d25-afc0-f673926e0110"
    },
    {
      "type": "Feature",
      "properties": {
        "id": "89f22393-4139-436b-a228-34f187d7c1d6",
        "name": "sketch268-3"
      },
      "geometry": {
        "type": "Polygon",
        "coordinates": [
          [
            [
              145.11659701879447,
              10.302086689873521
            ],
            [
              144.9824517513737,
              9.948531181933662
            ],
            [
              145.38827414153832,
              9.860481986354593
            ],
            [
              145.42008356698648,
              9.756919873402206
            ],
            [
              144.85891756346862,
              9.478406156659833
            ],
            [
              144.78390258611853,
              9.619881169824462
            ],
            [
              144.77697998072304,
              9.804180535688621
            ],
            [
              144.6285157593266,
              9.71807023515317
            ],
            [
              144.5850841974933,
              10.11934923358316
            ],
            [
              144.89903566905735,
              10.096511359842685
            ],
            [
              145.11659701879447,
              10.302086689873521
            ]
          ]
        ]
      },
      "id": "89f22393-4139-436b-a228-34f187d7c1d6"
    },
    {
      "type": "Feature",
      "properties": {
        "id": "7eb748f1-0807-49f3-8131-7803db580e08",
        "name": "sketch268-4"
      },
      "geometry": {
        "type": "Polygon",
        "coordinates": [
          [
            [
              157.71097290210403,
              7.468713863465051
            ],
            [
              157.78149684233819,
              7.32238795815168
            ],
            [
              157.82120711767632,
              7.133853529722846
            ],
            [
              157.65855091675942,
              7.16629243969674
            ],
            [
              157.94388660383257,
              6.832664602182664
            ],
            [
              157.53610748273255,
              6.874948453244281
            ],
            [
              157.29449514441154,
              6.877721588653336
            ],
            [
              157.17794067406305,
              7.0877837399371435
            ],
            [
              157.33774921959585,
              7.225240986098762
            ],
            [
              157.5949133999563,
              7.219156367225137
            ],
            [
              157.71097290210403,
              7.468713863465051
            ]
          ]
        ]
      },
      "id": "7eb748f1-0807-49f3-8131-7803db580e08"
    },
    {
      "type": "Feature",
      "properties": {
        "id": "3eed19ea-cd32-44ef-9fb8-1f7a410f92c8",
        "name": "sketch268-5"
      },
      "geometry": {
        "type": "Polygon",
        "coordinates": [
          [
            [
              157.90367510775607,
              5.178611198939913
            ],
            [
              158.1471415246754,
              5.00786650597029
            ],
            [
              157.91633753533307,
              4.7203880940624385
            ],
            [
              157.9843674671741,
              4.569905460746
            ],
            [
              157.78936575483291,
              4.474854821825167
            ],
            [
              157.68483967860857,
              4.549113944439489
            ],
            [
              157.74388144595147,
              4.644960907466015
            ],
            [
              157.69282997389854,
              4.67571920220567
            ],
            [
              157.5250212907179,
              4.8652808760565325
            ],
            [
              157.79713583559158,
              4.814635744203937
            ],
            [
              157.90367510775607,
              5.178611198939913
            ]
          ]
        ]
      },
      "id": "3eed19ea-cd32-44ef-9fb8-1f7a410f92c8"
    },
    {
      "type": "Feature",
      "properties": {
        "id": "8040fcb2-3759-4b67-9dee-201bdb17bba2",
        "name": "sketch268-6"
      },
      "geometry": {
        "type": "Polygon",
        "coordinates": [
          [
            [
              152.9481265770593,
              10.291981304313303
            ],
            [
              153.11995957074814,
              10.198202954006186
            ],
            [
              152.77343553077318,
              10.032014702152344
            ],
            [
              152.85391831712343,
              9.734306228972015
            ],
            [
              152.83228765438142,
              9.554812651029163
            ],
            [
              152.57943623307443,
              9.659606830675413
            ],
            [
              152.63271971887528,
              9.825508410454198
            ],
            [
              152.48327773966307,
              9.684896012459197
            ],
            [
              152.50190207126798,
              10.102469337361894
            ],
            [
              152.64638234174382,
              10.10282067964069
            ],
            [
              152.9481265770593,
              10.291981304313303
            ]
          ]
        ]
      },
      "id": "8040fcb2-3759-4b67-9dee-201bdb17bba2"
    },
    {
      "type": "Feature",
      "properties": {
        "id": "ea1bcbcd-a0f6-4d71-8ad4-2282fb206c8d",
        "name": "sketch268-7"
      },
      "geometry": {
        "type": "Polygon",
        "coordinates": [
          [
            [
              138.98982246309174,
              11.472116910371701
            ],
            [
              138.94543506822635,
              11.33220942326539
            ],
            [
              139.23130250904637,
              11.265162112560763
            ],
            [
              138.94555382401666,
              11.017232243652233
            ],
            [
              138.8957819797931,
              11.302549954911356
            ],
            [
              138.70782178564497,
              10.996753644043705
            ],
            [
              138.76782457125898,
              11.251613715776742
            ],
            [
              138.7529362270985,
              11.306774652339389
            ],
            [
              138.51479143499182,
              11.321582167967826
            ],
            [
              138.77308046539866,
              11.349462179807471
            ],
            [
              138.98982246309174,
              11.472116910371701
            ]
          ]
        ]
      },
      "id": "ea1bcbcd-a0f6-4d71-8ad4-2282fb206c8d"
    }
  ],
  "bbox": [
    138.51479143499182,
    0.39677804182750936,
    162.08821182834825,
    11.472116910371701
  ]
}
