{
  "type": "FeatureCollection",
  "features": [
    {
      "type": "Feature",
      "properties": {
        "id": "8161872f-c7ed-427f-b0a2-62516cd6a0a4",
        "name": "sketch66-0"
      },
      "geometry": {
        "type": "Polygon",
        "coordinates": [
          [
            [
              154.23700430353148,
              9.322564923996161
            ],
            [
              154.34822357758583,
              9.155810917069036
            ],
            [
              154.5084866904098,
              9.098918897020022
            ],
            [
              154.26850477834302,
              9.11814677364934
            ],
            [
              154.23094609866993,
              9.116227572871836
            ],
            [
              154.14281123890174,
              8.732626816618874
            ],
            [
              154.03521527661619,
              9.105844688960783
            ],
            [
              153.7729994655356,
              9.095026652016294
            ],
            [
              153.82837590557497,
              9.37357746398948
            ],
            [
              154.11996955586287,
              9.246330841451572
            ],
            [
              154.23700430353148,
              9.322564923996161
            ]
          ]
        ]
      },
      "id": "8161872f-c7ed-427f-b0a2-62516cd6a0a4"
    },
    {
      "type": "Feature",
      "properties": {
        "id": "4d148764-96c0-4fc1-b1a0-cd1733afe268",
        "name": "sketch66-1"
      },
      "geometry": {
        "type": "Polygon",
        "coordinates": [
          [
            [
              156.32783495500803,
              11.315862921045102
            ],
            [
              156.1974913647642,
              11.084277126374113
            ],
            [
              156.49158725812197,
              10.933219921368968
            ],
            [
              156.53400859316955,
              10.77195365242537
            ],
            [
              156.2001515191616,
              11.02735564707246
            ],
            [
              156.10566477001967,
              10.850397119486658
            ],
            [
              155.73316697643133,
              10.876555274647993
            ],
            [
              156.0768077364185,
              11.08431304467904
            ],
            [
              155.73078169183984,
              11.25016811539785
            ],
            [
              155.87368529989558,
              11.300967939485716
            ],
            [
              156.32783495500803,
              11.315862921045102
            ]
          ]
        ]
      },
      "id": "4d148764-96c0-4fc1-b1a0-cd1733afe268"
    },
    {
      "type": "Feature",
      "properties": {
        "id": "f917e9ea-8990-4741-be59-ebd82141dfcc",
        "name": "sketch66-2"
      },
      "geometry": {
        "type": "Polygon",
        "coordinates": [
          [
            [
              141.83740047115248,
              3.5178583556116605
            ],
            [
              141.70370114964697,
              3.2415774974333607
            ],
            [
              141.8976933219831,
              3.3332967582378017
            ],
            [
              141.90031919517097,
              3.2150171576941315
            ],
            [
              141.90474467598938,
              2.994303363318508
            ],
            [
              141.79668350204997,
              2.8224010568263425
            ],
            [
              141.47009902221228,
              2.7683863319026694
            ],
            [
              141.2450846606428,
              3.0542337318159234
            ],
            [
              141.6574512822776,
              3.20366905781735
            ],
            [
              141.33310820639608,
              3.5526326504738264
            ],
            [
              141.83740047115248,
              3.5178583556116605
            ]
          ]
        ]
      },
      "id": "f917e9ea-8990-4741-be59-ebd82141dfcc"
    },
    {
      "type": "Feature",
      "properties": {
        "id": "e418d8d5-8b04-46d1-ac38-cc7f48167c42",
        "name": "sketch66-3"
      },
      "geometry": {
        "type": "Polygon",
        "coordinates": [
          [
            [
              139.87252857698653,
              0.5576606317380137
            ],
            [
              139.8841985666609,
              0.4123061071506863
            ],
            [
              139.8030879388124,
              0.25274734660639564
            ],
            [
              139.96708635638362,
              0.05962429643236988
            ],
            [
              139.9476542546065,
              -0.002472336744972492
            ],
            [
              139.85813922706922,
              -0.029054441666685027
            ],
            [
              139.58947524849825,
              0.1742851422299552
            ],
            [
              139.60501055013256,
              0.28969292892782705
            ],
            [
              139.56328063079687,
              0.3248210721255215
            ],
            [
              139.57457041802445,
              0.394394254074914
            ],
            [
              139.87252857698653,
              0.5576606317380137
            ]
          ]
        ]
      },
      "id": "e418d8d5-8b04-46d1-ac38-cc7f48167c42"
    },
    {
      "type": "Feature",
      "properties": {
        "id": "18f80d44-a094-414c-8257-6b5d93a75c0e",
        "name": "sketch66-4"
      },
      "geometry": {
        "type": "Polygon",
        "coordinates": [
          [
            [
              154.72787571635828,
              3.1139554958566187
            ],
            [
              154.84937446086295,
              3.1895028628793582
            ],
            [
              155.04350360808428,
              2.986361625279554
            ],
            [
              155.14176408150476,
              2.775653873048412
            ],
            [
              154.80372294817514,
              2.70577688227041
            ],
            [
              154.684943405106,
              2.710859936751398
            ],
            [
              154.44988486768347,
              2.6268515137755686
            ],
            [
              154.58971487509336,
              2.831196671772788
            ],
            [
              154.532780738092,
              2.9180830451909205
            ],
            [
              154.5995726295726,
              3.024630674258537
            ],
            [
              154.72787571635828,
              3.1139554958566187
            ]
          ]
        ]
      },
      "id": "18f80d44-a094-414c-8257-6b5d93a75c0e"
    },
    {
      "type": "Feature",
      "properties": {
        "id": "34b57b53-ab37-4b2b-90ed-46d0a1a5151d",
        "name": "sketch66-5"
      },
      "geometry": {
        "type": "Polygon",
        "coordinates": [
          [
            [
              141.25327688622508,
              2.4144681594822717
            ],
            [
              141.4991307346744,
              2.3558014416753075
            ],
            [
              141.2234678154172,
              2.176272443714183
            ],
            [
              141.33794831989925,
              2.0508205438612137
            ],
            [
              141.2748263437773,
              2.0825045308435266
            ],
            [
              141.2134107804557,
              2.045295246714152
            ],
            [
              141.20519730030998,
              2.1397553264675193
            ],
            [
              141.1695808558397,
              2.1349072615131504
            ],
            [
              140.9544232418785,
              2.1882779696492003
            ],
            [
              141.01159966852495,
              2.5360084341407805
            ],
            [
              141.25327688622508,
              2.4144681594822717
            ]
          ]
        ]
      },
      "id": "34b57b53-ab37-4b2b-90ed-46d0a1a5151d"
    }
  ],
  "bbox": [
    139.56328063079687,
    -0.029054441666685027,
    156.53400859316955,
    11.315862921045102
  ]
}
