{
  "type": "FeatureCollection",
  "features": [
    {
      "type": "Feature",
      "properties": {
        "id": "81ed0b63-9928-4a94-86f0-4138ae9fa3b6",
        "name": "sketch248-0"
      },
      "geometry": {
        "type": "Polygon",
        "coordinates": [
          [
            [
              164.29528258915624,
              12.64780265432233
            ],
            [
              164.24961387601817,
              12.343193375871541
            ],
            [
              164.1746079771044,
              12.189694681913213
            ],
            [
              164.23548671763317,
              12.07336569103265
            ],
            [
              164.04330494452967,
              11.995950331916504
            ],
            [
              164.00988671702015,
              11.962871306635442
            ],
            [
              163.95765077419844,
              12.182645478132976
            ],
            [
              163.6399875796829,
              12.316465719388546
            ],
            [
              163.89374951383837,
              12.405277081019692
            ],
            [
              163.9807277149073,
              12.38011248055283
            ],
            [
              164.29528258915624,
              12.64780265432233
            ]
          ]
        ]
      },
      "id": "81ed0b63-9928-4a94-86f0-4138ae9fa3b6"
    },
    {
      "type": "Feature",
      "properties": {
        "id": "a1bf7bac-a74c-4c5a-9ec4-7eab0cf10bc2",
        "name": "sketch248-1"
      },
      "geometry": {
        "type": "Polygon",
        "coordinates": [
          [
            [
              139.0438789670299,
              5.41786090397555
            ],
            [
              138.98020571643147,
              5.2210983001226365
            ],
            [
              138.95664845777966,
              5.117905586520178
            ],
            [
              138.65127149413829,
              4.805722115210066
            ],
            [
              138.87391076531338,
              5.217371257454876
            ],
            [
              138.64367624378582,
              5.182743952352154
            ],
            [
              138.8220391572588,
              5.226859930548209
            ],
            [
              138.83173720595167,
              5.253019544009838
            ],
            [
              138.69705879914298,
              5.459815834893324
            ],
            [
              138.7481442869655,
              5.405943185748945
            ],
            [
              139.0438789670299,
              5.41786090397555
            ]
          ]
        ]
      },
      "id": "a1bf7bac-a74c-4c5a-9ec4-7eab0cf10bc2"
    },
    {
      "type": "Feature",
      "properties": {
        "id": "1a42411e-ab99-4621-b5dd-cbe667aa9a3c",
        "name": "sketch248-2"
      },
      "geometry": {
        "type": "Polygon",
        "coordinates": [
          [
            [
              160.19546501988387,
              0.4802810538225973
            ],
            [
              160.5481866936601,
              0.4599868380840009
            ],
            [
              160.62303897092937,
              0.16112554243612545
            ],
            [
              160.29642410645627,
              0.17551421331631412
            ],
            [
              160.1559505508824,
              -0.1553220207293236
            ],
            [
              159.98416335220023,
              0.07402939323061808
            ],
            [
              159.80302720858091,
              0.11310258624643521
            ],
            [
              159.9049687545622,
              0.29551560368943475
            ],
            [
              159.82405207430546,
              0.5377627754314076
            ],
            [
              160.01877595909417,
              0.7574343502833973
            ],
            [
              160.19546501988387,
              0.4802810538225973
            ]
          ]
        ]
      },
      "id": "1a42411e-ab99-4621-b5dd-cbe667aa9a3c"
    },
    {
      "type": "Feature",
      "properties": {
        "id": "04a8d634-afaa-4137-992e-66b4b025f856",
        "name": "sketch248-3"
      },
      "geometry": {
        "type": "Polygon",
        "coordinates": [
          [
            [
              142.2096068111257,
              10.015762148042947
            ],
            [
              142.37016397224252,
              9.782646899438252
            ],
            [
              142.46274215658678,
              9.652938343897274
            ],
            [
              142.38711131862974,
              9.402145845772228
            ],
            [
              142.17129150251392,
              9.468586414558214
            ],
            [
              142.06323264199315,
              9.676414387035459
            ],
            [
              141.6447531463878,
              9.462851692897639
            ],
            [
              142.0424331118999,
              9.686242842341034
            ],
            [
              141.93951356612402,
              9.746112903877885
            ],
            [
              141.9702132962647,
              9.775806934057648
            ],
            [
              142.2096068111257,
              10.015762148042947
            ]
          ]
        ]
      },
      "id": "04a8d634-afaa-4137-992e-66b4b025f856"
    },
    {
      "type": "Feature",
      "properties": {
        "id": "080d8dcd-f76b-4c63-9d4b-891e64e39379",
        "name": "sketch248-4"
      },
      "geometry": {
        "type": "Polygon",
        "coordinates": [
          [
            [
              138.40889002232495,
              10.239903916405794
            ],
            [
              138.42980189547757,
              10.245738204511476
            ],
            [
              138.85258709856478,
              10.202281003269608
            ],
            [
              138.7790490701507,
              10.194433199025086
            ],
            [
              138.40791184234536,
              10.142286977537461
            ],
            [
              138.07006951339687,
              10.057317693488182
            ],
            [
              138.25210822466343,
              10.173655499353888
            ],
            [
              138.3425044438811,
              10.244722084660943
            ],
            [
              138.39364102543723,
              10.252561998217042
            ],
            [
              138.3938233631764,
              10.694936010813949
            ],
            [
              138.40889002232495,
              10.239903916405794
            ]
          ]
        ]
      },
      "id": "080d8dcd-f76b-4c63-9d4b-891e64e39379"
    },
    {
      "type": "Feature",
      "properties": {
        "id": "731a2aaa-c509-46a5-a0e3-ba73f0499fb5",
        "name": "sketch248-5"
      },
      "geometry": {
        "type": "Polygon",
        "coordinates": [
          [
            [
              153.75778301596173,
              7.416087106579804
            ],
            [
              153.9117131186472,
              7.21754834797607
            ],
            [
              153.98867074285943,
              7.119321456559456
            ],
            [
              153.82862872432815,
              7.058547986807166
            ],
            [
              153.5904707470947,
              7.287562614494805
            ],
            [
              153.53624778499366,
              7.280251505547709
            ],
            [
              153.52445715717786,
              7.375018408459299
            ],
            [
              153.46475267519688,
              7.492414292720681
            ],
            [
              153.45039151425274,
              7.534637100392041
            ],
            [
              153.54410254713238,
              7.527048303765316
            ],
            [
              153.75778301596173,
              7.416087106579804
            ]
          ]
        ]
      },
      "id": "731a2aaa-c509-46a5-a0e3-ba73f0499fb5"
    },
    {
      "type": "Feature",
      "properties": {
        "id": "ac07e20b-2f1d-4363-a0da-9299089ce2a5",
        "name": "sketch248-6"
      },
      "geometry": {
        "type": "Polygon",
        "coordinates": [
          [
            [
              146.41841065458235,
              0.1360482394019183
            ],
            [
              146.7484216071726,
              0.20151372242224125
            ],
            [
              146.41314439973794,
              -0.016909883358788923
            ],
            [
              146.4481453854774,
              -0.06445399027822073
            ],
            [
              146.38721673328294,
              -0.01493360247835425
            ],
            [
              146.386794717904,
              -0.16776691574180796
            ],
            [
              146.3235575230918,
              -0.007596637417181716
            ],
            [
              146.01411169777904,
              -0.14637592837173832
            ],
            [
              146.27772091359716,
              0.06973888669733758
            ],
            [
              146.11567152905863,
              0.32793959584841503
            ],
            [
              146.41841065458235,
              0.1360482394019183
            ]
          ]
        ]
      },
      "id": "ac07e20b-2f1d-4363-a0da-9299089ce2a5"
    },
    {
      "type": "Feature",
      "properties": {
        "id": "bff6e595-a232-48f6-98d6-b46e79dc418f",
        "name": "sketch248-7"
      },
      "geometry": {
        "type": "Polygon",
        "coordinates": [
          [
            [
              158.899308483102,
              0.5658092894365231
            ],
            [
              159.16128745803772,
              0.6474103966573034
            ],
            [
              159.0182253277835,
              0.39438448264468867
            ],
            [
              158.92317555750327,
              0.14519643581200542
            ],
            [
              158.87376658731324,
              0.25942985195962065
            ],
            [
              158.73585132723085,
              0.12631390705536433
            ],
            [
              158.56652839843247,
              0.24280533306205182
            ],
            [
              158.71067298851605,
              0.41798698265013046
            ],
            [
              158.6094006881114,
              0.4668155648529118
            ],
            [
              158.61200149794936,
              0.837829691175021
            ],
            [
              158.899308483102,
              0.5658092894365231
            ]
          ]
        ]
      },
      "id": "bff6e595-a232-48f6-98d6-b46e79dc418f"
    }
  ],
  "bbox": [
    138.07006951339687,
    -0.16776691574180796,
    164.29528258915624,
    12.64780265432233
  ]
}
