{
  "type": "FeatureCollection",
  "features": [
    {
      "type": "Feature",
      "properties": {
        "id": "d19ca7c6-72c0-4d6f-b3fa-279e026b7a0a",
        "name": "sketch23-0"
      },
      "geometry": {
        "type": "Polygon",
        "coordinates": [
          [
            [
              140.7644782619374,
              7.986352762475662
            ],
            [
              140.8787228099809,
              7.852312795397431
            ],
            [
              140.92992871666195,
              7.669508606048538
            ],
            [
              140.8202138434581,
              7.678522914164227
            ],
            [
              140.7758980336154,
              7.672457627362726
            ],
            [
              140.8001218225299,
              7.553753461578788
            ],
            [
              140.68505236827951,
              7.799736206327141
            ],
            [
              140.60505712219796,
              7.830166516271233
            ],
            [
              140.36215670114575,
              7.818962070240834
            ],
            [
              140.5531751824638,
              8.019255351186025
            ],
            [
              140.7644782619374,
              7.986352762475662
            ]
          ]
        ]
      },
      "id": "d19ca7c6-72c0-4d6f-b3fa-279e026b7a0a"
    },
    {
      "type": "Feature",
      "properties": {
        "id": "3ba1b504-13e8-4180-be47-ccbb3490219a",
        "name": "sketch23-1"
      },
      "geometry": {
        "type": "Polygon",
        "coordinates": [
          [
            [
              149.53539698565137,
              10.76594865113705
            ],
            [
              149.5674082151064,
              10.815996413745452
            ],
            [
              149.67346850554773,
              10.513926854271837
            ],
            [
              149.4210483264725,
              10.454098162347524
            ],
            [
              149.47293094058463,
              10.39273009116158
            ],
            [
              149.4036832103114,
              10.447639627924438
            ],
            [
              149.40024123161274,
              10.456948849148294
            ],
            [
              149.13231222426433,
              10.240019487249567
            ],
            [
              149.3964547385917,
              10.464261023876213
            ],
            [
              149.12105435924275,
              10.6865325045196
            ],
            [
              149.53539698565137,
              10.76594865113705
            ]
          ]
        ]
      },
      "id": "3ba1b504-13e8-4180-be47-ccbb3490219a"
    },
    {
      "type": "Feature",
      "properties": {
        "id": "15643dc3-e880-4d5a-9a63-37f3b976e9b4",
        "name": "sketch23-2"
      },
      "geometry": {
        "type": "Polygon",
        "coordinates": [
          [
            [
              140.0610337690515,
              1.0067822980410959
            ],
            [
              140.0382850261201,
              0.9848771895273847
            ],
            [
              139.60871061655445,
              0.9106694462637911
            ],
            [
              139.75846490647908,
              0.6203229468751775
            ],
            [
              139.45139247361783,
              0.5311254291193481
            ],
            [
              139.40665765675735,
              0.6995807122090492
            ],
            [
              139.59281544118937,
              0.91288148739359
            ],
            [
              139.55082988764886,
              1.0525933572394206
            ],
            [
              139.5583793266058,
              1.306807991307331
            ],
            [
              139.58662963423862,
              1.1311216996006028
            ],
            [
              140.0610337690515,
              1.0067822980410959
            ]
          ]
        ]
      },
      "id": "15643dc3-e880-4d5a-9a63-37f3b976e9b4"
    }
  ],
  "bbox": [
    139.40665765675735,
    0.5311254291193481,
    149.67346850554773,
    10.815996413745452
  ]
}
