{
  "type": "FeatureCollection",
  "features": [
    {
      "type": "Feature",
      "properties": {
        "id": "c2f1f84c-1d2c-482a-8e11-58264af1f51c",
        "name": "sketch368-0"
      },
      "geometry": {
        "type": "Polygon",
        "coordinates": [
          [
            [
              153.3464177212109,
              11.73879603046774
            ],
            [
              153.34861888115591,
              11.32538241773537
            ],
            [
              153.25917383924474,
              11.27026199143185
            ],
            [
              153.28612874115376,
              11.21322231908039
            ],
            [
              153.16805485590126,
              11.143088164359764
            ],
            [
              153.0269491629024,
              11.164639560627647
            ],
            [
              152.9029198575733,
              11.46682188944842
            ],
            [
              152.97609402689807,
              11.51781453271865
            ],
            [
              152.84015420036516,
              11.691836836300542
            ],
            [
              152.84396451721614,
              11.950360264052788
            ],
            [
              153.3464177212109,
              11.73879603046774
            ]
          ]
        ]
      },
      "id": "c2f1f84c-1d2c-482a-8e11-58264af1f51c"
    },
    {
      "type": "Feature",
      "properties": {
        "id": "6047f197-4a10-4405-8d65-56dc3ae780b3",
        "name": "sketch368-1"
      },
      "geometry": {
        "type": "Polygon",
        "coordinates": [
          [
            [
              143.38039788792702,
              10.821435933959041
            ],
            [
              143.6098074072447,
              10.797989604497063
            ],
            [
              143.63508836760928,
              10.590373264312795
            ],
            [
              143.66098200936577,
              10.517163267165872
            ],
            [
              143.43068704574762,
              10.632132976684156
            ],
            [
              143.41666310494347,
              10.41155311027142
            ],
            [
              143.26077587670963,
              10.62749507787549
            ],
            [
              143.24480880193752,
              10.752315606851692
            ],
            [
              143.15177617741787,
              10.861814166731332
            ],
            [
              143.3185256930285,
              11.001199150574358
            ],
            [
              143.38039788792702,
              10.821435933959041
            ]
          ]
        ]
      },
      "id": "6047f197-4a10-4405-8d65-56dc3ae780b3"
    },
    {
      "type": "Feature",
      "properties": {
        "id": "a4ab0635-a473-43be-b43a-a5bc79d53d5d",
        "name": "sketch368-2"
      },
      "geometry": {
        "type": "Polygon",
        "coordinates": [
          [
            [
              155.77226520649074,
              7.1836677425666675
            ],
            [
              155.97612401948953,
              7.087854521712458
            ],
            [
              155.73889293836078,
              6.931749584772435
            ],
            [
              155.77018276731053,
              6.920960732092773
            ],
            [
              155.73941242145165,
              6.877921444928399
            ],
            [
              155.8623636745076,
              6.653951870424396
            ],
            [
              155.6639369729705,
              6.58437017965982
            ],
            [
              155.66729937082087,
              6.910899350488158
            ],
            [
              155.44972248716215,
              6.868210275516114
            ],
            [
              155.5734321519349,
              7.086183211494163
            ],
            [
              155.77226520649074,
              7.1836677425666675
            ]
          ]
        ]
      },
      "id": "a4ab0635-a473-43be-b43a-a5bc79d53d5d"
    },
    {
      "type": "Feature",
      "properties": {
        "id": "01653fa9-5216-4261-acc9-fbbb6c7bdbb1",
        "name": "sketch368-3"
      },
      "geometry": {
        "type": "Polygon",
        "coordinates": [
          [
            [
              139.4169697104126,
              10.763569060061096
            ],
            [
              139.41291654842678,
              10.708168526184904
            ],
            [
              139.3505938859789,
              10.625135310480584
            ],
            [
              139.48123947248266,
              10.559319262875045
            ],
            [
              139.25060273302805,
              10.50343964993117
            ],
            [
              139.10933504439672,
              10.224980932268462
            ],
            [
              139.0161561976327,
              10.327092171674524
            ],
            [
              139.10642151319345,
              10.564402916631394
            ],
            [
              139.17743780272556,
              10.577068343684001
            ],
            [
              139.17461372186128,
              10.58739725793094
            ],
            [
              139.4169697104126,
              10.763569060061096
            ]
          ]
        ]
      },
      "id": "01653fa9-5216-4261-acc9-fbbb6c7bdbb1"
    },
    {
      "type": "Feature",
      "properties": {
        "id": "47f222fc-ec57-4890-a98b-e9f8258468be",
        "name": "sketch368-4"
      },
      "geometry": {
        "type": "Polygon",
        "coordinates": [
          [
            [
              136.154794190389,
              2.0475961881569877
            ],
            [
              136.2071912159798,
              1.7704946302237896
            ],
            [
              136.17536822106007,
              1.7385917812044498
            ],
            [
              136.04793792626467,
              1.328179287017611
            ],
            [
              135.74288890337806,
              1.4315430306129593
            ],
            [
              135.69317765118234,
              1.5552757732307732
            ],
            [
              135.35298690624083,
              1.6375444169041409
            ],
            [
              135.46921390435693,
              1.87061910732472
            ],
            [
              135.61781596536127,
              1.8152530975388963
            ],
            [
              135.71665460597632,
              1.764873427636698
            ],
            [
              136.154794190389,
              2.0475961881569877
            ]
          ]
        ]
      },
      "id": "47f222fc-ec57-4890-a98b-e9f8258468be"
    },
    {
      "type": "Feature",
      "properties": {
        "id": "30ea9191-2207-4ab3-8a85-5532baa381a8",
        "name": "sketch368-5"
      },
      "geometry": {
        "type": "Polygon",
        "coordinates": [
          [
            [
              144.38884451595987,
              2.6155820048687097
            ],
            [
              144.35587044641767,
              2.539929711048827
            ],
            [
              144.43841858847938,
              2.305320158744627
            ],
            [
              144.37648031817912,
              2.1332761268232714
            ],
            [
              144.28461445049675,
              1.8522688707422608
            ],
            [
              144.0699610076023,
              1.9663912473837193
            ],
            [
              144.1088214426035,
              2.2421576373588583
            ],
            [
              143.7694045902916,
              2.1844019251937548
            ],
            [
              143.90822074427007,
              2.4965297370475446
            ],
            [
              144.09195232254265,
              2.552966529835835
            ],
            [
              144.38884451595987,
              2.6155820048687097
            ]
          ]
        ]
      },
      "id": "30ea9191-2207-4ab3-8a85-5532baa381a8"
    },
    {
      "type": "Feature",
      "properties": {
        "id": "a5744b2c-2dc2-4b35-8cec-d68b3153a0eb",
        "name": "sketch368-6"
      },
      "geometry": {
        "type": "Polygon",
        "coordinates": [
          [
            [
              151.3782095520367,
              3.301516980648402
            ],
            [
              151.35217368660625,
              3.2624615834098836
            ],
            [
              151.36301453682745,
              3.2460778076973984
            ],
            [
              151.35753986055215,
              3.15185203422517
            ],
            [
              151.07085805116836,
              2.864545250453407
            ],
            [
              151.03941071602605,
              3.0132466415098786
            ],
            [
              150.96228659449818,
              3.033760154390824
            ],
            [
              150.85212965433996,
              3.3425732807794915
            ],
            [
              151.17222238665417,
              3.287735970276578
            ],
            [
              151.33680734701747,
              3.262651920069078
            ],
            [
              151.3782095520367,
              3.301516980648402
            ]
          ]
        ]
      },
      "id": "a5744b2c-2dc2-4b35-8cec-d68b3153a0eb"
    },
    {
      "type": "Feature",
      "properties": {
        "id": "11b6d4b0-b8a5-4282-bb39-8d4bb8ebaa7f",
        "name": "sketch368-7"
      },
      "geometry": {
        "type": "Polygon",
        "coordinates": [
          [
            [
              136.86884128858355,
              0.6309124199264114
            ],
            [
              137.15039344165112,
              0.9495857834645656
            ],
            [
              137.15689570960575,
              0.6398973222720955
            ],
            [
              137.06496018541574,
              0.22729887244741837
            ],
            [
              136.86543646921004,
              0.311537843733548
            ],
            [
              136.7823810210673,
              0.49495686334731637
            ],
            [
              136.57500077901466,
              0.22637532837510388
            ],
            [
              136.75563877714018,
              0.6204417544820564
            ],
            [
              136.74160194364006,
              0.6712195917098793
            ],
            [
              136.68107324269027,
              1.0419314202398176
            ],
            [
              136.86884128858355,
              0.6309124199264114
            ]
          ]
        ]
      },
      "id": "11b6d4b0-b8a5-4282-bb39-8d4bb8ebaa7f"
    }
  ],
  "bbox": [
    135.35298690624083,
    0.22637532837510388,
    155.97612401948953,
    11.950360264052788
  ]
}
