{
  "type": "FeatureCollection",
  "features": [
    {
      "type": "Feature",
      "properties": {
        "id": "2c231eaf-1fe0-40e1-a259-9bcc42ad561c",
        "name": "sketch313-0"
      },
      "geometry": {
        "type": "Polygon",
        "coordinates": [
          [
            [
              141.96556513628997,
              7.7645432335305635
            ],
            [
              141.8275016517534,
              7.500792507743407
            ],
            [
              141.98914002880068,
              7.3661723183154715
            ],
            [
              141.8398692006363,
              7.378236137569994
            ],
            [
              141.72559985862787,
              7.3060264447932415
            ],
            [
              141.60274253949888,
              7.399914660914329
            ],
            [
              141.68697989619594,
              7.501591989232833
            ],
            [
              141.65060359044398,
              7.518218212742544
            ],
            [
              141.57232898698123,
              7.661593029228873
            ],
            [
              141.51203123860634,
              7.8988307321202385
            ],
            [
              141.96556513628997,
              7.7645432335305635
            ]
          ]
        ]
      },
      "id": "2c231eaf-1fe0-40e1-a259-9bcc42ad561c"
    },
    {
      "type": "Feature",
      "properties": {
        "id": "2dded394-b275-4ede-85c5-f84b392d4177",
        "name": "sketch313-1"
      },
      "geometry": {
        "type": "Polygon",
        "coordinates": [
          [
            [
              146.98241366630634,
              12.28613494337044
            ],
            [
              147.06392806828435,
              12.34929081394537
            ],
            [
              147.11874935663596,
              12.260304508394427
            ],
            [
              147.2969192263757,
              12.17734322213557
            ],
            [
              147.0330668848249,
              12.171626514104455
            ],
            [
              147.00901055454824,
              12.09586870554919
            ],
            [
              147.09425633840607,
              11.795837058831028
            ],
            [
              146.76458225123739,
              11.980154117727084
            ],
            [
              146.94003240260517,
              12.182361538687292
            ],
            [
              146.89340458558613,
              12.239685204966426
            ],
            [
              146.98241366630634,
              12.28613494337044
            ]
          ]
        ]
      },
      "id": "2dded394-b275-4ede-85c5-f84b392d4177"
    },
    {
      "type": "Feature",
      "properties": {
        "id": "5ee6be6d-3836-432a-b661-b224c477587f",
        "name": "sketch313-2"
      },
      "geometry": {
        "type": "Polygon",
        "coordinates": [
          [
            [
              155.74448194698417,
              10.066540651412865
            ],
            [
              155.45992491715256,
              9.819344168224356
            ],
            [
              155.4056128290886,
              9.778394977886007
            ],
            [
              155.4795663551555,
              9.520818525216841
            ],
            [
              155.3517000383796,
              9.81333797414613
            ],
            [
              155.1441389804012,
              9.525504896713178
            ],
            [
              155.26210528809486,
              9.774949731256614
            ],
            [
              155.2411099255686,
              9.86116474783341
            ],
            [
              155.10099129132792,
              9.977176283013991
            ],
            [
              155.19659767480414,
              9.980571828319404
            ],
            [
              155.74448194698417,
              10.066540651412865
            ]
          ]
        ]
      },
      "id": "5ee6be6d-3836-432a-b661-b224c477587f"
    }
  ],
  "bbox": [
    141.51203123860634,
    7.3060264447932415,
    155.74448194698417,
    12.34929081394537
  ]
}
