{
  "type": "FeatureCollection",
  "features": [
    {
      "type": "Feature",
      "properties": {
        "id": "7ae82ec2-8043-4ac4-93da-b6d127c70760",
        "name": "sketch97-0"
      },
      "geometry": {
        "type": "Polygon",
        "coordinates": [
          [
            [
              140.24556602086057,
              6.924124906283209
            ],
            [
              140.24779174241897,
              6.523471935206543
            ],
            [
              140.6218382324979,
              6.59451116755107
            ],
            [
              140.52856266238916,
              6.426437421976492
            ],
            [
              140.1601648394658,
              6.439366500855637
            ],
            [
              140.2802746229538,
              6.261213004011859
            ],
            [
              140.20694332613363,
              6.1905400395944925
            ],
            [
              140.11400562001123,
              6.049032513415852
            ],
            [
              139.7826953303845,
              6.359907144595402
            ],
            [
              139.82776665699922,
              6.5816734301190065
            ],
            [
              140.24556602086057,
              6.924124906283209
            ]
          ]
        ]
      },
      "id": "7ae82ec2-8043-4ac4-93da-b6d127c70760"
    },
    {
      "type": "Feature",
      "properties": {
        "id": "6e7f43e7-680d-43d8-8611-c3ddccec0972",
        "name": "sketch97-1"
      },
      "geometry": {
        "type": "Polygon",
        "coordinates": [
          [
            [
              145.2090022056715,
              10.22645253880317
            ],
            [
              145.31930314127678,
              10.09513025843759
            ],
            [
              145.1330471694944,
              9.998007580049173
            ],
            [
              145.3942551726373,
              9.5953384152788
            ],
            [
              145.2102467197022,
              9.8237989376214
            ],
            [
              145.07463907199107,
              9.756983923463748
            ],
            [
              144.9749288850373,
              9.613823456220778
            ],
            [
              145.06157238934708,
              9.973391537003671
            ],
            [
              144.66018392851558,
              10.129357104458927
            ],
            [
              145.07184249588505,
              10.147482410384496
            ],
            [
              145.2090022056715,
              10.22645253880317
            ]
          ]
        ]
      },
      "id": "6e7f43e7-680d-43d8-8611-c3ddccec0972"
    },
    {
      "type": "Feature",
      "properties": {
        "id": "e3a78bb0-79dc-44f9-9072-a8c1cdc1c7c0",
        "name": "sketch97-2"
      },
      "geometry": {
        "type": "Polygon",
        "coordinates": [
          [
            [
              148.8974575619249,
              12.267120797141791
            ],
            [
              148.8571970786058,
              12.19654259726911
            ],
            [
              148.69695987847768,
              12.165229200619768
            ],
            [
              149.03485789394205,
              11.90963713127167
            ],
            [
              148.7425586492433,
              11.973421451468306
            ],
            [
              148.58058927250903,
              11.83233644369632
            ],
            [
              148.166178216981,
              12.183358015996253
            ],
            [
              148.54034808361985,
              12.197862996830013
            ],
            [
              148.50865506232986,
              12.26822069473625
            ],
            [
              148.43563389263971,
              12.416624553385104
            ],
            [
              148.8974575619249,
              12.267120797141791
            ]
          ]
        ]
      },
      "id": "e3a78bb0-79dc-44f9-9072-a8c1cdc1c7c0"
    },
    {
      "type": "Feature",
      "properties": {
        "id": "e40cc5c4-cf58-4c3e-977a-1beb2213a940",
        "name": "sketch97-3"
      },
      "geometry": {
        "type": "Polygon",
        "coordinates": [
          [
            [
              136.49478652436008,
              12.989117116499372
            ],
            [
              136.55365745932977,
              12.988092019384448
            ],
            [
              136.7665840761521,
              12.779768888336337
            ],
            [
              136.572611735685,
              12.750822743761347
            ],
            [
              136.41884137982512,
              12.793511475380475
            ],
            [
              136.36042618004424,
              12.543852871213481
            ],
            [
              136.3236070046604,
              12.51220774985856
            ],
            [
              136.22619836949127,
              12.733467297361123
            ],
            [
              136.16821818163035,
              12.937315891175443
            ],
            [
              136.29304312465516,
              13.061292887788131
            ],
            [
              136.49478652436008,
              12.989117116499372
            ]
          ]
        ]
      },
      "id": "e40cc5c4-cf58-4c3e-977a-1beb2213a940"
    },
    {
      "type": "Feature",
      "properties": {
        "id": "629fe7ea-757e-4603-a529-346568e8ac17",
        "name": "sketch97-4"
      },
      "geometry": {
        "type": "Polygon",
        "coordinates": [
          [
            [
              139.4214755364851,
              8.544650637848708
            ],
            [
              139.48900150976988,
              8.593845282250989
            ],
            [
              139.88484177376046,
              8.622615500282961
            ],
            [
              139.58318312261005,
              8.426956216207655
            ],
            [
              139.47071680810745,
              8.347180088940952
            ],
            [
              139.3433992781992,
              8.13088146374561
            ],
            [
              139.3016124738028,
              8.449916739625781
            ],
            [
              139.22644465140957,
              8.429727836759342
            ],
            [
              139.3721908321387,
              8.549357149096789
            ],
            [
              139.392117236261,
              8.83311497124934
            ],
            [
              139.4214755364851,
              8.544650637848708
            ]
          ]
        ]
      },
      "id": "629fe7ea-757e-4603-a529-346568e8ac17"
    },
    {
      "type": "Feature",
      "properties": {
        "id": "1252868c-8dac-488e-9e57-443b3a3a0e5b",
        "name": "sketch97-5"
      },
      "geometry": {
        "type": "Polygon",
        "coordinates": [
          [
            [
              137.48323918748451,
              9.048808408857866
            ],
            [
              137.69564375891392,
              9.239277094442189
            ],
            [
              137.61052639591267,
              9.021477710192737
            ],
            [
              137.46704914936404,
              8.978669212577184
            ],
            [
              137.5319875894755,
              8.932895555170264
            ],
            [
              137.66039799109475,
              8.60036145901834
            ],
            [
              137.43527088579256,
              8.750017682964021
            ],
            [
              137.41336083689066,
              8.819516947488841
            ],
            [
              137.42959486730015,
              8.970448702512718
            ],
            [
              137.1090263412111,
              9.220008351502562
            ],
            [
              137.48323918748451,
              9.048808408857866
            ]
          ]
        ]
      },
      "id": "1252868c-8dac-488e-9e57-443b3a3a0e5b"
    },
    {
      "type": "Feature",
      "properties": {
        "id": "1166152a-e31c-44e2-9680-94a55d8f8056",
        "name": "sketch97-6"
      },
      "geometry": {
        "type": "Polygon",
        "coordinates": [
          [
            [
              149.20330841980436,
              4.6969774627936065
            ],
            [
              149.27862326735976,
              4.696408402124038
            ],
            [
              149.5520929204049,
              4.673999947281347
            ],
            [
              149.11674783538075,
              4.606352469168026
            ],
            [
              149.04099318615474,
              4.335984621303421
            ],
            [
              149.00270063643586,
              4.43332929667393
            ],
            [
              148.64947612760466,
              4.410017107686741
            ],
            [
              148.85891987319204,
              4.799274725495476
            ],
            [
              148.99528885963664,
              4.978147610343369
            ],
            [
              149.0717720626917,
              4.711547222795071
            ],
            [
              149.20330841980436,
              4.6969774627936065
            ]
          ]
        ]
      },
      "id": "1166152a-e31c-44e2-9680-94a55d8f8056"
    }
  ],
  "bbox": [
    136.16821818163035,
    4.335984621303421,
    149.5520929204049,
    13.061292887788131
  ]
}
