{
  "type": "FeatureCollection",
  "features": [
    {
      "type": "Feature",
      "properties": {
        "id": "ae00caaa-c5c8-458e-bc2b-a6b65a2a08a1",
        "name": "sketch263-0"
      },
      "geometry": {
        "type": "Polygon",
        "coordinates": [
          [
            [
              155.95000080809592,
              5.561987908840226
            ],
            [
              156.06466501903853,
              5.47930472525778
            ],
            [
              156.20199053364263,
              5.1832865555156635
            ],
            [
              155.88596273994082,
              5.2194173488539555
            ],
            [
              155.777643684972,
              5.36254595386478
            ],
            [
              155.88396974280008,
              5.118461506764015
            ],
            [
              155.49000506110806,
              5.07357739019034
            ],
            [
              155.3689363856988,
              5.191031640644251
            ],
            [
              155.3920311560204,
              5.330911577702665
            ],
            [
              155.49765090801222,
              5.5977561885655485
            ],
            [
              155.95000080809592,
              5.561987908840226
            ]
          ]
        ]
      },
      "id": "ae00caaa-c5c8-458e-bc2b-a6b65a2a08a1"
    },
    {
      "type": "Feature",
      "properties": {
        "id": "71cf734b-8ab6-4581-9ac2-64f14c30c349",
        "name": "sketch263-1"
      },
      "geometry": {
        "type": "Polygon",
        "coordinates": [
          [
            [
              138.09309358734848,
              1.4643083083149262
            ],
            [
              138.1796084524189,
              1.433020227798056
            ],
            [
              138.39822207777823,
              1.212034806922815
            ],
            [
              137.99910608058588,
              1.1242201833238965
            ],
            [
              138.07516284826653,
              1.0014242891352672
            ],
            [
              137.9865186031996,
              1.002564159683561
            ],
            [
              137.8602265240938,
              1.0334260706736935
            ],
            [
              137.4606756888296,
              0.9991914373134354
            ],
            [
              137.80843192624553,
              1.207795201396238
            ],
            [
              137.67495695772706,
              1.56539053419012
            ],
            [
              138.09309358734848,
              1.4643083083149262
            ]
          ]
        ]
      },
      "id": "71cf734b-8ab6-4581-9ac2-64f14c30c349"
    },
    {
      "type": "Feature",
      "properties": {
        "id": "198988af-a509-430c-91ee-d8e4c938dc72",
        "name": "sketch263-2"
      },
      "geometry": {
        "type": "Polygon",
        "coordinates": [
          [
            [
              142.41065190499964,
              0.8616025760187077
            ],
            [
              142.78622276161124,
              0.7792466794692351
            ],
            [
              142.46408288382673,
              0.8117143558040311
            ],
            [
              142.30336711701557,
              0.8234114644416329
            ],
            [
              142.16524391301087,
              0.6026672098396088
            ],
            [
              141.96056151501622,
              0.693745436832552
            ],
            [
              142.06929770713322,
              0.7875438852442621
            ],
            [
              141.93948878924792,
              1.080292268065184
            ],
            [
              142.15731896286343,
              1.0652766466633325
            ],
            [
              142.30004424625128,
              0.8739837526895151
            ],
            [
              142.41065190499964,
              0.8616025760187077
            ]
          ]
        ]
      },
      "id": "198988af-a509-430c-91ee-d8e4c938dc72"
    }
  ],
  "bbox": [
    137.4606756888296,
    0.6026672098396088,
    156.20199053364263,
    5.5977561885655485
  ]
}
