{
  "type": "FeatureCollection",
  "features": [
    {
      "type": "Feature",
      "properties": {
        "id": "eeedee73-1f4e-4daa-8ce4-beafb1396b92",
        "name": "sketch30-0"
      },
      "geometry": {
        "type": "Polygon",
        "coordinates": [
          [
            [
              148.6082859076836,
              3.394936450199102
            ],
            [
              148.55139566964277,
              3.2982649294713617
            ],
            [
              148.7536337932224,
              2.959584601958722
            ],
            [
              148.60727233495552,
              3.1374694702713053
            ],
            [
              148.57423116984396,
              3.1079999158129596
            ],
            [
              148.42275418320824,
              2.9784439024982023
            ],
            [
              148.51334733507667,
              3.2957850809974825
            ],
            [
              148.19902996674756,
              3.203962748007976
            ],
            [
              148.06441278162615,
              3.3837627988641668
            ],
            [
              148.40820636782328,
              3.481517641317106
            ],
            [
              148.6082859076836,
              3.394936450199102
            ]
          ]
        ]
      },
      "id": "eeedee73-1f4e-4daa-8ce4-beafb1396b92"
    },
    {
      "type": "Feature",
      "properties": {
        "id": "0aba3037-3ff0-45c6-9b8b-b4e86a5c1d44",
        "name": "sketch30-1"
      },
      "geometry": {
        "type": "Polygon",
        "coordinates": [
          [
            [
              153.8858649910306,
              0.6551370065061426
            ],
            [
              153.8972942228225,
              0.5134299810188966
            ],
            [
              154.11037889516356,
              0.3241379761102342
            ],
            [
              153.80287774130247,
              0.30202380881419694
            ],
            [
              153.75184965717318,
              0.1898461997304784
            ],
            [
              153.6976043910374,
              0.35797139244855464
            ],
            [
              153.74387250015693,
              0.3937209569448035
            ],
            [
              153.34924180176736,
              0.39401389672640674
            ],
            [
              153.59703720461516,
              0.5760316547177233
            ],
            [
              153.6879828357996,
              0.5266785998562191
            ],
            [
              153.8858649910306,
              0.6551370065061426
            ]
          ]
        ]
      },
      "id": "0aba3037-3ff0-45c6-9b8b-b4e86a5c1d44"
    },
    {
      "type": "Feature",
      "properties": {
        "id": "bff1e921-c639-4164-a8e1-9ff50da13e56",
        "name": "sketch30-2"
      },
      "geometry": {
        "type": "Polygon",
        "coordinates": [
          [
            [
              163.52573703362768,
              1.2150431411054354
            ],
            [
              163.26795378403241,
              1.150656333604506
            ],
            [
              163.5029548317293,
              1.1752478970033242
            ],
            [
              163.43404819046924,
              0.7214213457342998
            ],
            [
              163.2553078849832,
              0.9368734477995359
            ],
            [
              163.17065976351057,
              1.0221931377036921
            ],
            [
              163.0649312217034,
              0.906920120124399
            ],
            [
              162.93458066219677,
              1.0969069750449465
            ],
            [
              163.09708875363344,
              1.1953049902486803
            ],
            [
              162.97976864949553,
              1.3624219318158852
            ],
            [
              163.52573703362768,
              1.2150431411054354
            ]
          ]
        ]
      },
      "id": "bff1e921-c639-4164-a8e1-9ff50da13e56"
    },
    {
      "type": "Feature",
      "properties": {
        "id": "42c1eb4b-87a6-4cc3-86fd-1167f8fa33ae",
        "name": "sketch30-3"
      },
      "geometry": {
        "type": "Polygon",
        "coordinates": [
          [
            [
              153.50543513103193,
              10.733021209792431
            ],
            [
              153.442521031544,
              10.594769857361198
            ],
            [
              153.5048984595038,
              10.635743001243618
            ],
            [
              153.87370235683593,
              10.645260118495175
            ],
            [
              153.63483740827465,
              10.355575833194388
            ],
            [
              153.45958115196288,
              10.497966062513466
            ],
            [
              153.3418111166875,
              10.214391021556619
            ],
            [
              153.1678615321121,
              10.44123296021437
            ],
            [
              153.06773179146947,
              10.499367558588748
            ],
            [
              153.36930338335847,
              10.593255690271489
            ],
            [
              153.50543513103193,
              10.733021209792431
            ]
          ]
        ]
      },
      "id": "42c1eb4b-87a6-4cc3-86fd-1167f8fa33ae"
    },
    {
      "type": "Feature",
      "properties": {
        "id": "4e7808cc-f669-4a99-a473-fbff16c7f703",
        "name": "sketch30-4"
      },
      "geometry": {
        "type": "Polygon",
        "coordinates": [
          [
            [
              139.43159770016868,
              7.27071620071822
            ],
            [
              139.68557684099974,
              7.395253340656089
            ],
            [
              139.55003887469252,
              7.282252889794184
            ],
            [
              139.46585856359476,
              7.265549070115863
            ],
            [
              139.63748756846786,
              6.999492043567311
            ],
            [
              139.3951777964115,
              7.164704200067072
            ],
            [
              139.12288293334922,
              7.109577269501968
            ],
            [
              139.3880635311605,
              7.2488293728149475
            ],
            [
              139.1488285678887,
              7.321033206613359
            ],
            [
              139.28780101263715,
              7.405722723695797
            ],
            [
              139.43159770016868,
              7.27071620071822
            ]
          ]
        ]
      },
      "id": "4e7808cc-f669-4a99-a473-fbff16c7f703"
    },
    {
      "type": "Feature",
      "properties": {
        "id": "934a8a98-5adc-4539-8cab-e14c836c210e",
        "name": "sketch30-5"
      },
      "geometry": {
        "type": "Polygon",
        "coordinates": [
          [
            [
              162.64003265798956,
              13.466554238912805
            ],
            [
              162.82545070227428,
              13.503539473710568
            ],
            [
              162.8302250729115,
              13.288202177492364
            ],
            [
              162.6349511370611,
              13.247276042092382
            ],
            [
              162.57745496135544,
              13.23339421379407
            ],
            [
              162.38209116088615,
              12.984346545220092
            ],
            [
              162.2718824256036,
              13.275449008882653
            ],
            [
              162.1214786753254,
              13.42621671347148
            ],
            [
              162.39163633631452,
              13.602365451147897
            ],
            [
              162.39184609562994,
              13.81187765715788
            ],
            [
              162.64003265798956,
              13.466554238912805
            ]
          ]
        ]
      },
      "id": "934a8a98-5adc-4539-8cab-e14c836c210e"
    },
    {
      "type": "Feature",
      "properties": {
        "id": "c5a32dfc-f55f-42fd-af2e-a1f4703c381a",
        "name": "sketch30-6"
      },
      "geometry": {
        "type": "Polygon",
        "coordinates": [
          [
            [
              139.4071816899643,
              12.665764016228787
            ],
            [
              139.2108674956625,
              12.485039958502124
            ],
            [
              139.50661980396072,
              12.248312015689107
            ],
            [
              139.31784811131192,
              12.301542604511203
            ],
            [
              139.11592029951336,
              12.387372613557764
            ],
            [
              139.0901573397798,
              12.456174365063044
            ],
            [
              138.80578161083199,
              12.141107567198329
            ],
            [
              138.89614021196468,
              12.359515230503407
            ],
            [
              138.98814754762702,
              12.459461120095112
            ],
            [
              139.08386148764194,
              12.480783802972027
            ],
            [
              139.4071816899643,
              12.665764016228787
            ]
          ]
        ]
      },
      "id": "c5a32dfc-f55f-42fd-af2e-a1f4703c381a"
    },
    {
      "type": "Feature",
      "properties": {
        "id": "10334989-f15a-42ce-8860-f019d236bfad",
        "name": "sketch30-7"
      },
      "geometry": {
        "type": "Polygon",
        "coordinates": [
          [
            [
              136.9806082423596,
              3.6288437731704053
            ],
            [
              137.2273720312741,
              3.428079399717305
            ],
            [
              137.259478944986,
              3.3509861072496205
            ],
            [
              136.95160111773998,
              3.278512500640717
            ],
            [
              136.78848822181683,
              3.378070874143167
            ],
            [
              136.7632923551972,
              3.394754169881058
            ],
            [
              136.6603626240924,
              3.121914265008792
            ],
            [
              136.4697397094836,
              3.2658886131987694
            ],
            [
              136.76233847050602,
              3.41880940392206
            ],
            [
              136.5962248414181,
              3.5238906702949575
            ],
            [
              136.9806082423596,
              3.6288437731704053
            ]
          ]
        ]
      },
      "id": "10334989-f15a-42ce-8860-f019d236bfad"
    },
    {
      "type": "Feature",
      "properties": {
        "id": "bee215b9-0510-4d15-b044-2f24db08ac6b",
        "name": "sketch30-8"
      },
      "geometry": {
        "type": "Polygon",
        "coordinates": [
          [
            [
              155.6523133401743,
              6.672954096008988
            ],
            [
              155.90534611749317,
              6.625764067554768
            ],
            [
              155.62624111139837,
              6.4548302099946335
            ],
            [
              155.58959669929993,
              6.412702125925416
            ],
            [
              155.58830819587126,
              6.182294778078424
            ],
            [
              155.48452066068947,
              6.29638035263601
            ],
            [
              155.25092617054486,
              6.304860508661495
            ],
            [
              155.18467130320286,
              6.5382535921676626
            ],
            [
              155.45435899428466,
              6.548318982757263
            ],
            [
              155.46652337573758,
              6.9026610121175835
            ],
            [
              155.6523133401743,
              6.672954096008988
            ]
          ]
        ]
      },
      "id": "bee215b9-0510-4d15-b044-2f24db08ac6b"
    },
    {
      "type": "Feature",
      "properties": {
        "id": "3ca568a6-8cf7-4cd6-a311-f3625472aacf",
        "name": "sketch30-9"
      },
      "geometry": {
        "type": "Polygon",
        "coordinates": [
          [
            [
              149.41333416555474,
              4.382045198028117
            ],
            [
              149.62054316144395,
              4.516498157166095
            ],
            [
              149.52274401756284,
              4.074217943858848
            ],
            [
              149.47781322844136,
              4.008941115982951
            ],
            [
              149.31797094683742,
              3.896139493180336
            ],
            [
              149.10697809960513,
              4.03679909648208
            ],
            [
              149.01663931846315,
              4.0993966831338575
            ],
            [
              149.30537235341538,
              4.150095551235471
            ],
            [
              149.24572007630755,
              4.315813299832612
            ],
            [
              149.19591533967466,
              4.603730447600351
            ],
            [
              149.41333416555474,
              4.382045198028117
            ]
          ]
        ]
      },
      "id": "3ca568a6-8cf7-4cd6-a311-f3625472aacf"
    }
  ],
  "bbox": [
    136.4697397094836,
    0.1898461997304784,
    163.52573703362768,
    13.81187765715788
  ]
}
