{
  "type": "FeatureCollection",
  "features": [
    {
      "type": "Feature",
      "properties": {
        "id": "d1f1f911-8cbe-4248-8aaf-a93625ece4e1",
        "name": "sketch347-0"
      },
      "geometry": {
        "type": "Polygon",
        "coordinates": [
          [
            [
              147.41396345964102,
              7.8098748006739065
            ],
            [
              147.6262741708835,
              7.622630777800974
            ],
            [
              147.38887387628353,
              7.464459618983872
            ],
            [
              147.33737483243505,
              7.422255008026625
            ],
            [
              147.24623051130033,
              7.0287027073891215
            ],
            [
              147.0324580599121,
              7.048345145478507
            ],
            [
              146.86502610754548,
              7.261888616783899
            ],
            [
              147.16339470723008,
              7.518809921666302
            ],
            [
              146.78396389938834,
              7.746244613429352
            ],
            [
              146.9271945667637,
              7.764577627785412
            ],
            [
              147.41396345964102,
              7.8098748006739065
            ]
          ]
        ]
      },
      "id": "d1f1f911-8cbe-4248-8aaf-a93625ece4e1"
    },
    {
      "type": "Feature",
      "properties": {
        "id": "eb7e132c-4b83-46bf-b7f7-306b5ba5a0a7",
        "name": "sketch347-1"
      },
      "geometry": {
        "type": "Polygon",
        "coordinates": [
          [
            [
              156.30027377218988,
              9.376385581688934
            ],
            [
              156.40026177628067,
              9.399031265407581
            ],
            [
              156.6844529961182,
              9.175814052718119
            ],
            [
              156.33441425505893,
              8.97520666960774
            ],
            [
              156.26373109663498,
              8.610293321341333
            ],
            [
              156.2531066590469,
              9.021249859980339
            ],
            [
              156.1506538112496,
              9.013075557845003
            ],
            [
              155.99935282999044,
              9.150177669328913
            ],
            [
              156.24757501102187,
              9.073092501329013
            ],
            [
              156.2199821110611,
              9.14902971077204
            ],
            [
              156.30027377218988,
              9.376385581688934
            ]
          ]
        ]
      },
      "id": "eb7e132c-4b83-46bf-b7f7-306b5ba5a0a7"
    },
    {
      "type": "Feature",
      "properties": {
        "id": "3b5ceafe-23f6-4e76-b26d-07e5de7b30d0",
        "name": "sketch347-2"
      },
      "geometry": {
        "type": "Polygon",
        "coordinates": [
          [
            [
              146.53843968083214,
              11.323622546105804
            ],
            [
              146.78343731835884,
              11.306155769397206
            ],
            [
              146.91734471758562,
              11.17638394202442
            ],
            [
              146.78776235768174,
              10.8523605743259
            ],
            [
              146.4282708379051,
              10.82995805682626
            ],
            [
              146.47447703399212,
              11.113652655584245
            ],
            [
              146.35678498696734,
              11.023016570535875
            ],
            [
              146.5273413909605,
              11.190233691816902
            ],
            [
              146.0750925613026,
              11.2263612159594
            ],
            [
              146.44401392475572,
              11.233484720729395
            ],
            [
              146.53843968083214,
              11.323622546105804
            ]
          ]
        ]
      },
      "id": "3b5ceafe-23f6-4e76-b26d-07e5de7b30d0"
    },
    {
      "type": "Feature",
      "properties": {
        "id": "fbd1d56c-bb4d-4783-86cb-7e421e290a30",
        "name": "sketch347-3"
      },
      "geometry": {
        "type": "Polygon",
        "coordinates": [
          [
            [
              161.7931970516334,
              0.7253069772361206
            ],
            [
              161.3390971462425,
              0.5926223776810168
            ],
            [
              161.4845490176353,
              0.11908509807023693
            ],
            [
              160.9911262683844,
              0.23678286026089135
            ],
            [
              161.07244659146798,
              0.38139535859053053
            ],
            [
              161.021091078772,
              0.502091174970381
            ],
            [
              160.98725101912908,
              0.6866565716378054
            ],
            [
              161.3089662144912,
              0.604632027657858
            ],
            [
              161.3024162872517,
              0.6269017452546978
            ],
            [
              161.29503631431348,
              0.7651486190486101
            ],
            [
              161.7931970516334,
              0.7253069772361206
            ]
          ]
        ]
      },
      "id": "fbd1d56c-bb4d-4783-86cb-7e421e290a30"
    },
    {
      "type": "Feature",
      "properties": {
        "id": "133d0fb8-ba12-4c8d-897e-886f1dfc3f89",
        "name": "sketch347-4"
      },
      "geometry": {
        "type": "Polygon",
        "coordinates": [
          [
            [
              151.47025627112058,
              12.620802794518015
            ],
            [
              151.59993394330377,
              12.604749938027531
            ],
            [
              151.50774744688087,
              12.576307335994512
            ],
            [
              151.69757986632516,
              12.412504765984767
            ],
            [
              151.40871190891426,
              12.274853520581184
            ],
            [
              151.34902813336598,
              12.560061678677947
            ],
            [
              151.20380018415474,
              12.471912304830116
            ],
            [
              151.17730387453443,
              12.464706109567294
            ],
            [
              151.13733895393622,
              12.66413502099708
            ],
            [
              151.34165257408284,
              12.767298027271254
            ],
            [
              151.47025627112058,
              12.620802794518015
            ]
          ]
        ]
      },
      "id": "133d0fb8-ba12-4c8d-897e-886f1dfc3f89"
    },
    {
      "type": "Feature",
      "properties": {
        "id": "043d7a49-c8d5-453c-950b-17b7fc02d99c",
        "name": "sketch347-5"
      },
      "geometry": {
        "type": "Polygon",
        "coordinates": [
          [
            [
              147.16904229095024,
              1.6580879179141406
            ],
            [
              147.1412366210672,
              1.3477915565559324
            ],
            [
              146.87526940284633,
              1.1252366638635414
            ],
            [
              146.78297732989,
              1.348836399684272
            ],
            [
              146.7149003901934,
              1.3221511526028613
            ],
            [
              146.76832381119667,
              1.4459251982998071
            ],
            [
              146.41474937393517,
              1.738422843311133
            ],
            [
              146.4718545557374,
              1.7702796728327415
            ],
            [
              146.7779985038729,
              1.4809916578538644
            ],
            [
              146.75727286982269,
              1.5915143921695714
            ],
            [
              147.16904229095024,
              1.6580879179141406
            ]
          ]
        ]
      },
      "id": "043d7a49-c8d5-453c-950b-17b7fc02d99c"
    },
    {
      "type": "Feature",
      "properties": {
        "id": "7e0cb03e-9da6-4511-8535-022827bfbe79",
        "name": "sketch347-6"
      },
      "geometry": {
        "type": "Polygon",
        "coordinates": [
          [
            [
              157.43624048087278,
              9.91432343655289
            ],
            [
              157.36904773542838,
              9.735080390218146
            ],
            [
              157.10702007438712,
              9.66442503191566
            ],
            [
              156.99456015627644,
              9.686297519038355
            ],
            [
              157.0553266542818,
              9.25833117193238
            ],
            [
              156.9413865439451,
              9.5908590879714
            ],
            [
              156.79134203918852,
              9.596822073134918
            ],
            [
              156.57811663148732,
              9.799968360959548
            ],
            [
              156.82611251890634,
              9.996240164109226
            ],
            [
              156.91854532760556,
              9.971357076418373
            ],
            [
              157.43624048087278,
              9.91432343655289
            ]
          ]
        ]
      },
      "id": "7e0cb03e-9da6-4511-8535-022827bfbe79"
    }
  ],
  "bbox": [
    146.0750925613026,
    0.11908509807023693,
    161.7931970516334,
    12.767298027271254
  ]
}
