{
  "type": "FeatureCollection",
  "features": [
    {
      "type": "Feature",
      "properties": {
        "id": "7fa5dc91-8276-4758-8adf-fc5e616ee925",
        "name": "sketch142-0"
      },
      "geometry": {
        "type": "Polygon",
        "coordinates": [
          [
            [
              161.51867692225937,
              5.10818166312089
            ],
            [
              161.60337232060743,
              5.050765234250085
            ],
            [
              161.71125173717692,
              4.817087441294065
            ],
            [
              161.55642284777193,
              4.44426349857389
            ],
            [
              161.3180472658476,
              4.590993253063661
            ],
            [
              161.26423134667007,
              4.81549233563676
            ],
            [
              161.34278334515722,
              4.877608354352319
            ],
            [
              161.35905247344994,
              4.893251466749787
            ],
            [
              161.1279676376892,
              5.114226831442479
            ],
            [
              161.2815034559665,
              5.182377375238437
            ],
            [
              161.51867692225937,
              5.10818166312089
            ]
          ]
        ]
      },
      "id": "7fa5dc91-8276-4758-8adf-fc5e616ee925"
    },
    {
      "type": "Feature",
      "properties": {
        "id": "51fe1ad1-77eb-4ba2-9ac4-6068d2a97e94",
        "name": "sketch142-1"
      },
      "geometry": {
        "type": "Polygon",
        "coordinates": [
          [
            [
              136.08844503571706,
              5.945493386758963
            ],
            [
              136.2592483499956,
              5.898721588685716
            ],
            [
              136.20823558145568,
              5.887387748840475
            ],
            [
              136.22882795940924,
              5.875796106832632
            ],
            [
              136.32594990366098,
              5.822237371871353
            ],
            [
              136.07802334680383,
              5.623102586917716
            ],
            [
              136.03240500007328,
              5.751917402678501
            ],
            [
              135.6542895894179,
              5.7381561609340785
            ],
            [
              135.69641066930885,
              5.968465165183711
            ],
            [
              136.05153101869038,
              5.9579002738753015
            ],
            [
              136.08844503571706,
              5.945493386758963
            ]
          ]
        ]
      },
      "id": "51fe1ad1-77eb-4ba2-9ac4-6068d2a97e94"
    }
  ],
  "bbox": [
    135.6542895894179,
    4.44426349857389,
    161.71125173717692,
    5.968465165183711
  ]
}
