{
  "type": "FeatureCollection",
  "features": [
    {
      "type": "Feature",
      "properties": {
        "id": "a1f450e2-5b40-434a-86d4-001a479b94e9",
        "name": "sketch37-0"
      },
      "geometry": {
        "type": "Polygon",
        "coordinates": [
          [
            [
              143.84517970373008,
              5.238264386650206
            ],
            [
              143.86109525096265,
              5.201787162796113
            ],
            [
              143.82503555277464,
              5.200436009850289
            ],
            [
              143.8220600179973,
              5.131201336738755
            ],
            [
              143.8189181114059,
              5.071833357783178
            ],
            [
              143.76748201536594,
              5.154183709939656
            ],
            [
              143.63587177477874,
              5.038841578352159
            ],
            [
              143.42319582149568,
              4.958476517028639
            ],
            [
              143.5024547042392,
              5.302596527212451
            ],
            [
              143.5359417535781,
              5.404390605145491
            ],
            [
              143.84517970373008,
              5.238264386650206
            ]
          ]
        ]
      },
      "id": "a1f450e2-5b40-434a-86d4-001a479b94e9"
    },
    {
      "type": "Feature",
      "properties": {
        "id": "382406e1-7d47-416a-8278-fa4ed17b38ee",
        "name": "sketch37-1"
      },
      "geometry": {
        "type": "Polygon",
        "coordinates": [
          [
            [
              164.6080453148725,
              -0.7293678344197789
            ],
            [
              164.40796587463842,
              -0.9756292540470204
            ],
            [
              164.71859292468085,
              -0.944538059032255
            ],
            [
              164.64173822836577,
              -1.0023567736060923
            ],
            [
              164.59174013969235,
              -1.3635736186504377
            ],
            [
              164.41473368548947,
              -1.031440843809033
            ],
            [
              164.3976546757157,
              -1.0302347023052743
            ],
            [
              164.07294345235212,
              -1.1822656420042232
            ],
            [
              164.0493647403918,
              -0.95698593522153
            ],
            [
              164.09777572145725,
              -0.8027701766164752
            ],
            [
              164.6080453148725,
              -0.7293678344197789
            ]
          ]
        ]
      },
      "id": "382406e1-7d47-416a-8278-fa4ed17b38ee"
    },
    {
      "type": "Feature",
      "properties": {
        "id": "8bf2ef98-0d61-4cb1-8a6c-acc0ae700dd0",
        "name": "sketch37-2"
      },
      "geometry": {
        "type": "Polygon",
        "coordinates": [
          [
            [
              144.53605630400122,
              2.262636305262729
            ],
            [
              144.78757419578284,
              2.2072761618564414
            ],
            [
              144.48033661286766,
              2.0486699117628526
            ],
            [
              144.6492428974231,
              1.9130464524591557
            ],
            [
              144.45037965669073,
              1.7813127170966088
            ],
            [
              144.38264243757692,
              1.581557082541119
            ],
            [
              144.3217288447732,
              1.9720901874390553
            ],
            [
              144.08312538055426,
              2.051321038526712
            ],
            [
              144.32536543362178,
              2.055960424821479
            ],
            [
              144.16260848465424,
              2.183571165825358
            ],
            [
              144.53605630400122,
              2.262636305262729
            ]
          ]
        ]
      },
      "id": "8bf2ef98-0d61-4cb1-8a6c-acc0ae700dd0"
    },
    {
      "type": "Feature",
      "properties": {
        "id": "82dc3425-eeb2-4771-b303-e49dc720d93c",
        "name": "sketch37-3"
      },
      "geometry": {
        "type": "Polygon",
        "coordinates": [
          [
            [
              146.68851754894806,
              3.8173494513935435
            ],
            [
              147.00953896313408,
              3.7255033277881324
            ],
            [
              146.82913694529884,
              3.5368608817390355
            ],
            [
              146.67804093090632,
              3.472964037814795
            ],
            [
              147.0176461455109,
              3.4743191879858597
            ],
            [
              146.73743112919487,
              3.3038473498222443
            ],
            [
              146.53436580816734,
              3.1521554370467344
            ],
            [
              146.34649771062053,
              3.3235616663310505
            ],
            [
              146.32730919322398,
              3.4282010143171693
            ],
            [
              146.54156310399637,
              3.5723732162435042
            ],
            [
              146.68851754894806,
              3.8173494513935435
            ]
          ]
        ]
      },
      "id": "82dc3425-eeb2-4771-b303-e49dc720d93c"
    },
    {
      "type": "Feature",
      "properties": {
        "id": "220f99ca-75f0-4355-8597-71692ea4d339",
        "name": "sketch37-4"
      },
      "geometry": {
        "type": "Polygon",
        "coordinates": [
          [
            [
              159.4814371086345,
              2.571938213564548
            ],
            [
              159.66812050932592,
              2.413459876390019
            ],
            [
              159.1947456462662,
              2.0821156688509816
            ],
            [
              159.08869219401907,
              1.9808723814727816
            ],
            [
              159.1330055364274,
              2.162625063256929
            ],
            [
              159.06840640052437,
              2.3920842575534094
            ],
            [
              159.15539129007377,
              2.439900365947443
            ],
            [
              159.1429132588283,
              2.47725113996869
            ],
            [
              159.18439423442393,
              2.6135434723801505
            ],
            [
              159.14863259229645,
              2.7357424151778402
            ],
            [
              159.4814371086345,
              2.571938213564548
            ]
          ]
        ]
      },
      "id": "220f99ca-75f0-4355-8597-71692ea4d339"
    },
    {
      "type": "Feature",
      "properties": {
        "id": "f050e0d0-2532-4ef0-a7d7-70a40e2747f6",
        "name": "sketch37-5"
      },
      "geometry": {
        "type": "Polygon",
        "coordinates": [
          [
            [
              139.4485631653164,
              0.3466246189284417
            ],
            [
              139.61103517153606,
              0.35878768153046176
            ],
            [
              139.4336673113434,
              0.3285196620788015
            ],
            [
              139.5794734023437,
              -0.08975451588869804
            ],
            [
              139.4234494981479,
              0.10761295193580733
            ],
            [
              139.39037099107122,
              0.2046767993429876
            ],
            [
              139.06064050086562,
              0.022101753389897782
            ],
            [
              139.20278402756304,
              0.3099033002239231
            ],
            [
              139.1496268351809,
              0.5247594264557607
            ],
            [
              139.36763972521643,
              0.4310413410519433
            ],
            [
              139.4485631653164,
              0.3466246189284417
            ]
          ]
        ]
      },
      "id": "f050e0d0-2532-4ef0-a7d7-70a40e2747f6"
    },
    {
      "type": "Feature",
      "properties": {
        "id": "a9726433-de83-45a8-85e5-9a3e8ee66c0c",
        "name": "sketch37-6"
      },
      "geometry": {
        "type": "Polygon",
        "coordinates": [
          [
            [
              147.57103985636235,
              1.1792631068444668
            ],
            [
              147.61035568548974,
              0.8107204435411552
            ],
            [
              147.893955856519,
              0.7209717370761163
            ],
            [
              147.57266804088124,
              0.5346963804830319
            ],
            [
              147.32003361482873,
              0.47631308080801066
            ],
            [
              147.2307659293984,
              0.559914810116797
            ],
            [
              147.08464462880156,
              0.7558651658040911
            ],
            [
              147.34709648755512,
              0.7816245410959831
            ],
            [
              147.04237701569588,
              0.9770950940144756
            ],
            [
              147.36465466757195,
              0.8659331680921734
            ],
            [
              147.57103985636235,
              1.1792631068444668
            ]
          ]
        ]
      },
      "id": "a9726433-de83-45a8-85e5-9a3e8ee66c0c"
    }
  ],
  "bbox": [
    139.06064050086562,
    -1.3635736186504377,
    164.71859292468085,
    5.404390605145491
  ]
}
