{
  "type": "FeatureCollection",
  "features": [
    {
      "type": "Feature",
      "properties": {
        "id": "652109fc-e905-43c1-a6b3-88bdafa5f603",
        "name": "sketch485-0"
      },
      "geometry": {
        "type": "Polygon",
        "coordinates": [
          [
            [
              149.7735143464918,
              9.384875461303768
            ],
            [
              149.69814128697257,
              9.122610694605594
            ],
            [
              149.67896196204114,
              8.978954082669887
            ],
            [
              149.4884953468241,
              9.018159494753522
            ],
            [
              149.4155064108011,
              9.05759785235277
            ],
            [
              149.18854511321695,
              8.778530636946055
            ],
            [
              149.39276374778618,
              9.049710891006438
            ],
            [
              149.11774264080805,
              8.863144572699547
            ],
            [
              149.27086700300126,
              9.191417311091266
            ],
            [
              149.34398328328155,
              9.29005567555572
            ],
            [
              149.7735143464918,
              9.384875461303768
            ]
          ]
        ]
      },
      "id": "652109fc-e905-43c1-a6b3-88bdafa5f603"
    },
    {
      "type": "Feature",
      "properties": {
        "id": "6bd0811a-230c-4b7e-a789-fd3da92bc086",
        "name": "sketch485-1"
      },
      "geometry": {
        "type": "Polygon",
        "coordinates": [
          [
            [
              137.46097883048355,
              13.270636609779428
            ],
            [
              137.56158388150808,
              13.163826339096314
            ],
            [
              137.40720711408247,
              12.888655593895098
            ],
            [
              137.3676610558821,
              12.830522916031558
            ],
            [
              137.357472467936,
              12.442997382291995
            ],
            [
              137.31583917176104,
              12.494514144419206
            ],
            [
              137.20014604184487,
              12.683901577876108
            ],
            [
              136.8654137022478,
              12.69476279671633
            ],
            [
              136.8117941082662,
              12.98953849961419
            ],
            [
              137.18980390704348,
              12.9486456406451
            ],
            [
              137.46097883048355,
              13.270636609779428
            ]
          ]
        ]
      },
      "id": "6bd0811a-230c-4b7e-a789-fd3da92bc086"
    },
    {
      "type": "Feature",
      "properties": {
        "id": "fbc66344-7594-4425-a761-778a30a7f8fc",
        "name": "sketch485-2"
      },
      "geometry": {
        "type": "Polygon",
        "coordinates": [
          [
            [
              144.05298564102304,
              11.473756704689059
            ],
            [
              144.0165260950915,
              11.400876915927011
            ],
            [
              144.14459468055128,
              11.440353535620424
            ],
            [
              144.23022068240635,
              11.183730277457443
            ],
            [
              143.96416469957552,
              11.160012408988658
            ],
            [
              143.94710015218973,
              10.95380521785534
            ],
            [
              143.8081948419649,
              11.290735727112413
            ],
            [
              143.6389628027395,
              11.305138634818
            ],
            [
              143.88507744479233,
              11.413635940020043
            ],
            [
              143.71096903370236,
              11.82034196523583
            ],
            [
              144.05298564102304,
              11.473756704689059
            ]
          ]
        ]
      },
      "id": "fbc66344-7594-4425-a761-778a30a7f8fc"
    },
    {
      "type": "Feature",
      "properties": {
        "id": "da261aa5-718b-468d-a55a-7d85959a2a88",
        "name": "sketch485-3"
      },
      "geometry": {
        "type": "Polygon",
        "coordinates": [
          [
            [
              146.7769614827216,
              2.653163720150731
            ],
            [
              146.7660354304896,
              2.6075405756546592
            ],
            [
              146.95745034761705,
              2.595836571450715
            ],
            [
              146.79656805535765,
              2.558546709255998
            ],
            [
              146.70962081010313,
              2.538645482374438
            ],
            [
              146.64302839543174,
              2.2797921796352982
            ],
            [
              146.45453012282988,
              2.133206846197673
            ],
            [
              146.46153082632208,
              2.4912873065063534
            ],
            [
              146.24318573510735,
              2.541510191142885
            ],
            [
              146.35943929795152,
              2.814801964674994
            ],
            [
              146.7769614827216,
              2.653163720150731
            ]
          ]
        ]
      },
      "id": "da261aa5-718b-468d-a55a-7d85959a2a88"
    },
    {
      "type": "Feature",
      "properties": {
        "id": "e68e1ce9-ab5c-4f60-8dbd-223739c81816",
        "name": "sketch485-4"
      },
      "geometry": {
        "type": "Polygon",
        "coordinates": [
          [
            [
              143.27713398714914,
              13.685356460843545
            ],
            [
              143.1592354199451,
              13.488690500118242
            ],
            [
              143.1831479932547,
              13.48231743942142
            ],
            [
              143.12754980067925,
              13.416232944009522
            ],
            [
              143.43069168018852,
              13.091139728715325
            ],
            [
              143.05944159593525,
              13.200006801657869
            ],
            [
              143.0093020073723,
              13.230878698486519
            ],
            [
              142.81764281753632,
              13.039483416228869
            ],
            [
              142.71608470894702,
              13.465867800978522
            ],
            [
              142.82804265831945,
              13.740765153432758
            ],
            [
              143.27713398714914,
              13.685356460843545
            ]
          ]
        ]
      },
      "id": "e68e1ce9-ab5c-4f60-8dbd-223739c81816"
    }
  ],
  "bbox": [
    136.8117941082662,
    2.133206846197673,
    149.7735143464918,
    13.740765153432758
  ]
}
