{
  "type": "FeatureCollection",
  "features": [
    {
      "type": "Feature",
      "properties": {
        "id": "c62853cc-11ae-4164-aa7b-5e89f2d7a9b6",
        "name": "sketch82-0"
      },
      "geometry": {
        "type": "Polygon",
        "coordinates": [
          [
            [
              162.81627301441216,
              11.997188027175497
            ],
            [
              162.6727330419539,
              11.853385544005166
            ],
            [
              162.5872431981137,
              11.711296703325553
            ],
            [
              162.8086904920459,
              11.462865764687155
            ],
            [
              162.49691216290347,
              11.669488590686806
            ],
            [
              162.64900326804118,
              11.34676611908809
            ],
            [
              162.61056710906806,
              11.278227398653815
            ],
            [
              162.47513671615255,
              11.542375245110245
            ],
            [
              162.18171152394547,
              11.652479668356584
            ],
            [
              162.2809926296732,
              11.835248113145946
            ],
            [
              162.81627301441216,
              11.997188027175497
            ]
          ]
        ]
      },
      "id": "c62853cc-11ae-4164-aa7b-5e89f2d7a9b6"
    },
    {
      "type": "Feature",
      "properties": {
        "id": "5637ba0e-9611-445c-aa85-d004edd9bbe4",
        "name": "sketch82-1"
      },
      "geometry": {
        "type": "Polygon",
        "coordinates": [
          [
            [
              152.43696721679075,
              0.5703139154418945
            ],
            [
              152.3859627727765,
              0.4317273259688974
            ],
            [
              152.425927727131,
              0.28251059499988807
            ],
            [
              152.4674950696597,
              0.13815026818138149
            ],
            [
              152.38464245946264,
              0.13931527388225776
            ],
            [
              152.30726043767825,
              0.15205729745396118
            ],
            [
              152.23305197390846,
              0.22736351579636327
            ],
            [
              152.1270735845389,
              0.3124150305200731
            ],
            [
              152.10926708265336,
              0.6834385788505866
            ],
            [
              152.28454404209484,
              0.5291053353230885
            ],
            [
              152.43696721679075,
              0.5703139154418945
            ]
          ]
        ]
      },
      "id": "5637ba0e-9611-445c-aa85-d004edd9bbe4"
    }
  ],
  "bbox": [
    152.10926708265336,
    0.13815026818138149,
    162.81627301441216,
    11.997188027175497
  ]
}
