{
  "type": "FeatureCollection",
  "features": [
    {
      "type": "Feature",
      "properties": {
        "id": "ed132d40-26b7-45ae-a9f3-d43501236a70",
        "name": "sketch276-0"
      },
      "geometry": {
        "type": "Polygon",
        "coordinates": [
          [
            [
              144.0795572887953,
              6.618468049382849
            ],
            [
              143.97212934873193,
              6.249016807378062
            ],
            [
              144.15392002243095,
              6.292971680635045
            ],
            [
              144.19670921259504,
              5.906458559662494
            ],
            [
              143.92910340207615,
              5.92489507435348
            ],
            [
              143.7503966933422,
              5.915887685966355
            ],
            [
              143.40171774658012,
              6.140633755186613
            ],
            [
              143.76427229689043,
              6.192086923864269
            ],
            [
              143.56717544318295,
              6.428164009667326
            ],
            [
              143.8581110211504,
              6.294613390270489
            ],
            [
              144.0795572887953,
              6.618468049382849
            ]
          ]
        ]
      },
      "id": "ed132d40-26b7-45ae-a9f3-d43501236a70"
    },
    {
      "type": "Feature",
      "properties": {
        "id": "1b12c27d-a0cf-4b9f-bd8f-e4f5aa7d8322",
        "name": "sketch276-1"
      },
      "geometry": {
        "type": "Polygon",
        "coordinates": [
          [
            [
              140.01274135665352,
              4.027058428201779
            ],
            [
              140.25764379135765,
              4.010141375952762
            ],
            [
              140.16298448759082,
              3.8139543273642937
            ],
            [
              140.03190934083722,
              3.7581162195197315
            ],
            [
              140.0506537387401,
              3.581017928707615
            ],
            [
              139.76508180042413,
              3.5762389568615585
            ],
            [
              139.7071676165597,
              3.7787539126691407
            ],
            [
              139.759062890828,
              3.8841952258182064
            ],
            [
              139.55561733452726,
              4.247334664093844
            ],
            [
              139.59521694123248,
              4.30233492432209
            ],
            [
              140.01274135665352,
              4.027058428201779
            ]
          ]
        ]
      },
      "id": "1b12c27d-a0cf-4b9f-bd8f-e4f5aa7d8322"
    },
    {
      "type": "Feature",
      "properties": {
        "id": "07ad5361-cca3-4c6f-b659-8d0e7660f70a",
        "name": "sketch276-2"
      },
      "geometry": {
        "type": "Polygon",
        "coordinates": [
          [
            [
              162.2117486732729,
              6.436782864481746
            ],
            [
              162.16979339156183,
              6.230784500752688
            ],
            [
              162.1912480562359,
              6.169798077507699
            ],
            [
              162.10328758163098,
              6.2247797389295
            ],
            [
              162.06479647885592,
              6.065119306203037
            ],
            [
              161.69371187040142,
              6.073702970419298
            ],
            [
              161.73101967874317,
              6.158544646707007
            ],
            [
              161.69467274084508,
              6.1668313305679625
            ],
            [
              161.8342888851618,
              6.469426741933606
            ],
            [
              162.07786723267398,
              6.416850379756058
            ],
            [
              162.2117486732729,
              6.436782864481746
            ]
          ]
        ]
      },
      "id": "07ad5361-cca3-4c6f-b659-8d0e7660f70a"
    },
    {
      "type": "Feature",
      "properties": {
        "id": "4b8a4e5c-96cb-4bf4-bd6f-c0ece97578df",
        "name": "sketch276-3"
      },
      "geometry": {
        "type": "Polygon",
        "coordinates": [
          [
            [
              140.70065275605322,
              12.673433412278623
            ],
            [
              140.88606333030643,
              12.601530224824035
            ],
            [
              141.00345534804964,
              12.582074770029072
            ],
            [
              140.98770307136445,
              12.314773577647987
            ],
            [
              140.6276254090811,
              12.137527665097744
            ],
            [
              140.5849044391506,
              12.0517325248354
            ],
            [
              140.6092403458348,
              12.350573201825874
            ],
            [
              140.26137434904598,
              12.427981666706918
            ],
            [
              140.58238070814733,
              12.587397021782092
            ],
            [
              140.55286497504594,
              12.734773031791676
            ],
            [
              140.70065275605322,
              12.673433412278623
            ]
          ]
        ]
      },
      "id": "4b8a4e5c-96cb-4bf4-bd6f-c0ece97578df"
    },
    {
      "type": "Feature",
      "properties": {
        "id": "d37f9d21-c7cc-4feb-b5f0-857408e1daad",
        "name": "sketch276-4"
      },
      "geometry": {
        "type": "Polygon",
        "coordinates": [
          [
            [
              144.91811676921742,
              6.1930562344522615
            ],
            [
              144.87706354569957,
              5.916067432562405
            ],
            [
              144.65756211683347,
              5.860919802920272
            ],
            [
              144.58246552168205,
              5.865118077546797
            ],
            [
              144.6200080879097,
              5.798123105372326
            ],
            [
              144.44482058722448,
              5.486814599872651
            ],
            [
              144.26511855938935,
              5.687226975344917
            ],
            [
              144.3780666893633,
              5.867446948056875
            ],
            [
              144.1569031066344,
              6.043595880540681
            ],
            [
              144.52078793229384,
              5.974362013321267
            ],
            [
              144.91811676921742,
              6.1930562344522615
            ]
          ]
        ]
      },
      "id": "d37f9d21-c7cc-4feb-b5f0-857408e1daad"
    },
    {
      "type": "Feature",
      "properties": {
        "id": "f5673e27-0b75-484d-954d-5d9cbc18f7fc",
        "name": "sketch276-5"
      },
      "geometry": {
        "type": "Polygon",
        "coordinates": [
          [
            [
              142.90739528415622,
              1.2416532079159128
            ],
            [
              143.27385969645516,
              1.240255113814187
            ],
            [
              142.87463170089916,
              1.1803949135467762
            ],
            [
              142.82913421644645,
              0.8758476315166792
            ],
            [
              142.67556965530247,
              0.978401353987545
            ],
            [
              142.8382267408539,
              1.213748636138682
            ],
            [
              142.4692341079419,
              1.120994770167876
            ],
            [
              142.6309511091347,
              1.1660892355082892
            ],
            [
              142.41385704600688,
              1.2084334246155708
            ],
            [
              142.7306223156676,
              1.29586532651368
            ],
            [
              142.90739528415622,
              1.2416532079159128
            ]
          ]
        ]
      },
      "id": "f5673e27-0b75-484d-954d-5d9cbc18f7fc"
    }
  ],
  "bbox": [
    139.55561733452726,
    0.8758476315166792,
    162.2117486732729,
    12.734773031791676
  ]
}
