{
  "type": "FeatureCollection",
  "features": [
    {
      "type": "Feature",
      "properties": {
        "id": "d77b1b6d-6619-4dcf-bd15-5ffb5912842c",
        "name": "sketch102-0"
      },
      "geometry": {
        "type": "Polygon",
        "coordinates": [
          [
            [
              163.18084009672077,
              5.652908812045701
            ],
            [
              163.23720023058843,
              5.495514754335525
            ],
            [
              163.13381301362182,
              5.252404239944862
            ],
            [
              163.27180423449227,
              5.235944409719651
            ],
            [
              163.20054670403965,
              5.108924513646806
            ],
            [
              163.11289754865533,
              5.160076558875042
            ],
            [
              163.04888142551104,
              5.162033867783215
            ],
            [
              162.7043045820593,
              5.273276937083014
            ],
            [
              162.7481769139579,
              5.442233916986111
            ],
            [
              163.07777999951423,
              5.654449322291437
            ],
            [
              163.18084009672077,
              5.652908812045701
            ]
          ]
        ]
      },
      "id": "d77b1b6d-6619-4dcf-bd15-5ffb5912842c"
    },
    {
      "type": "Feature",
      "properties": {
        "id": "e758cc31-3907-4836-9a33-0f3065f91e5a",
        "name": "sketch102-1"
      },
      "geometry": {
        "type": "Polygon",
        "coordinates": [
          [
            [
              136.00275457263743,
              0.943034649804127
            ],
            [
              136.2360441460892,
              1.058105546072613
            ],
            [
              136.18614085005706,
              1.0244279999688108
            ],
            [
              136.41229599591242,
              1.1038234191888185
            ],
            [
              136.3852642908546,
              0.986622039630289
            ],
            [
              136.36823550242113,
              0.6121626635726776
            ],
            [
              136.0920251503076,
              0.7148371427666582
            ],
            [
              135.72718875531595,
              0.5931536546172926
            ],
            [
              135.7991377404181,
              0.9153566695149631
            ],
            [
              135.7916245686485,
              1.2281971582888103
            ],
            [
              136.00275457263743,
              0.943034649804127
            ]
          ]
        ]
      },
      "id": "e758cc31-3907-4836-9a33-0f3065f91e5a"
    }
  ],
  "bbox": [
    135.72718875531595,
    0.5931536546172926,
    163.27180423449227,
    5.654449322291437
  ]
}
