{
  "type": "FeatureCollection",
  "features": [
    {
      "type": "Feature",
      "properties": {
        "id": "2061a829-8acb-4274-bb2f-685b5b658cc8",
        "name": "sketch409-0"
      },
      "geometry": {
        "type": "Polygon",
        "coordinates": [
          [
            [
              156.10819040246605,
              13.328379838593015
            ],
            [
              156.11359208389163,
              13.225650422169982
            ],
            [
              156.26314422204052,
              13.269376849935718
            ],
            [
              156.48582585587508,
              13.040910393012808
            ],
            [
              156.09949570190594,
              12.770385600314402
            ],
            [
              156.05556456729855,
              13.14841580581973
            ],
            [
              155.82946919899564,
              13.141665609416448
            ],
            [
              155.75761741227404,
              13.17930793926336
            ],
            [
              156.0961096410257,
              13.228092866322998
            ],
            [
              156.06490818282333,
              13.637508776438684
            ],
            [
              156.10819040246605,
              13.328379838593015
            ]
          ]
        ]
      },
      "id": "2061a829-8acb-4274-bb2f-685b5b658cc8"
    },
    {
      "type": "Feature",
      "properties": {
        "id": "8811159a-1ab5-402f-8d9d-80a77960b723",
        "name": "sketch409-1"
      },
      "geometry": {
        "type": "Polygon",
        "coordinates": [
          [
            [
              150.41835577820473,
              1.3877937018138993
            ],
            [
              150.60603775235793,
              1.4630028816353562
            ],
            [
              150.41177713498286,
              1.264761938598505
            ],
            [
              150.31388178959085,
              1.1059459953200634
            ],
            [
              150.13609134549526,
              0.8580673023157481
            ],
            [
              149.8233714950407,
              0.9502178243726677
            ],
            [
              149.82896400282738,
              1.14485813084434
            ],
            [
              149.92804456277096,
              1.3413286141803278
            ],
            [
              150.04836054770854,
              1.4080804969994836
            ],
            [
              150.19057523404447,
              1.3095744526057769
            ],
            [
              150.41835577820473,
              1.3877937018138993
            ]
          ]
        ]
      },
      "id": "8811159a-1ab5-402f-8d9d-80a77960b723"
    },
    {
      "type": "Feature",
      "properties": {
        "id": "844e502b-0b41-4a06-ab7d-952cc5d2c2a5",
        "name": "sketch409-2"
      },
      "geometry": {
        "type": "Polygon",
        "coordinates": [
          [
            [
              164.16248384894342,
              6.157001421006923
            ],
            [
              164.16571884981178,
              6.127220615985999
            ],
            [
              164.2772408144619,
              6.19704953567323
            ],
            [
              164.5434478852612,
              6.322608274911981
            ],
            [
              164.19261819363342,
              6.13098145695312
            ],
            [
              164.5944087018393,
              6.014626184759173
            ],
            [
              164.3743523281152,
              5.733149971158824
            ],
            [
              164.151289431002,
              5.861803477159632
            ],
            [
              163.94288378727222,
              6.006561447053691
            ],
            [
              163.8232451916075,
              6.220102548788461
            ],
            [
              164.16248384894342,
              6.157001421006923
            ]
          ]
        ]
      },
      "id": "844e502b-0b41-4a06-ab7d-952cc5d2c2a5"
    },
    {
      "type": "Feature",
      "properties": {
        "id": "d408997c-9afa-410d-8adb-1b7973673f7a",
        "name": "sketch409-3"
      },
      "geometry": {
        "type": "Polygon",
        "coordinates": [
          [
            [
              141.40781502023822,
              3.747584848467845
            ],
            [
              141.3637596931234,
              3.5268376853885135
            ],
            [
              141.5247074141134,
              3.4044480410085423
            ],
            [
              141.3603837122662,
              3.415347251749199
            ],
            [
              141.33170923468853,
              3.420254960036741
            ],
            [
              140.96401408558273,
              3.313055745937839
            ],
            [
              141.2117431419718,
              3.4821251000941738
            ],
            [
              141.31863995765565,
              3.515889921764289
            ],
            [
              141.0716761859666,
              3.6126321903101912
            ],
            [
              141.0633722303889,
              3.904980457482627
            ],
            [
              141.40781502023822,
              3.747584848467845
            ]
          ]
        ]
      },
      "id": "d408997c-9afa-410d-8adb-1b7973673f7a"
    },
    {
      "type": "Feature",
      "properties": {
        "id": "1924f7e7-d6d5-427d-bedd-432745c14efc",
        "name": "sketch409-4"
      },
      "geometry": {
        "type": "Polygon",
        "coordinates": [
          [
            [
              155.25439306491768,
              2.7252513318529306
            ],
            [
              155.2927868259734,
              2.628649215662874
            ],
            [
              155.40875908590587,
              2.439746709978905
            ],
            [
              155.19815347232222,
              2.2639090654553318
            ],
            [
              155.37935968647045,
              1.8832880838909034
            ],
            [
              155.1204395964988,
              1.9075071281278446
            ],
            [
              154.89445921325657,
              1.9097030222240365
            ],
            [
              154.83769743952735,
              2.2909109035057003
            ],
            [
              155.10093253543965,
              2.282106301200191
            ],
            [
              155.00883888535463,
              2.4296460379876184
            ],
            [
              155.25439306491768,
              2.7252513318529306
            ]
          ]
        ]
      },
      "id": "1924f7e7-d6d5-427d-bedd-432745c14efc"
    },
    {
      "type": "Feature",
      "properties": {
        "id": "4231bf6e-c4ce-4c5e-81ff-4e38089d9eb6",
        "name": "sketch409-5"
      },
      "geometry": {
        "type": "Polygon",
        "coordinates": [
          [
            [
              140.11998575385974,
              11.876623259897793
            ],
            [
              140.19655852421397,
              11.901251041183915
            ],
            [
              140.27535528631245,
              11.666173086796844
            ],
            [
              140.21807239056656,
              11.398422484032796
            ],
            [
              139.89448296856546,
              11.643678856893722
            ],
            [
              139.86292266148283,
              11.674014772100557
            ],
            [
              139.85088044449557,
              11.70806821858045
            ],
            [
              139.9048369864438,
              11.712557485546805
            ],
            [
              139.92876293706297,
              11.713691333923652
            ],
            [
              139.90113606727436,
              11.905190475746082
            ],
            [
              140.11998575385974,
              11.876623259897793
            ]
          ]
        ]
      },
      "id": "4231bf6e-c4ce-4c5e-81ff-4e38089d9eb6"
    },
    {
      "type": "Feature",
      "properties": {
        "id": "2ee61d19-cccb-4cab-9cff-5bb090eada48",
        "name": "sketch409-6"
      },
      "geometry": {
        "type": "Polygon",
        "coordinates": [
          [
            [
              156.8683006956211,
              12.72242438037701
            ],
            [
              156.97678232240935,
              12.426530985569459
            ],
            [
              156.81901509337405,
              12.443727048971551
            ],
            [
              156.9059093352784,
              12.13558102858201
            ],
            [
              156.74745027265544,
              12.297992094128478
            ],
            [
              156.70193871072158,
              12.318035523666195
            ],
            [
              156.76423340290253,
              12.470663567104163
            ],
            [
              156.75499125180798,
              12.46905347334072
            ],
            [
              156.52801136388743,
              12.658330197031308
            ],
            [
              156.73389512489982,
              12.688884226294089
            ],
            [
              156.8683006956211,
              12.72242438037701
            ]
          ]
        ]
      },
      "id": "2ee61d19-cccb-4cab-9cff-5bb090eada48"
    },
    {
      "type": "Feature",
      "properties": {
        "id": "2a45abca-97f7-4811-b5e9-5e112fedecf1",
        "name": "sketch409-7"
      },
      "geometry": {
        "type": "Polygon",
        "coordinates": [
          [
            [
              152.63830845858087,
              8.047883210515916
            ],
            [
              152.48320832691866,
              7.68878476055068
            ],
            [
              152.63633476386929,
              7.657646848408178
            ],
            [
              152.78060252240795,
              7.503310465371771
            ],
            [
              152.6070789371031,
              7.40338991773779
            ],
            [
              152.4666557003291,
              7.372629000984987
            ],
            [
              152.37595189863205,
              7.615099277913335
            ],
            [
              152.06848716889806,
              7.902938645889545
            ],
            [
              152.33593710343857,
              8.007864459864585
            ],
            [
              152.4609128172852,
              7.834535256029655
            ],
            [
              152.63830845858087,
              8.047883210515916
            ]
          ]
        ]
      },
      "id": "2a45abca-97f7-4811-b5e9-5e112fedecf1"
    },
    {
      "type": "Feature",
      "properties": {
        "id": "1bdcf799-087e-4372-a274-12987dc9229c",
        "name": "sketch409-8"
      },
      "geometry": {
        "type": "Polygon",
        "coordinates": [
          [
            [
              140.0644501500928,
              7.935587281781947
            ],
            [
              140.204290901688,
              7.868814468978632
            ],
            [
              140.3398699591491,
              7.743833137638599
            ],
            [
              140.17423454170537,
              7.698312914658826
            ],
            [
              140.0378678825955,
              7.816713314974062
            ],
            [
              139.83514087885655,
              7.606395289994832
            ],
            [
              139.57809665328853,
              7.886025749017581
            ],
            [
              139.79502298871387,
              8.079423308714322
            ],
            [
              139.6788732963916,
              8.232794559643377
            ],
            [
              139.90065204942016,
              8.29768631209246
            ],
            [
              140.0644501500928,
              7.935587281781947
            ]
          ]
        ]
      },
      "id": "1bdcf799-087e-4372-a274-12987dc9229c"
    }
  ],
  "bbox": [
    139.57809665328853,
    0.8580673023157481,
    164.5944087018393,
    13.637508776438684
  ]
}
