{
  "type": "FeatureCollection",
  "features": [
    {
      "type": "Feature",
      "properties": {
        "id": "8c897f07-350e-4861-8fda-1a758c210d25",
        "name": "sketch58-0"
      },
      "geometry": {
        "type": "Polygon",
        "coordinates": [
          [
            [
              141.5398449150974,
              3.04483442900131
            ],
            [
              141.95969381291263,
              3.2596448473357187
            ],
            [
              141.8965098540317,
              3.0648324899935093
            ],
            [
              141.9092167549946,
              2.7937812246983857
            ],
            [
              141.57469277463898,
              2.9821111926971464
            ],
            [
              141.4444440574738,
              2.538991919810479
            ],
            [
              141.4140613465008,
              2.8747350584059443
            ],
            [
              141.46633638603754,
              2.9728108077379773
            ],
            [
              141.21262252964854,
              3.1169983275920865
            ],
            [
              141.47784882696786,
              3.0985610184452526
            ],
            [
              141.5398449150974,
              3.04483442900131
            ]
          ]
        ]
      },
      "id": "8c897f07-350e-4861-8fda-1a758c210d25"
    },
    {
      "type": "Feature",
      "properties": {
        "id": "5de70fd5-234a-46c9-b3ee-84715973b121",
        "name": "sketch58-1"
      },
      "geometry": {
        "type": "Polygon",
        "coordinates": [
          [
            [
              164.55336366762313,
              0.6348951338543536
            ],
            [
              164.69399993566364,
              0.5280276090188831
            ],
            [
              164.68224305442007,
              0.3948620572627345
            ],
            [
              164.7748414288823,
              0.3602027963663943
            ],
            [
              164.6516651955362,
              0.3127643867352552
            ],
            [
              164.522891292938,
              0.16014217319623242
            ],
            [
              164.37874208117756,
              0.2973607673715586
            ],
            [
              164.4704822289872,
              0.46041666958126776
            ],
            [
              164.11479086170024,
              0.5524262686960547
            ],
            [
              164.39423870190492,
              0.9505192540292373
            ],
            [
              164.55336366762313,
              0.6348951338543536
            ]
          ]
        ]
      },
      "id": "5de70fd5-234a-46c9-b3ee-84715973b121"
    },
    {
      "type": "Feature",
      "properties": {
        "id": "71ac8997-ea46-45cb-ab98-4243c8237468",
        "name": "sketch58-2"
      },
      "geometry": {
        "type": "Polygon",
        "coordinates": [
          [
            [
              147.59342591585175,
              11.570058240846901
            ],
            [
              147.52719748995008,
              11.42613626017455
            ],
            [
              147.30734569932457,
              11.354803289190158
            ],
            [
              147.1959668165465,
              11.308272937018849
            ],
            [
              147.19910242379854,
              11.135681004671378
            ],
            [
              147.11678966881445,
              11.11723241687021
            ],
            [
              146.97501726441232,
              11.041822215865343
            ],
            [
              147.16146070091204,
              11.311730922847767
            ],
            [
              146.9939752862931,
              11.425543512784758
            ],
            [
              147.130054264171,
              11.580955348351033
            ],
            [
              147.59342591585175,
              11.570058240846901
            ]
          ]
        ]
      },
      "id": "71ac8997-ea46-45cb-ab98-4243c8237468"
    },
    {
      "type": "Feature",
      "properties": {
        "id": "009573c9-1a9c-47e4-86e3-3d197381d50d",
        "name": "sketch58-3"
      },
      "geometry": {
        "type": "Polygon",
        "coordinates": [
          [
            [
              163.11357703762553,
              11.379083507987565
            ],
            [
              163.03194752217436,
              11.0668298179089
            ],
            [
              163.13874788839556,
              10.946880910076782
            ],
            [
              163.2838590748932,
              10.776611797421785
            ],
            [
              162.96474015552047,
              10.828333888439712
            ],
            [
              162.70054524348325,
              10.728964747210991
            ],
            [
              162.70952644868467,
              10.743660565812641
            ],
            [
              162.74156561072562,
              10.910224348809626
            ],
            [
              162.9285727262104,
              10.978670419407493
            ],
            [
              162.74880589242426,
              11.371472078716055
            ],
            [
              163.11357703762553,
              11.379083507987565
            ]
          ]
        ]
      },
      "id": "009573c9-1a9c-47e4-86e3-3d197381d50d"
    },
    {
      "type": "Feature",
      "properties": {
        "id": "5effc932-374e-4f7b-9a1d-2bb0c88af294",
        "name": "sketch58-4"
      },
      "geometry": {
        "type": "Polygon",
        "coordinates": [
          [
            [
              135.73234049399773,
              5.5958336571430145
            ],
            [
              135.75235000311378,
              5.596366621485702
            ],
            [
              136.21922043945767,
              5.519447773230423
            ],
            [
              135.88973408749,
              5.562860798885079
            ],
            [
              135.90704895617077,
              5.442792939835762
            ],
            [
              135.7442723843097,
              5.3753293229431724
            ],
            [
              135.38368193883602,
              5.282786307341089
            ],
            [
              135.34307321637297,
              5.679978861744251
            ],
            [
              135.4061927218613,
              5.677057642748418
            ],
            [
              135.55102307834892,
              5.90745441605026
            ],
            [
              135.73234049399773,
              5.5958336571430145
            ]
          ]
        ]
      },
      "id": "5effc932-374e-4f7b-9a1d-2bb0c88af294"
    },
    {
      "type": "Feature",
      "properties": {
        "id": "27dccccf-9cbf-49b6-baf1-8efe4b682fed",
        "name": "sketch58-5"
      },
      "geometry": {
        "type": "Polygon",
        "coordinates": [
          [
            [
              152.89568937156758,
              0.1208372716193028
            ],
            [
              153.10408984575116,
              0.11426351175886271
            ],
            [
              152.7198169803243,
              -0.08451030232530958
            ],
            [
              152.7320816468678,
              -0.1542066842250751
            ],
            [
              152.64253453158227,
              -0.21616645755003824
            ],
            [
              152.3877224709423,
              -0.18919868727638894
            ],
            [
              152.35223110792393,
              -0.09308564904248229
            ],
            [
              152.31677986314548,
              0.14703275689480344
            ],
            [
              152.60156305444517,
              -0.05116532370834205
            ],
            [
              152.47593081185107,
              0.30406936608555957
            ],
            [
              152.89568937156758,
              0.1208372716193028
            ]
          ]
        ]
      },
      "id": "27dccccf-9cbf-49b6-baf1-8efe4b682fed"
    },
    {
      "type": "Feature",
      "properties": {
        "id": "95f63f33-d039-40e5-986d-2cf732b5158a",
        "name": "sketch58-6"
      },
      "geometry": {
        "type": "Polygon",
        "coordinates": [
          [
            [
              137.158894730137,
              5.926205770700439
            ],
            [
              137.22696500165185,
              5.98039778247976
            ],
            [
              137.43162616526877,
              6.012634563006751
            ],
            [
              137.14246950211376,
              5.802831618256527
            ],
            [
              137.3861000583221,
              5.633870723086777
            ],
            [
              137.12885569286567,
              5.709703609441726
            ],
            [
              137.08207328449316,
              5.743126539151696
            ],
            [
              136.75631413602244,
              5.622420605876729
            ],
            [
              137.026008053825,
              5.8058205871736694
            ],
            [
              137.02773186470503,
              6.031851937999974
            ],
            [
              137.158894730137,
              5.926205770700439
            ]
          ]
        ]
      },
      "id": "95f63f33-d039-40e5-986d-2cf732b5158a"
    },
    {
      "type": "Feature",
      "properties": {
        "id": "93c4d865-e7f0-4438-99d2-bfeb78b34133",
        "name": "sketch58-7"
      },
      "geometry": {
        "type": "Polygon",
        "coordinates": [
          [
            [
              156.51750180193747,
              7.973425066526838
            ],
            [
              156.39431900869403,
              7.704598772315404
            ],
            [
              156.30194268605936,
              7.693584984717681
            ],
            [
              156.3043538065184,
              7.690358833483448
            ],
            [
              156.3090583045031,
              7.624557170250515
            ],
            [
              156.3109849337544,
              7.357646788498998
            ],
            [
              156.1186832218029,
              7.2502339671120675
            ],
            [
              156.04137259094142,
              7.676955154446557
            ],
            [
              156.20115045892726,
              7.84457327770281
            ],
            [
              156.11627683888895,
              8.011118295626206
            ],
            [
              156.51750180193747,
              7.973425066526838
            ]
          ]
        ]
      },
      "id": "93c4d865-e7f0-4438-99d2-bfeb78b34133"
    }
  ],
  "bbox": [
    135.34307321637297,
    -0.21616645755003824,
    164.7748414288823,
    11.580955348351033
  ]
}
