{
  "type": "FeatureCollection",
  "features": [
    {
      "type": "Feature",
      "properties": {
        "id": "db446d95-6184-4746-b54d-7e53bbc1bc63",
        "name": "sketch297-0"
      },
      "geometry": {
        "type": "Polygon",
        "coordinates": [
          [
            [
              143.53445068867688,
              12.436527026155018
            ],
            [
              143.82203734999788,
              12.407133102323952
            ],
            [
              143.52162993309008,
              12.304282201053832
            ],
            [
              143.44851356707412,
              12.285428377753737
            ],
            [
              143.3827313593729,
              12.231005333522406
            ],
            [
              143.27535741103586,
              11.961112287946005
            ],
            [
              143.27229207280072,
              12.378900952304933
            ],
            [
              143.22023248356555,
              12.598942249386361
            ],
            [
              143.11316245067297,
              12.745600237188068
            ],
            [
              143.1973771885351,
              12.695425335430821
            ],
            [
              143.53445068867688,
              12.436527026155018
            ]
          ]
        ]
      },
      "id": "db446d95-6184-4746-b54d-7e53bbc1bc63"
    },
    {
      "type": "Feature",
      "properties": {
        "id": "8bbf1e5a-7a40-444d-a397-95148395b0eb",
        "name": "sketch297-1"
      },
      "geometry": {
        "type": "Polygon",
        "coordinates": [
          [
            [
              142.86766951000826,
              12.59587691640113
            ],
            [
              142.82917391624585,
              12.534083057513312
            ],
            [
              143.0746701476749,
              12.616230398573245
            ],
            [
              143.00901691105733,
              12.210562063362676
            ],
            [
              142.85262960419524,
              12.149162833001979
            ],
            [
              142.49138663781955,
              12.132131179986155
            ],
            [
              142.45516512032256,
              12.084886252856593
            ],
            [
              142.594236981292,
              12.393650282538392
            ],
            [
              142.2591237727963,
              12.373494432589078
            ],
            [
              142.4279252636486,
              12.523794913654074
            ],
            [
              142.86766951000826,
              12.59587691640113
            ]
          ]
        ]
      },
      "id": "8bbf1e5a-7a40-444d-a397-95148395b0eb"
    },
    {
      "type": "Feature",
      "properties": {
        "id": "b531a50e-cd9b-47e8-91ae-e9624977ff90",
        "name": "sketch297-2"
      },
      "geometry": {
        "type": "Polygon",
        "coordinates": [
          [
            [
              160.8534023547187,
              1.5537389926389098
            ],
            [
              160.96619824446287,
              1.3317603954026924
            ],
            [
              161.00744375921153,
              1.072884505814613
            ],
            [
              161.07904478490124,
              0.8749092807014619
            ],
            [
              160.83879272741333,
              0.9733710025151159
            ],
            [
              160.8135292314269,
              1.0526329971390043
            ],
            [
              160.7125411002934,
              0.9372765671264353
            ],
            [
              160.34439584861127,
              0.9869456461782733
            ],
            [
              160.75494495875867,
              1.0834121987688459
            ],
            [
              160.79136992599425,
              1.1998147557727736
            ],
            [
              160.8534023547187,
              1.5537389926389098
            ]
          ]
        ]
      },
      "id": "b531a50e-cd9b-47e8-91ae-e9624977ff90"
    },
    {
      "type": "Feature",
      "properties": {
        "id": "99743e0d-1712-4767-add7-671a92dd5f79",
        "name": "sketch297-3"
      },
      "geometry": {
        "type": "Polygon",
        "coordinates": [
          [
            [
              140.11723881783485,
              10.413870149896406
            ],
            [
              140.1683101561536,
              10.346967213941785
            ],
            [
              140.196910768261,
              10.04277603979679
            ],
            [
              140.1836395881071,
              9.989501139737374
            ],
            [
              139.86254411893475,
              9.803859036592982
            ],
            [
              139.55571214901778,
              9.739439022756933
            ],
            [
              139.71012211607675,
              10.159440318622707
            ],
            [
              139.64396107880805,
              10.238789047668336
            ],
            [
              139.67000694727142,
              10.23386614156295
            ],
            [
              139.54355990712978,
              10.45075019267215
            ],
            [
              140.11723881783485,
              10.413870149896406
            ]
          ]
        ]
      },
      "id": "99743e0d-1712-4767-add7-671a92dd5f79"
    },
    {
      "type": "Feature",
      "properties": {
        "id": "91c96482-8ea0-438c-862b-0f7b7356a6ac",
        "name": "sketch297-4"
      },
      "geometry": {
        "type": "Polygon",
        "coordinates": [
          [
            [
              165.72278207947906,
              0.7171177520393639
            ],
            [
              165.6974562401571,
              0.3014971306929465
            ],
            [
              165.578509128572,
              0.24991857343226725
            ],
            [
              165.5463855628805,
              0.21205429051274965
            ],
            [
              165.5389660139242,
              0.14624436693138154
            ],
            [
              165.52584447981445,
              0.2552865277387987
            ],
            [
              165.37053422415588,
              -0.03995550854331681
            ],
            [
              165.39429401947785,
              0.10124404405576073
            ],
            [
              165.07056738686273,
              0.1876706435045359
            ],
            [
              165.18906621195268,
              0.5841650351866792
            ],
            [
              165.72278207947906,
              0.7171177520393639
            ]
          ]
        ]
      },
      "id": "91c96482-8ea0-438c-862b-0f7b7356a6ac"
    },
    {
      "type": "Feature",
      "properties": {
        "id": "7986371c-4886-40c4-90f3-d018efcde017",
        "name": "sketch297-5"
      },
      "geometry": {
        "type": "Polygon",
        "coordinates": [
          [
            [
              138.26173267361258,
              1.6822164674093802
            ],
            [
              138.4524267199116,
              1.8227928042025747
            ],
            [
              138.30565344582087,
              1.626442419240061
            ],
            [
              138.3709945490398,
              1.5783807780351031
            ],
            [
              138.33129886483016,
              1.479536322461341
            ],
            [
              138.2593768738546,
              1.5882946191336864
            ],
            [
              138.18334286966524,
              1.2386810842694014
            ],
            [
              137.98151705411135,
              1.5386566120543836
            ],
            [
              137.99109888187382,
              1.6637081601929757
            ],
            [
              138.04616644011043,
              1.9349156153473155
            ],
            [
              138.26173267361258,
              1.6822164674093802
            ]
          ]
        ]
      },
      "id": "7986371c-4886-40c4-90f3-d018efcde017"
    },
    {
      "type": "Feature",
      "properties": {
        "id": "9b1eb566-25aa-4a8e-adf1-72b404c75932",
        "name": "sketch297-6"
      },
      "geometry": {
        "type": "Polygon",
        "coordinates": [
          [
            [
              141.53750372379895,
              -0.016227686120000986
            ],
            [
              141.8383962133624,
              0.036548257456667746
            ],
            [
              141.83664116788464,
              -0.30922773502615153
            ],
            [
              141.5790149769984,
              -0.1911961870137695
            ],
            [
              141.55859250018753,
              -0.329262194494455
            ],
            [
              141.57419133145646,
              -0.5050508037096673
            ],
            [
              141.41633528092288,
              -0.21201156071734464
            ],
            [
              141.06494592318424,
              -0.3564402328995372
            ],
            [
              141.3393778570631,
              -0.03002839987899909
            ],
            [
              141.24880772987237,
              0.248214983959339
            ],
            [
              141.53750372379895,
              -0.016227686120000986
            ]
          ]
        ]
      },
      "id": "9b1eb566-25aa-4a8e-adf1-72b404c75932"
    }
  ],
  "bbox": [
    137.98151705411135,
    -0.5050508037096673,
    165.72278207947906,
    12.745600237188068
  ]
}
