{
  "type": "FeatureCollection",
  "features": [
    {
      "type": "Feature",
      "properties": {
        "id": "c9d4a231-c529-42cb-aa85-b81aac6c9f98",
        "name": "sketch475-0"
      },
      "geometry": {
        "type": "Polygon",
        "coordinates": [
          [
            [
              140.5061783630926,
              11.890017898442746
            ],
            [
              140.89192165926403,
              11.891688739596816
            ],
            [
              140.89048058361774,
              11.80583067309239
            ],
            [
              140.6158273707093,
              11.627739177807603
            ],
            [
              140.59041599551614,
              11.51943894146517
            ],
            [
              140.44316126288254,
              11.385845155959046
            ],
            [
              140.09177534241465,
              11.451998120106069
            ],
            [
              140.22427004509134,
              11.799775936624455
            ],
            [
              140.36816267128887,
              11.873618809008054
            ],
            [
              140.39473911228242,
              12.02868907440916
            ],
            [
              140.5061783630926,
              11.890017898442746
            ]
          ]
        ]
      },
      "id": "c9d4a231-c529-42cb-aa85-b81aac6c9f98"
    },
    {
      "type": "Feature",
      "properties": {
        "id": "df647025-eac5-4439-89ef-a48ed8706fec",
        "name": "sketch475-1"
      },
      "geometry": {
        "type": "Polygon",
        "coordinates": [
          [
            [
              140.08624565267263,
              7.58941112099815
            ],
            [
              140.30110420381308,
              7.703270737018604
            ],
            [
              140.17332331988172,
              7.555960892170412
            ],
            [
              140.0541725524379,
              7.528985083967199
            ],
            [
              140.14928427868713,
              7.3111088880957595
            ],
            [
              139.77399153868,
              7.179390435561575
            ],
            [
              139.7885684607386,
              7.537052767466044
            ],
            [
              139.9710250686995,
              7.533822952108983
            ],
            [
              139.6299989676147,
              7.737549474666523
            ],
            [
              139.9806303220754,
              7.643546443744633
            ],
            [
              140.08624565267263,
              7.58941112099815
            ]
          ]
        ]
      },
      "id": "df647025-eac5-4439-89ef-a48ed8706fec"
    },
    {
      "type": "Feature",
      "properties": {
        "id": "6417b0f7-d49a-409d-a60c-22bcafc6188b",
        "name": "sketch475-2"
      },
      "geometry": {
        "type": "Polygon",
        "coordinates": [
          [
            [
              157.86837075400177,
              8.344864105142127
            ],
            [
              157.85462543630229,
              8.261435534716137
            ],
            [
              158.04922764495024,
              8.211980018788733
            ],
            [
              157.93391980338086,
              8.1304092636814
            ],
            [
              157.96301050798908,
              7.778696678985307
            ],
            [
              157.6292166151956,
              7.776173715082654
            ],
            [
              157.44449900426244,
              8.041052038158572
            ],
            [
              157.3110693147505,
              8.193924725448204
            ],
            [
              157.6707309840433,
              8.256028871907297
            ],
            [
              157.65028319043662,
              8.662158354933576
            ],
            [
              157.86837075400177,
              8.344864105142127
            ]
          ]
        ]
      },
      "id": "6417b0f7-d49a-409d-a60c-22bcafc6188b"
    },
    {
      "type": "Feature",
      "properties": {
        "id": "52455d40-fd4f-4842-871c-9fc7ee972f9c",
        "name": "sketch475-3"
      },
      "geometry": {
        "type": "Polygon",
        "coordinates": [
          [
            [
              164.65495092347425,
              -0.46524660250517014
            ],
            [
              164.63742884694977,
              -0.5569313855781325
            ],
            [
              164.78923905144828,
              -0.869909957369956
            ],
            [
              164.58262024024023,
              -0.8124919517340263
            ],
            [
              164.56707582230928,
              -0.9556247017393372
            ],
            [
              164.50001649738772,
              -0.6710693414325563
            ],
            [
              164.26826323745425,
              -0.7588943823232912
            ],
            [
              164.31778474136235,
              -0.4998292928115513
            ],
            [
              164.36142630917215,
              -0.3546558219346656
            ],
            [
              164.52206758118538,
              -0.28560332021847296
            ],
            [
              164.65495092347425,
              -0.46524660250517014
            ]
          ]
        ]
      },
      "id": "52455d40-fd4f-4842-871c-9fc7ee972f9c"
    },
    {
      "type": "Feature",
      "properties": {
        "id": "79cfaafb-8fbd-4a22-8271-5862c1170ba9",
        "name": "sketch475-4"
      },
      "geometry": {
        "type": "Polygon",
        "coordinates": [
          [
            [
              152.7775378821703,
              7.070077532852696
            ],
            [
              152.90533051392126,
              7.07562099940109
            ],
            [
              152.94835048596633,
              6.963769314935422
            ],
            [
              152.85823053766478,
              6.854993148501324
            ],
            [
              152.95153474786824,
              6.790195868138377
            ],
            [
              152.8130638374287,
              6.6536154130948955
            ],
            [
              152.82451888263293,
              6.524124339653218
            ],
            [
              152.6710249628624,
              6.380973393457889
            ],
            [
              152.623715732142,
              6.76182694692902
            ],
            [
              152.4916993510714,
              6.880269539861999
            ],
            [
              152.7775378821703,
              7.070077532852696
            ]
          ]
        ]
      },
      "id": "79cfaafb-8fbd-4a22-8271-5862c1170ba9"
    }
  ],
  "bbox": [
    139.6299989676147,
    -0.9556247017393372,
    164.78923905144828,
    12.02868907440916
  ]
}
