{
  "type": "FeatureCollection",
  "features": [
    {
      "type": "Feature",
      "properties": {
        "id": "ef301ca2-2ae4-4df9-86d5-611549a18a2b",
        "name": "sketch94-0"
      },
      "geometry": {
        "type": "Polygon",
        "coordinates": [
          [
            [
              165.27631628787927,
              5.908192763540831
            ],
            [
              165.06815482991254,
              5.768397072730528
            ],
            [
              165.06493225029436,
              5.73970546174922
            ],
            [
              165.35536444726947,
              5.509284671005888
            ],
            [
              165.03447329425944,
              5.52934498662592
            ],
            [
              164.83202045516325,
              5.287386015616412
            ],
            [
              164.9176122168684,
              5.664431229121521
            ],
            [
              164.68387691492194,
              5.592711727637854
            ],
            [
              164.92959058568874,
              5.732245362463039
            ],
            [
              164.83137274690384,
              5.807098144587121
            ],
            [
              165.27631628787927,
              5.908192763540831
            ]
          ]
        ]
      },
      "id": "ef301ca2-2ae4-4df9-86d5-611549a18a2b"
    },
    {
      "type": "Feature",
      "properties": {
        "id": "32251158-587c-46df-b540-7f03a9e76a21",
        "name": "sketch94-1"
      },
      "geometry": {
        "type": "Polygon",
        "coordinates": [
          [
            [
              136.94405700955133,
              2.9396382189461483
            ],
            [
              137.0214004257012,
              2.834139781227373
            ],
            [
              137.13697627489947,
              2.6025120447731327
            ],
            [
              137.09741908353774,
              2.3928351405224975
            ],
            [
              136.9271188038288,
              2.237689103920909
            ],
            [
              136.60975480961736,
              2.329041464550042
            ],
            [
              136.48598507126337,
              2.492815236033735
            ],
            [
              136.79555267392945,
              2.6557415614714803
            ],
            [
              136.77298045609393,
              2.667717612680468
            ],
            [
              136.64768048728263,
              3.0523507614271868
            ],
            [
              136.94405700955133,
              2.9396382189461483
            ]
          ]
        ]
      },
      "id": "32251158-587c-46df-b540-7f03a9e76a21"
    },
    {
      "type": "Feature",
      "properties": {
        "id": "b6f13e5a-2c89-4b34-8720-2cc5c43220f2",
        "name": "sketch94-2"
      },
      "geometry": {
        "type": "Polygon",
        "coordinates": [
          [
            [
              161.83854487634963,
              2.3085378236219594
            ],
            [
              161.94377597023873,
              2.295401191969769
            ],
            [
              161.93923504302683,
              2.2622612139499543
            ],
            [
              162.05640874121295,
              2.263153329396453
            ],
            [
              162.1098075710783,
              1.909650217103096
            ],
            [
              161.68159374869708,
              1.8592711022739408
            ],
            [
              161.81480319180125,
              2.2498708838245216
            ],
            [
              161.64195012734586,
              2.2360620881683886
            ],
            [
              161.5569642566642,
              2.4923391387532106
            ],
            [
              161.73048034462187,
              2.468495755006816
            ],
            [
              161.83854487634963,
              2.3085378236219594
            ]
          ]
        ]
      },
      "id": "b6f13e5a-2c89-4b34-8720-2cc5c43220f2"
    },
    {
      "type": "Feature",
      "properties": {
        "id": "52b3b03f-15c5-4876-a0d3-e4034a4e3b34",
        "name": "sketch94-3"
      },
      "geometry": {
        "type": "Polygon",
        "coordinates": [
          [
            [
              153.9739959667784,
              0.6627294748143091
            ],
            [
              154.1408421611253,
              0.7284831072885953
            ],
            [
              154.28586767318,
              0.7650357063649114
            ],
            [
              154.19900604808416,
              0.688611710053201
            ],
            [
              154.1162833996228,
              0.5517318113247517
            ],
            [
              153.96126745948362,
              0.5836702356883154
            ],
            [
              153.8003428153905,
              0.5575831987292521
            ],
            [
              153.49670220555257,
              0.7807900011568982
            ],
            [
              153.86810018540848,
              0.6812721257869954
            ],
            [
              153.8932484358782,
              0.7539998648711607
            ],
            [
              153.9739959667784,
              0.6627294748143091
            ]
          ]
        ]
      },
      "id": "52b3b03f-15c5-4876-a0d3-e4034a4e3b34"
    }
  ],
  "bbox": [
    136.48598507126337,
    0.5517318113247517,
    165.35536444726947,
    5.908192763540831
  ]
}
