{
  "type": "FeatureCollection",
  "features": [
    {
      "type": "Feature",
      "properties": {
        "id": "14f1221c-819d-46a9-8806-d9839e385faf",
        "name": "sketch339-0"
      },
      "geometry": {
        "type": "Polygon",
        "coordinates": [
          [
            [
              137.89489634127983,
              5.702199376178436
            ],
            [
              137.9596145714046,
              5.628136029721905
            ],
            [
              138.19114465249223,
              5.355555004925262
            ],
            [
              138.04368447648372,
              5.1787543228151725
            ],
            [
              137.93523378363975,
              5.328697422525227
            ],
            [
              137.86848218540013,
              5.482273532726133
            ],
            [
              137.80429014647004,
              5.390735028837971
            ],
            [
              137.4117360735216,
              5.549278156175159
            ],
            [
              137.74844447383586,
              5.656561656722337
            ],
            [
              137.8554636498811,
              5.649720945113924
            ],
            [
              137.89489634127983,
              5.702199376178436
            ]
          ]
        ]
      },
      "id": "14f1221c-819d-46a9-8806-d9839e385faf"
    },
    {
      "type": "Feature",
      "properties": {
        "id": "be9e8327-869b-4168-80ad-0cec7d68f087",
        "name": "sketch339-1"
      },
      "geometry": {
        "type": "Polygon",
        "coordinates": [
          [
            [
              146.97264095165343,
              -0.7318609657002123
            ],
            [
              146.77681967000265,
              -0.9085616352342858
            ],
            [
              146.91718740791424,
              -1.197186808456872
            ],
            [
              146.73714145769156,
              -1.1778378996489365
            ],
            [
              146.67991939502937,
              -1.0217071513452194
            ],
            [
              146.36680173834398,
              -1.1188338192688354
            ],
            [
              146.62065567914266,
              -0.9221657134251696
            ],
            [
              146.50854265812055,
              -0.798447193509439
            ],
            [
              146.4286192360377,
              -0.6688162872300107
            ],
            [
              146.6615928600908,
              -0.7533414056029539
            ],
            [
              146.97264095165343,
              -0.7318609657002123
            ]
          ]
        ]
      },
      "id": "be9e8327-869b-4168-80ad-0cec7d68f087"
    },
    {
      "type": "Feature",
      "properties": {
        "id": "14959641-592e-4dda-8920-8dac211897ce",
        "name": "sketch339-2"
      },
      "geometry": {
        "type": "Polygon",
        "coordinates": [
          [
            [
              139.25397894253865,
              4.026461548372295
            ],
            [
              139.29530120265963,
              4.094184404318826
            ],
            [
              139.2679556638975,
              3.9545994816723375
            ],
            [
              139.45640143100616,
              3.8708901072643846
            ],
            [
              139.2649375652547,
              3.7941497594307845
            ],
            [
              139.1450720478074,
              3.8482630315865936
            ],
            [
              139.06135453347738,
              3.9434253205213836
            ],
            [
              138.87376676895465,
              4.158999539501946
            ],
            [
              139.07020218045122,
              4.346227828067146
            ],
            [
              139.17441460406963,
              4.1569168787437905
            ],
            [
              139.25397894253865,
              4.026461548372295
            ]
          ]
        ]
      },
      "id": "14959641-592e-4dda-8920-8dac211897ce"
    },
    {
      "type": "Feature",
      "properties": {
        "id": "d57cbb15-68b5-409c-90cf-e1375ef8a6ef",
        "name": "sketch339-3"
      },
      "geometry": {
        "type": "Polygon",
        "coordinates": [
          [
            [
              154.8648305779402,
              10.733420277437927
            ],
            [
              154.5278375246728,
              10.553986002261045
            ],
            [
              154.66150455233816,
              10.365477278539487
            ],
            [
              154.4468932441436,
              10.506936068270775
            ],
            [
              154.4287731486703,
              10.529024513867151
            ],
            [
              154.3076137779104,
              10.148548693841242
            ],
            [
              154.07565853642132,
              10.408127819024054
            ],
            [
              154.2170871524453,
              10.516377727808798
            ],
            [
              154.28677056920876,
              10.534222360038557
            ],
            [
              154.15045412073508,
              10.89275157905001
            ],
            [
              154.8648305779402,
              10.733420277437927
            ]
          ]
        ]
      },
      "id": "d57cbb15-68b5-409c-90cf-e1375ef8a6ef"
    },
    {
      "type": "Feature",
      "properties": {
        "id": "e2bc3190-075d-4548-b04a-a87796ce39da",
        "name": "sketch339-4"
      },
      "geometry": {
        "type": "Polygon",
        "coordinates": [
          [
            [
              148.15276980147937,
              0.023445999626704517
            ],
            [
              148.1943172387139,
              -0.3187086097227081
            ],
            [
              148.19548661335122,
              -0.32002486577610434
            ],
            [
              147.91319032988002,
              -0.4365528298652044
            ],
            [
              147.82679054966812,
              -0.36683669007148767
            ],
            [
              147.7993493464187,
              -0.3736977225062604
            ],
            [
              147.77033504498314,
              -0.39066921013676037
            ],
            [
              147.5602370960685,
              -0.3867130858737407
            ],
            [
              147.64610308987307,
              -0.23972397164388204
            ],
            [
              147.5877905053111,
              -0.047606775050315686
            ],
            [
              148.15276980147937,
              0.023445999626704517
            ]
          ]
        ]
      },
      "id": "e2bc3190-075d-4548-b04a-a87796ce39da"
    },
    {
      "type": "Feature",
      "properties": {
        "id": "89d57c38-3064-41b6-9ee7-9befea012818",
        "name": "sketch339-5"
      },
      "geometry": {
        "type": "Polygon",
        "coordinates": [
          [
            [
              147.61854629886508,
              -0.7344450695747281
            ],
            [
              147.70590063868087,
              -0.8777881440166102
            ],
            [
              147.82081917071704,
              -1.1287786023464796
            ],
            [
              147.70445712595765,
              -1.037373472912433
            ],
            [
              147.59319512152106,
              -1.0357137269285166
            ],
            [
              147.54291274007522,
              -1.3725366148079536
            ],
            [
              147.12524357257345,
              -1.1050791566465805
            ],
            [
              147.52287074914133,
              -0.8888623392276904
            ],
            [
              147.52339450966502,
              -0.8643111764284739
            ],
            [
              147.52422109710113,
              -0.7312377343755471
            ],
            [
              147.61854629886508,
              -0.7344450695747281
            ]
          ]
        ]
      },
      "id": "89d57c38-3064-41b6-9ee7-9befea012818"
    },
    {
      "type": "Feature",
      "properties": {
        "id": "ff9faad9-2ec7-4392-ace2-b33323ce70ee",
        "name": "sketch339-6"
      },
      "geometry": {
        "type": "Polygon",
        "coordinates": [
          [
            [
              156.84654744523263,
              13.50929881453617
            ],
            [
              157.10429436853778,
              13.484006567813314
            ],
            [
              157.04246579210155,
              13.318732654465814
            ],
            [
              157.0181021261925,
              13.270592706110389
            ],
            [
              157.10848158893913,
              13.143909441349782
            ],
            [
              157.0333695526271,
              12.908780250041602
            ],
            [
              156.74658168901783,
              12.91355462787966
            ],
            [
              156.62344225776198,
              13.158845248818018
            ],
            [
              156.5607449547798,
              13.43502707819097
            ],
            [
              156.69915950535298,
              13.581138192050114
            ],
            [
              156.84654744523263,
              13.50929881453617
            ]
          ]
        ]
      },
      "id": "ff9faad9-2ec7-4392-ace2-b33323ce70ee"
    },
    {
      "type": "Feature",
      "properties": {
        "id": "5a123201-f948-439b-8e71-7f696ff5850c",
        "name": "sketch339-7"
      },
      "geometry": {
        "type": "Polygon",
        "coordinates": [
          [
            [
              146.0032616523747,
              6.064744510361696
            ],
            [
              146.03277543459717,
              5.750295356821887
            ],
            [
              146.10735379538087,
              5.682992950934663
            ],
            [
              146.10729438336583,
              5.579133122049465
            ],
            [
              146.07431327479915,
              5.515043078828114
            ],
            [
              146.00778967970078,
              5.532455030377369
            ],
            [
              145.68150036036735,
              5.325870168629347
            ],
            [
              145.69283907334759,
              5.570412994891382
            ],
            [
              145.54387902580365,
              5.912066227684862
            ],
            [
              145.81652671957164,
              5.899689604137036
            ],
            [
              146.0032616523747,
              6.064744510361696
            ]
          ]
        ]
      },
      "id": "5a123201-f948-439b-8e71-7f696ff5850c"
    },
    {
      "type": "Feature",
      "properties": {
        "id": "7d226640-1a33-4dcd-a13f-a7a2e41c1ec9",
        "name": "sketch339-8"
      },
      "geometry": {
        "type": "Polygon",
        "coordinates": [
          [
            [
              161.0727041782586,
              11.033856764494082
            ],
            [
              161.08619932757827,
              10.951933338110294
            ],
            [
              161.11745492067544,
              10.918607326044498
            ],
            [
              160.86631402864455,
              10.830789276062031
            ],
            [
              161.00239682772212,
              10.666267644158046
            ],
            [
              160.80441820900373,
              10.58110326457512
            ],
            [
              160.66400559709356,
              10.641171195830532
            ],
            [
              160.60559315066914,
              10.778351495776782
            ],
            [
              160.7264201267804,
              10.878225358781064
            ],
            [
              160.7739212844962,
              11.109654823703812
            ],
            [
              161.0727041782586,
              11.033856764494082
            ]
          ]
        ]
      },
      "id": "7d226640-1a33-4dcd-a13f-a7a2e41c1ec9"
    }
  ],
  "bbox": [
    137.4117360735216,
    -1.3725366148079536,
    161.11745492067544,
    13.581138192050114
  ]
}
