{
  "type": "FeatureCollection",
  "features": [
    {
      "type": "Feature",
      "properties": {
        "id": "8be4b126-ffea-4a83-ac90-12e036f31f70",
        "name": "sketch67-0"
      },
      "geometry": {
        "type": "Polygon",
        "coordinates": [
          [
            [
              136.56880549317418,
              3.6501542694619133
            ],
            [
              136.6048065121028,
              3.4663944539308975
            ],
            [
              136.5987457880045,
              3.228513557028691
            ],
            [
              136.512065281356,
              3.2765350897907846
            ],
            [
              136.3651235075464,
              3.47787774206069
            ],
            [
              136.25220736303515,
              3.2779928535088656
            ],
            [
              136.05636870666544,
              3.1039379307362376
            ],
            [
              136.0543580516596,
              3.425791711082114
            ],
            [
              136.02609554093365,
              3.7781553627752773
            ],
            [
              136.17005446330822,
              3.842755102243023
            ],
            [
              136.56880549317418,
              3.6501542694619133
            ]
          ]
        ]
      },
      "id": "8be4b126-ffea-4a83-ac90-12e036f31f70"
    },
    {
      "type": "Feature",
      "properties": {
        "id": "301d0275-85b4-4393-a826-9efd99dfeadc",
        "name": "sketch67-1"
      },
      "geometry": {
        "type": "Polygon",
        "coordinates": [
          [
            [
              147.03845615254517,
              12.296822401419643
            ],
            [
              146.98919391517634,
              12.11049980641431
            ],
            [
              146.93226341019937,
              12.070175733477592
            ],
            [
              146.8639567369408,
              12.070615721140303
            ],
            [
              146.84467990620104,
              11.980543635475115
            ],
            [
              146.73044638695953,
              11.778588196907059
            ],
            [
              146.8149985824184,
              12.071979097345379
            ],
            [
              146.69492307089357,
              12.034233379357648
            ],
            [
              146.83782184115435,
              12.092466483388655
            ],
            [
              146.69493934711565,
              12.43693057769855
            ],
            [
              147.03845615254517,
              12.296822401419643
            ]
          ]
        ]
      },
      "id": "301d0275-85b4-4393-a826-9efd99dfeadc"
    },
    {
      "type": "Feature",
      "properties": {
        "id": "a9482e35-2298-4b31-9844-3ad5162e0be5",
        "name": "sketch67-2"
      },
      "geometry": {
        "type": "Polygon",
        "coordinates": [
          [
            [
              139.71429974937638,
              -0.7860146046947734
            ],
            [
              139.98754066531572,
              -0.7004899976620125
            ],
            [
              139.94505542379625,
              -0.7949518497700633
            ],
            [
              139.8874709119748,
              -1.2244697756989078
            ],
            [
              139.72349653890936,
              -1.1265692395418814
            ],
            [
              139.7107316994288,
              -0.8364415434172234
            ],
            [
              139.57193467335165,
              -1.1158769996585902
            ],
            [
              139.29758287613677,
              -1.0675853070152894
            ],
            [
              139.58212572773533,
              -0.8441119774493798
            ],
            [
              139.7052012478538,
              -0.790895715056575
            ],
            [
              139.71429974937638,
              -0.7860146046947734
            ]
          ]
        ]
      },
      "id": "a9482e35-2298-4b31-9844-3ad5162e0be5"
    },
    {
      "type": "Feature",
      "properties": {
        "id": "2861cbbb-cf3f-46d3-a094-9cbae7d2b1c1",
        "name": "sketch67-3"
      },
      "geometry": {
        "type": "Polygon",
        "coordinates": [
          [
            [
              140.49653972466942,
              12.956134361458421
            ],
            [
              140.79577224696786,
              12.852395622216234
            ],
            [
              140.57388678132884,
              12.428783418586612
            ],
            [
              140.58913751593434,
              12.346711388037528
            ],
            [
              140.41078209203604,
              12.362643531767926
            ],
            [
              140.40689614307195,
              12.34653831369512
            ],
            [
              140.313613622094,
              12.162893831868923
            ],
            [
              140.31298476718771,
              12.625783786955731
            ],
            [
              140.17344877270506,
              12.536682681973732
            ],
            [
              140.25748274408704,
              12.753233739609877
            ],
            [
              140.49653972466942,
              12.956134361458421
            ]
          ]
        ]
      },
      "id": "2861cbbb-cf3f-46d3-a094-9cbae7d2b1c1"
    },
    {
      "type": "Feature",
      "properties": {
        "id": "10bb551a-0dac-4dda-8b90-128d3eda9ee9",
        "name": "sketch67-4"
      },
      "geometry": {
        "type": "Polygon",
        "coordinates": [
          [
            [
              156.56170557755644,
              2.2675064527669764
            ],
            [
              156.74324291657243,
              2.1806851123871214
            ],
            [
              156.77336116242503,
              2.110188538544433
            ],
            [
              156.56805990506786,
              2.080262624727411
            ],
            [
              156.5722431990975,
              1.977548942675704
            ],
            [
              156.5436848542097,
              2.078476467983757
            ],
            [
              156.49011494800706,
              2.0035083021296893
            ],
            [
              156.09483713273397,
              2.0379239096817914
            ],
            [
              156.4070122990297,
              2.103052024523665
            ],
            [
              156.23532458696639,
              2.2928605210267237
            ],
            [
              156.56170557755644,
              2.2675064527669764
            ]
          ]
        ]
      },
      "id": "10bb551a-0dac-4dda-8b90-128d3eda9ee9"
    },
    {
      "type": "Feature",
      "properties": {
        "id": "a15d06a7-838d-4f77-8266-779d960a8895",
        "name": "sketch67-5"
      },
      "geometry": {
        "type": "Polygon",
        "coordinates": [
          [
            [
              149.95034215227008,
              8.288404425826272
            ],
            [
              150.037159528475,
              8.236540869680397
            ],
            [
              150.0647691789528,
              8.198033806646267
            ],
            [
              150.32851834733103,
              8.147781069653927
            ],
            [
              150.1788941983922,
              7.826550592447706
            ],
            [
              149.98297971360643,
              7.931107750306683
            ],
            [
              149.96541578022828,
              7.894790593971643
            ],
            [
              149.90650502161668,
              7.697950063201159
            ],
            [
              149.49417946977826,
              7.967174841354693
            ],
            [
              149.87762535970705,
              8.188266934899781
            ],
            [
              149.95034215227008,
              8.288404425826272
            ]
          ]
        ]
      },
      "id": "a15d06a7-838d-4f77-8266-779d960a8895"
    },
    {
      "type": "Feature",
      "properties": {
        "id": "fe9b749b-cd5e-415e-854f-21c0c03a27ef",
        "name": "sketch67-6"
      },
      "geometry": {
        "type": "Polygon",
        "coordinates": [
          [
            [
              159.4799119562432,
              13.247230846754187
            ],
            [
              159.50598540560352,
              13.109962400452012
            ],
            [
              159.6332685230361,
              12.98559575407011
            ],
            [
              159.32776776610268,
              12.974609966473427
            ],
            [
              159.26418618792468,
              12.806824746852435
            ],
            [
              159.06729176044772,
              12.795652665711325
            ],
            [
              158.9749957401884,
              12.895665258689347
            ],
            [
              159.01807937504196,
              13.197215688915048
            ],
            [
              159.10451033574031,
              13.369257056122684
            ],
            [
              159.32463576681468,
              13.149974520856478
            ],
            [
              159.4799119562432,
              13.247230846754187
            ]
          ]
        ]
      },
      "id": "fe9b749b-cd5e-415e-854f-21c0c03a27ef"
    }
  ],
  "bbox": [
    136.02609554093365,
    -1.2244697756989078,
    159.6332685230361,
    13.369257056122684
  ]
}
