{
  "type": "FeatureCollection",
  "features": [
    {
      "type": "Feature",
      "properties": {
        "id": "1415b998-434a-46f8-a885-6ba359933903",
        "name": "sketch24-0"
      },
      "geometry": {
        "type": "Polygon",
        "coordinates": [
          [
            [
              161.7260192558915,
              -0.0735292670114957
            ],
            [
              161.90934315885042,
              0.01955726003130917
            ],
            [
              162.03725045017512,
              -0.14061813167417764
            ],
            [
              162.03767336549487,
              -0.22426846390252025
            ],
            [
              161.94083589184615,
              -0.385787160255386
            ],
            [
              161.87724977752615,
              -0.5396478482914475
            ],
            [
              161.6350994913043,
              -0.32686215470492974
            ],
            [
              161.47552418324614,
              -0.4936758919582192
            ],
            [
              161.375657642585,
              -0.2174985597661166
            ],
            [
              161.4205948986402,
              -0.0316027006378507
            ],
            [
              161.7260192558915,
              -0.0735292670114957
            ]
          ]
        ]
      },
      "id": "1415b998-434a-46f8-a885-6ba359933903"
    },
    {
      "type": "Feature",
      "properties": {
        "id": "3b829cdf-1e14-40e3-951e-02f5bfc9ce88",
        "name": "sketch24-1"
      },
      "geometry": {
        "type": "Polygon",
        "coordinates": [
          [
            [
              146.74390866388694,
              -0.06525707536726327
            ],
            [
              146.8321742557978,
              -0.14799742172897018
            ],
            [
              146.99193110860057,
              -0.45177331630029693
            ],
            [
              146.63612121035817,
              -0.40732600855141565
            ],
            [
              146.66148482440838,
              -0.5099866880363626
            ],
            [
              146.48781681822658,
              -0.6284276691149135
            ],
            [
              146.25710131908383,
              -0.615443996343813
            ],
            [
              146.36627990567004,
              -0.43415056588537354
            ],
            [
              146.46589157251142,
              -0.3510936382885187
            ],
            [
              146.17628720797418,
              0.0012992414441579392
            ],
            [
              146.74390866388694,
              -0.06525707536726327
            ]
          ]
        ]
      },
      "id": "3b829cdf-1e14-40e3-951e-02f5bfc9ce88"
    },
    {
      "type": "Feature",
      "properties": {
        "id": "79150762-0a1d-4ed7-bb1c-bf0fb83ccb76",
        "name": "sketch24-2"
      },
      "geometry": {
        "type": "Polygon",
        "coordinates": [
          [
            [
              164.67267609689898,
              12.037738502416893
            ],
            [
              164.88219799619534,
              11.85521412437872
            ],
            [
              164.77719270283356,
              11.652517758901153
            ],
            [
              164.80069630224253,
              11.56936883344269
            ],
            [
              164.5847078414729,
              11.500597235203465
            ],
            [
              164.46452703647142,
              11.575683770038166
            ],
            [
              164.46501783462156,
              11.60739665738771
            ],
            [
              164.1456290268236,
              11.605099439037222
            ],
            [
              164.35569328903821,
              11.728901658596234
            ],
            [
              164.4659413883485,
              11.614427531159626
            ],
            [
              164.67267609689898,
              12.037738502416893
            ]
          ]
        ]
      },
      "id": "79150762-0a1d-4ed7-bb1c-bf0fb83ccb76"
    },
    {
      "type": "Feature",
      "properties": {
        "id": "dbf9dbbe-8b1e-41f0-b6b3-89bd92298eb5",
        "name": "sketch24-3"
      },
      "geometry": {
        "type": "Polygon",
        "coordinates": [
          [
            [
              142.0184424436656,
              4.697550386742793
            ],
            [
              142.21128018715692,
              4.787922046455567
            ],
            [
              142.0039675147178,
              4.636629742557469
            ],
            [
              142.4194770121492,
              4.511971414750179
            ],
            [
              142.16610922736973,
              4.174480973560036
            ],
            [
              141.99346998277568,
              4.454090575619971
            ],
            [
              141.98267842490233,
              4.606017350845171
            ],
            [
              141.72315356578636,
              4.433855613940981
            ],
            [
              141.65158940175678,
              4.642941470396442
            ],
            [
              141.77826830577786,
              4.848137081636768
            ],
            [
              142.0184424436656,
              4.697550386742793
            ]
          ]
        ]
      },
      "id": "dbf9dbbe-8b1e-41f0-b6b3-89bd92298eb5"
    }
  ],
  "bbox": [
    141.65158940175678,
    -0.6284276691149135,
    164.88219799619534,
    12.037738502416893
  ]
}
