{
  "type": "FeatureCollection",
  "features": [
    {
      "type": "Feature",
      "properties": {
        "id": "50dcca1f-5006-4f1c-a0b4-68ebea316133",
        "name": "sketch202-0"
      },
      "geometry": {
        "type": "Polygon",
        "coordinates": [
          [
            [
              136.3726629749664,
              3.1198437257955454
            ],
            [
              136.48086899614455,
              3.2169778333007564
            ],
            [
              136.6719847665733,
              3.0700815281761744
            ],
            [
              136.42489358841217,
              2.931469881292057
            ],
            [
              136.14528315321274,
              2.826818865668985
            ],
            [
              136.04140294329213,
              2.775501397243307
            ],
            [
              136.07480768274584,
              2.88080222235621
            ],
            [
              135.90118544588475,
              3.14658726903745
            ],
            [
              136.26438840991014,
              3.272852934296459
            ],
            [
              136.32743954152824,
              3.174009852889464
            ],
            [
              136.3726629749664,
              3.1198437257955454
            ]
          ]
        ]
      },
      "id": "50dcca1f-5006-4f1c-a0b4-68ebea316133"
    },
    {
      "type": "Feature",
      "properties": {
        "id": "5d11c6c6-d14a-43cf-b834-f7fb32628364",
        "name": "sketch202-1"
      },
      "geometry": {
        "type": "Polygon",
        "coordinates": [
          [
            [
              164.7990846508707,
              8.677775413800445
            ],
            [
              164.8121076743581,
              8.612340777362654
            ],
            [
              165.1007024974636,
              8.662444253451389
            ],
            [
              165.08415979448972,
              8.630965959261967
            ],
            [
              165.23279089643705,
              8.402761807739308
            ],
            [
              164.80162811541445,
              8.498962686053654
            ],
            [
              164.6069942512146,
              8.362136528117531
            ],
            [
              164.58661930796143,
              8.477019000498945
            ],
            [
              164.56571057384267,
              8.686778402408484
            ],
            [
              164.6409716300401,
              8.960772828952605
            ],
            [
              164.7990846508707,
              8.677775413800445
            ]
          ]
        ]
      },
      "id": "5d11c6c6-d14a-43cf-b834-f7fb32628364"
    }
  ],
  "bbox": [
    135.90118544588475,
    2.775501397243307,
    165.23279089643705,
    8.960772828952605
  ]
}
