{
  "type": "FeatureCollection",
  "features": [
    {
      "type": "Feature",
      "properties": {
        "id": "8f5359f2-da18-4ca9-992a-66e6bce5f2cc",
        "name": "sketch28-0"
      },
      "geometry": {
        "type": "Polygon",
        "coordinates": [
          [
            [
              144.80322618455813,
              0.947999002919987
            ],
            [
              144.99780643102181,
              1.0414224152602836
            ],
            [
              145.12937270210838,
              0.967545576916597
            ],
            [
              144.84107193161864,
              0.9045423373350887
            ],
            [
              144.79956817560415,
              0.6710938705999997
            ],
            [
              144.7614751918402,
              0.8282575476425136
            ],
            [
              144.76472473041542,
              0.9156969768157363
            ],
            [
              144.3506457787291,
              0.93160391228504
            ],
            [
              144.64916124475835,
              1.1000804777234434
            ],
            [
              144.76111409460634,
              1.1607914422821046
            ],
            [
              144.80322618455813,
              0.947999002919987
            ]
          ]
        ]
      },
      "id": "8f5359f2-da18-4ca9-992a-66e6bce5f2cc"
    },
    {
      "type": "Feature",
      "properties": {
        "id": "f393582c-fc42-468b-b110-253bab566ca3",
        "name": "sketch28-1"
      },
      "geometry": {
        "type": "Polygon",
        "coordinates": [
          [
            [
              159.8017996723229,
              -0.6730114553410036
            ],
            [
              160.11486659611236,
              -0.8038181229498012
            ],
            [
              159.7715899679222,
              -0.9926325601240468
            ],
            [
              159.55602607647867,
              -1.1570565348222985
            ],
            [
              159.4193806795067,
              -1.1456454011608426
            ],
            [
              159.3677583199723,
              -1.0403729202223448
            ],
            [
              159.74816003520505,
              -0.89082456419738
            ],
            [
              159.30528798794666,
              -0.891790685280244
            ],
            [
              159.61618473806584,
              -0.856379117796294
            ],
            [
              159.5016123897513,
              -0.8164755411031621
            ],
            [
              159.8017996723229,
              -0.6730114553410036
            ]
          ]
        ]
      },
      "id": "f393582c-fc42-468b-b110-253bab566ca3"
    },
    {
      "type": "Feature",
      "properties": {
        "id": "e53fccd8-dde0-469e-8cfe-53b042e17c20",
        "name": "sketch28-2"
      },
      "geometry": {
        "type": "Polygon",
        "coordinates": [
          [
            [
              161.90364652681106,
              4.776290578562208
            ],
            [
              161.90231247536516,
              4.7143431303859655
            ],
            [
              162.0567954873569,
              4.650558276810417
            ],
            [
              161.91084797728792,
              4.455525739114289
            ],
            [
              161.82026018890843,
              4.522304171641504
            ],
            [
              161.80449759192132,
              4.365419838381711
            ],
            [
              161.7189942736028,
              4.167567152416867
            ],
            [
              161.55968199510744,
              4.292408227493499
            ],
            [
              161.33204276327314,
              4.674152306916787
            ],
            [
              161.61294305622292,
              4.676703130561671
            ],
            [
              161.90364652681106,
              4.776290578562208
            ]
          ]
        ]
      },
      "id": "e53fccd8-dde0-469e-8cfe-53b042e17c20"
    },
    {
      "type": "Feature",
      "properties": {
        "id": "4158f40a-0911-4012-bd10-9249f963a204",
        "name": "sketch28-3"
      },
      "geometry": {
        "type": "Polygon",
        "coordinates": [
          [
            [
              145.431504792802,
              -0.9967253151102167
            ],
            [
              145.66618274410027,
              -0.9419706901254014
            ],
            [
              145.5724457939165,
              -1.1634181610109176
            ],
            [
              145.41174045636458,
              -1.1792475235043776
            ],
            [
              145.26789460614455,
              -1.493380674879337
            ],
            [
              145.10152241157553,
              -1.3245818675475
            ],
            [
              144.92849338194316,
              -1.2254876614396495
            ],
            [
              145.19005717056424,
              -0.9978129953729643
            ],
            [
              145.3776779681758,
              -1.0907365256316444
            ],
            [
              145.3490364846328,
              -0.8901931821658151
            ],
            [
              145.431504792802,
              -0.9967253151102167
            ]
          ]
        ]
      },
      "id": "4158f40a-0911-4012-bd10-9249f963a204"
    },
    {
      "type": "Feature",
      "properties": {
        "id": "5adf517b-b7a8-4b2d-aeef-82233111e621",
        "name": "sketch28-4"
      },
      "geometry": {
        "type": "Polygon",
        "coordinates": [
          [
            [
              162.06576996684012,
              7.436565200433921
            ],
            [
              162.0440858458113,
              7.345123231426846
            ],
            [
              162.14894072373528,
              7.379610952357724
            ],
            [
              161.98347146626463,
              7.297050554500238
            ],
            [
              162.2147486406093,
              7.245390666943277
            ],
            [
              162.10382516847972,
              7.185241243736184
            ],
            [
              161.9437411190991,
              7.251737964010117
            ],
            [
              161.74760943235603,
              6.872105837010538
            ],
            [
              161.68443244432245,
              7.217423175151649
            ],
            [
              161.61396365097946,
              7.563809357927904
            ],
            [
              162.06576996684012,
              7.436565200433921
            ]
          ]
        ]
      },
      "id": "5adf517b-b7a8-4b2d-aeef-82233111e621"
    },
    {
      "type": "Feature",
      "properties": {
        "id": "656243fc-3e6e-4898-95da-aec6d20a146f",
        "name": "sketch28-5"
      },
      "geometry": {
        "type": "Polygon",
        "coordinates": [
          [
            [
              163.4631983154128,
              7.768414359917096
            ],
            [
              163.49305858988765,
              7.572024694694157
            ],
            [
              163.0700134425107,
              7.502787686067936
            ],
            [
              163.0613190510657,
              7.296022165466834
            ],
            [
              162.95990672436315,
              7.133281627988876
            ],
            [
              162.62008609926457,
              7.2873904619890615
            ],
            [
              162.60314928990607,
              7.620053972291737
            ],
            [
              162.86469642263842,
              7.7933754627164795
            ],
            [
              162.89833412841813,
              7.784654615845828
            ],
            [
              162.94680813626624,
              7.6946101493998205
            ],
            [
              163.4631983154128,
              7.768414359917096
            ]
          ]
        ]
      },
      "id": "656243fc-3e6e-4898-95da-aec6d20a146f"
    },
    {
      "type": "Feature",
      "properties": {
        "id": "53232d8f-12f4-443e-b320-9c7ec31bc388",
        "name": "sketch28-6"
      },
      "geometry": {
        "type": "Polygon",
        "coordinates": [
          [
            [
              139.4013066771103,
              8.468782566788834
            ],
            [
              139.50689452756424,
              8.418107994073438
            ],
            [
              139.4868859870332,
              8.343577890153586
            ],
            [
              139.409300199154,
              8.131401438830952
            ],
            [
              139.34827058528353,
              8.342448128421957
            ],
            [
              139.33379024996506,
              8.337880435852705
            ],
            [
              139.26928298994048,
              8.269891550282775
            ],
            [
              138.91868701371087,
              8.375219480278613
            ],
            [
              139.03836572878694,
              8.495775979553136
            ],
            [
              139.29100800630263,
              8.467112681333434
            ],
            [
              139.4013066771103,
              8.468782566788834
            ]
          ]
        ]
      },
      "id": "53232d8f-12f4-443e-b320-9c7ec31bc388"
    },
    {
      "type": "Feature",
      "properties": {
        "id": "2c085735-50ee-4ffa-99e4-0aacf4b5bca6",
        "name": "sketch28-7"
      },
      "geometry": {
        "type": "Polygon",
        "coordinates": [
          [
            [
              158.7925577453795,
              12.711207874955067
            ],
            [
              158.797740234351,
              12.593434577029248
            ],
            [
              159.19933789160294,
              12.594381487977664
            ],
            [
              158.79368053738875,
              12.548990608157778
            ],
            [
              158.97351493381373,
              12.365062077584149
            ],
            [
              158.72998676713948,
              12.574716372918362
            ],
            [
              158.75404542530876,
              12.176613751974422
            ],
            [
              158.62025199256524,
              12.491909204434307
            ],
            [
              158.37030870155726,
              12.554897887384325
            ],
            [
              158.65036072363023,
              12.638836652525674
            ],
            [
              158.7925577453795,
              12.711207874955067
            ]
          ]
        ]
      },
      "id": "2c085735-50ee-4ffa-99e4-0aacf4b5bca6"
    }
  ],
  "bbox": [
    138.91868701371087,
    -1.493380674879337,
    163.49305858988765,
    12.711207874955067
  ]
}
