{
  "type": "FeatureCollection",
  "features": [
    {
      "type": "Feature",
      "properties": {
        "id": "2978f10a-bb3d-462e-9927-b2f2ddc3c001",
        "name": "sketch62-0"
      },
      "geometry": {
        "type": "Polygon",
        "coordinates": [
          [
            [
              142.05742155566548,
              3.1340119978329213
            ],
            [
              142.12299641709043,
              2.963286473073611
            ],
            [
              142.07660580355417,
              2.749859264413169
            ],
            [
              142.51246646089228,
              2.5966442971036416
            ],
            [
              142.29734183597145,
              2.360995153660665
            ],
            [
              142.056752543042,
              2.69066556540224
            ],
            [
              142.05342517354524,
              2.6748917465057866
            ],
            [
              141.63003407760627,
              2.5040936962700915
            ],
            [
              141.6215176072876,
              2.554122877541475
            ],
            [
              141.91680560341507,
              2.8255962977433673
            ],
            [
              142.05742155566548,
              3.1340119978329213
            ]
          ]
        ]
      },
      "id": "2978f10a-bb3d-462e-9927-b2f2ddc3c001"
    },
    {
      "type": "Feature",
      "properties": {
        "id": "7cee093d-cf1e-4818-bf92-a21f81dbbc00",
        "name": "sketch62-1"
      },
      "geometry": {
        "type": "Polygon",
        "coordinates": [
          [
            [
              162.18261206626812,
              2.247023948914493
            ],
            [
              162.41472587032803,
              2.0654648229073658
            ],
            [
              162.43611048628017,
              1.9010890618368081
            ],
            [
              162.5497515264666,
              1.8692399496034722
            ],
            [
              162.34324256358425,
              1.5461689271241887
            ],
            [
              162.20713951066918,
              1.792328111762668
            ],
            [
              162.1803148200234,
              1.7788127548236987
            ],
            [
              162.09396949731956,
              1.7856394496481667
            ],
            [
              161.91278340329856,
              1.8317050945159254
            ],
            [
              162.02758958990688,
              2.0205722096870917
            ],
            [
              162.18261206626812,
              2.247023948914493
            ]
          ]
        ]
      },
      "id": "7cee093d-cf1e-4818-bf92-a21f81dbbc00"
    }
  ],
  "bbox": [
    141.6215176072876,
    1.5461689271241887,
    162.5497515264666,
    3.1340119978329213
  ]
}
