{
  "type": "FeatureCollection",
  "features": [
    {
      "type": "Feature",
      "properties": {
        "id": "c7ad646c-a72a-4be6-9ce7-f8fdd3348e29",
        "name": "sketch16-0"
      },
      "geometry": {
        "type": "Polygon",
        "coordinates": [
          [
            [
              147.37929211048382,
              0.24268984003838773
            ],
            [
              147.5009322466028,
              0.41646649784026646
            ],
            [
              147.6759721471675,
              0.19387927733195146
            ],
            [
              147.49834057156005,
              0.015879704043523638
            ],
            [
              147.37766336408518,
              0.06222482573433584
            ],
            [
              147.2651053869789,
              -0.2798032838693815
            ],
            [
              147.29002627405748,
              0.09976598576101703
            ],
            [
              147.22251988745472,
              0.06157950795130415
            ],
            [
              147.19725047220726,
              0.18833349661788287
            ],
            [
              147.2478676753434,
              0.3584769183805575
            ],
            [
              147.37929211048382,
              0.24268984003838773
            ]
          ]
        ]
      },
      "id": "c7ad646c-a72a-4be6-9ce7-f8fdd3348e29"
    },
    {
      "type": "Feature",
      "properties": {
        "id": "e0354514-fb03-486a-a275-2ad4c3d741ca",
        "name": "sketch16-1"
      },
      "geometry": {
        "type": "Polygon",
        "coordinates": [
          [
            [
              157.55809549586814,
              0.4567652045608769
            ],
            [
              157.74719985874174,
              0.6911519672348592
            ],
            [
              157.78083819343644,
              0.5976878538601338
            ],
            [
              157.59184494091946,
              0.2806740184730909
            ],
            [
              157.9046923558486,
              0.2969435762461838
            ],
            [
              157.77673507832944,
              0.09956870867500162
            ],
            [
              157.58052538054395,
              -0.134009360865037
            ],
            [
              157.38392488682388,
              0.1949697904255835
            ],
            [
              157.22406478196683,
              0.15886077325961656
            ],
            [
              157.26818743367508,
              0.5365740303366264
            ],
            [
              157.55809549586814,
              0.4567652045608769
            ]
          ]
        ]
      },
      "id": "e0354514-fb03-486a-a275-2ad4c3d741ca"
    },
    {
      "type": "Feature",
      "properties": {
        "id": "049211fd-e039-4811-982f-a87de2f12357",
        "name": "sketch16-2"
      },
      "geometry": {
        "type": "Polygon",
        "coordinates": [
          [
            [
              157.06528552668846,
              11.307204405760537
            ],
            [
              157.08250079049034,
              11.337059648660071
            ],
            [
              157.52341481051238,
              11.36267609283632
            ],
            [
              157.45616608637323,
              11.038944472893297
            ],
            [
              157.1686403955406,
              11.097565980920544
            ],
            [
              157.01194800653627,
              10.907368906239594
            ],
            [
              156.8341077857014,
              10.906894236817184
            ],
            [
              156.8881257639257,
              11.285297156594996
            ],
            [
              156.83917238944628,
              11.296472630411802
            ],
            [
              156.94394787367318,
              11.422415067825476
            ],
            [
              157.06528552668846,
              11.307204405760537
            ]
          ]
        ]
      },
      "id": "049211fd-e039-4811-982f-a87de2f12357"
    },
    {
      "type": "Feature",
      "properties": {
        "id": "f99e9bd5-9b58-431f-9e4d-b5c2773a20ce",
        "name": "sketch16-3"
      },
      "geometry": {
        "type": "Polygon",
        "coordinates": [
          [
            [
              140.3356476425008,
              8.302810386124285
            ],
            [
              140.34041392928924,
              8.052289626033563
            ],
            [
              140.53156034558384,
              8.03240744801679
            ],
            [
              140.48163669874648,
              7.792924457773591
            ],
            [
              140.19177278365174,
              7.789182205639452
            ],
            [
              140.2583013923191,
              7.985274760808593
            ],
            [
              140.29727780729803,
              7.994385857827375
            ],
            [
              140.29395094357187,
              7.9988580999296435
            ],
            [
              140.20315059809656,
              8.092540623871288
            ],
            [
              140.17726287475168,
              8.221709286341307
            ],
            [
              140.3356476425008,
              8.302810386124285
            ]
          ]
        ]
      },
      "id": "f99e9bd5-9b58-431f-9e4d-b5c2773a20ce"
    },
    {
      "type": "Feature",
      "properties": {
        "id": "105bd230-ef6f-468d-81ef-56665bc44cab",
        "name": "sketch16-4"
      },
      "geometry": {
        "type": "Polygon",
        "coordinates": [
          [
            [
              148.91481950934698,
              7.409970967108512
            ],
            [
              148.9668112623129,
              7.382641383106218
            ],
            [
              148.87991445310576,
              7.284930806038859
            ],
            [
              149.23499662183178,
              7.106941369160147
            ],
            [
              148.8632162746481,
              7.251235583914273
            ],
            [
              148.65178805631277,
              7.080026308134852
            ],
            [
              148.51701804520863,
              7.166163538491272
            ],
            [
              148.66967667346069,
              7.217149264974538
            ],
            [
              148.84568079552255,
              7.289524269212424
            ],
            [
              148.80223461274534,
              7.720872106036326
            ],
            [
              148.91481950934698,
              7.409970967108512
            ]
          ]
        ]
      },
      "id": "105bd230-ef6f-468d-81ef-56665bc44cab"
    },
    {
      "type": "Feature",
      "properties": {
        "id": "6a366e95-ab1b-4b55-aa45-8f7cefe215bb",
        "name": "sketch16-5"
      },
      "geometry": {
        "type": "Polygon",
        "coordinates": [
          [
            [
              147.23067356783056,
              8.941698211179228
            ],
            [
              147.54473735050846,
              8.80092052612185
            ],
            [
              147.43697608135082,
              8.496237080093913
            ],
            [
              147.39781415416235,
              8.456508373925221
            ],
            [
              147.137730884722,
              8.465240989664418
            ],
            [
              146.91540993844535,
              8.399780130496822
            ],
            [
              146.86488678530228,
              8.541864604900683
            ],
            [
              146.86939498736058,
              8.667932853447047
            ],
            [
              146.7917862352586,
              8.813966076811704
            ],
            [
              146.84833096362362,
              8.947626829503573
            ],
            [
              147.23067356783056,
              8.941698211179228
            ]
          ]
        ]
      },
      "id": "6a366e95-ab1b-4b55-aa45-8f7cefe215bb"
    }
  ],
  "bbox": [
    140.17726287475168,
    -0.2798032838693815,
    157.9046923558486,
    11.422415067825476
  ]
}
