{
  "type": "FeatureCollection",
  "features": [
    {
      "type": "Feature",
      "properties": {
        "id": "f5c3bf6e-a457-402d-9214-66b05db067cc",
        "name": "sketch154-0"
      },
      "geometry": {
        "type": "Polygon",
        "coordinates": [
          [
            [
              165.09553993249114,
              7.559364086522136
            ],
            [
              164.99536176251155,
              7.275691544930082
            ],
            [
              165.20973328477197,
              7.4198453408645575
            ],
            [
              165.39396363442282,
              7.17005301891855
            ],
            [
              165.11411815746624,
              6.922580799479183
            ],
            [
              164.89736057033514,
              7.143221866661165
            ],
            [
              164.6565803194604,
              6.901973967775126
            ],
            [
              164.867811333617,
              7.141226165552463
            ],
            [
              164.7444097506478,
              7.115305271133539
            ],
            [
              164.5273633066681,
              7.456095693967203
            ],
            [
              165.09553993249114,
              7.559364086522136
            ]
          ]
        ]
      },
      "id": "f5c3bf6e-a457-402d-9214-66b05db067cc"
    },
    {
      "type": "Feature",
      "properties": {
        "id": "db8af4e9-6f34-4692-95a9-50f846019610",
        "name": "sketch154-1"
      },
      "geometry": {
        "type": "Polygon",
        "coordinates": [
          [
            [
              142.39909552301327,
              13.340728243109865
            ],
            [
              142.67346748991358,
              13.022950953824626
            ],
            [
              142.69590310178478,
              12.616260362678249
            ],
            [
              142.3345200835399,
              12.840578227461318
            ],
            [
              142.2835809651612,
              12.615853851876514
            ],
            [
              142.2814033731741,
              12.698629147621002
            ],
            [
              142.26452744260322,
              12.85054679381344
            ],
            [
              141.93287609147384,
              12.766420842010078
            ],
            [
              142.2761775044744,
              12.908328788370135
            ],
            [
              142.26759317865805,
              13.123656881672773
            ],
            [
              142.39909552301327,
              13.340728243109865
            ]
          ]
        ]
      },
      "id": "db8af4e9-6f34-4692-95a9-50f846019610"
    },
    {
      "type": "Feature",
      "properties": {
        "id": "9a66c4e4-eb17-44ae-951b-54d7884ceb84",
        "name": "sketch154-2"
      },
      "geometry": {
        "type": "Polygon",
        "coordinates": [
          [
            [
              144.2655819352082,
              9.582957518706959
            ],
            [
              144.4221490913626,
              9.685898401224623
            ],
            [
              144.26536436756533,
              9.440405323643377
            ],
            [
              144.37255499231873,
              9.330337691880615
            ],
            [
              144.18436620225756,
              9.377696855379508
            ],
            [
              144.13639290292022,
              9.314913541016484
            ],
            [
              144.18100919744907,
              9.410070274731083
            ],
            [
              143.99009063755165,
              9.444474595124532
            ],
            [
              143.9967971007866,
              9.547947216946595
            ],
            [
              143.97948073611832,
              9.706896049150995
            ],
            [
              144.2655819352082,
              9.582957518706959
            ]
          ]
        ]
      },
      "id": "9a66c4e4-eb17-44ae-951b-54d7884ceb84"
    },
    {
      "type": "Feature",
      "properties": {
        "id": "ae46725a-cc49-4fa5-857b-0a4622fef3b3",
        "name": "sketch154-3"
      },
      "geometry": {
        "type": "Polygon",
        "coordinates": [
          [
            [
              157.10437975891512,
              5.080308816464129
            ],
            [
              157.1208658273877,
              4.948280549792245
            ],
            [
              156.85878545788566,
              4.692681310475727
            ],
            [
              157.0727349778819,
              4.6163048085133775
            ],
            [
              157.09287577484815,
              4.344804267683002
            ],
            [
              156.75882546820355,
              4.361356247353151
            ],
            [
              156.68339800794726,
              4.632739208078378
            ],
            [
              156.784909827879,
              4.673819365012124
            ],
            [
              156.5291044854683,
              4.875018437029112
            ],
            [
              156.60322551025308,
              4.958084451678492
            ],
            [
              157.10437975891512,
              5.080308816464129
            ]
          ]
        ]
      },
      "id": "ae46725a-cc49-4fa5-857b-0a4622fef3b3"
    }
  ],
  "bbox": [
    141.93287609147384,
    4.344804267683002,
    165.39396363442282,
    13.340728243109865
  ]
}
