{
  "type": "FeatureCollection",
  "features": [
    {
      "type": "Feature",
      "properties": {
        "id": "fe47a37b-6c80-4028-8448-e8a493e3625f",
        "name": "sketch14-0"
      },
      "geometry": {
        "type": "Polygon",
        "coordinates": [
          [
            [
              157.4557760658446,
              5.802188145322511
            ],
            [
              157.6066933399012,
              5.846048205205788
            ],
            [
              157.88261167520622,
              5.677784659375817
            ],
            [
              157.45044590466813,
              5.623452466306595
            ],
            [
              157.39523468337254,
              5.310585272961738
            ],
            [
              157.37202636750268,
              5.363276258699643
            ],
            [
              157.24617603686272,
              5.4416376919415645
            ],
            [
              157.1728885639701,
              5.649959506154114
            ],
            [
              157.19172730290717,
              5.755871326042286
            ],
            [
              157.15372280267684,
              5.8633826355675
            ],
            [
              157.4557760658446,
              5.802188145322511
            ]
          ]
        ]
      },
      "id": "fe47a37b-6c80-4028-8448-e8a493e3625f"
    },
    {
      "type": "Feature",
      "properties": {
        "id": "873aab84-9489-4586-97bf-c9950757bb56",
        "name": "sketch14-1"
      },
      "geometry": {
        "type": "Polygon",
        "coordinates": [
          [
            [
              163.87683648896802,
              8.224096281915536
            ],
            [
              163.9655386916555,
              8.35175312059343
            ],
            [
              164.10715509225392,
              8.345200493685345
            ],
            [
              164.03756804663237,
              8.198728311106324
            ],
            [
              164.22732466213898,
              7.86899792468936
            ],
            [
              163.90761199897258,
              7.754913437807821
            ],
            [
              163.6419504852065,
              7.906266177111399
            ],
            [
              163.5322752176689,
              8.061753566883235
            ],
            [
              163.79286345611777,
              8.210381766705126
            ],
            [
              163.78929511149934,
              8.295527834720444
            ],
            [
              163.87683648896802,
              8.224096281915536
            ]
          ]
        ]
      },
      "id": "873aab84-9489-4586-97bf-c9950757bb56"
    },
    {
      "type": "Feature",
      "properties": {
        "id": "f2c416e0-3cf1-472f-9f1d-081462bea981",
        "name": "sketch14-2"
      },
      "geometry": {
        "type": "Polygon",
        "coordinates": [
          [
            [
              152.76911600546308,
              10.657726432898892
            ],
            [
              153.1544883686418,
              10.594040778831872
            ],
            [
              152.85875514464857,
              10.474671665932176
            ],
            [
              152.7594551868996,
              10.404559198795097
            ],
            [
              152.72459493475847,
              10.588508544766185
            ],
            [
              152.53546588749398,
              10.384729598578621
            ],
            [
              152.42679375719652,
              10.596789338246822
            ],
            [
              152.56680592412863,
              10.645483005706001
            ],
            [
              152.45691786921208,
              10.72104183817439
            ],
            [
              152.6271890929876,
              10.720227562365343
            ],
            [
              152.76911600546308,
              10.657726432898892
            ]
          ]
        ]
      },
      "id": "f2c416e0-3cf1-472f-9f1d-081462bea981"
    },
    {
      "type": "Feature",
      "properties": {
        "id": "13437bd8-bb3c-46fe-bdfe-a8096c7ef862",
        "name": "sketch14-3"
      },
      "geometry": {
        "type": "Polygon",
        "coordinates": [
          [
            [
              151.82829331305982,
              5.219620688152552
            ],
            [
              151.9450724246996,
              5.046994871399685
            ],
            [
              151.8496101252092,
              4.8307986608883615
            ],
            [
              151.666713134874,
              5.002099522176497
            ],
            [
              151.62704469399995,
              5.038641100595588
            ],
            [
              151.180512071344,
              4.943088545189848
            ],
            [
              151.54495335833218,
              5.08586887102042
            ],
            [
              151.36421556644228,
              5.152319293399886
            ],
            [
              151.53865560642535,
              5.280055596294926
            ],
            [
              151.48087206335492,
              5.3940989525218495
            ],
            [
              151.82829331305982,
              5.219620688152552
            ]
          ]
        ]
      },
      "id": "13437bd8-bb3c-46fe-bdfe-a8096c7ef862"
    }
  ],
  "bbox": [
    151.180512071344,
    4.8307986608883615,
    164.22732466213898,
    10.72104183817439
  ]
}
