{
  "type": "FeatureCollection",
  "features": [
    {
      "type": "Feature",
      "properties": {
        "id": "825a2352-30ce-4d53-a6c1-f5191ed90f35",
        "name": "sketch285-0"
      },
      "geometry": {
        "type": "Polygon",
        "coordinates": [
          [
            [
              150.15971294711827,
              2.5737578607899945
            ],
            [
              150.26077590023536,
              2.259130280435463
            ],
            [
              150.26152882076693,
              2.2102108303564814
            ],
            [
              150.05086388041255,
              2.111921765489277
            ],
            [
              149.8335262252522,
              2.43538740197498
            ],
            [
              149.7248684033983,
              2.444358891056117
            ],
            [
              149.35456207777676,
              2.48499787924763
            ],
            [
              149.73561093060567,
              2.7555290211370713
            ],
            [
              149.82407713696944,
              2.778455448578392
            ],
            [
              149.83398623051437,
              2.5569682351472935
            ],
            [
              150.15971294711827,
              2.5737578607899945
            ]
          ]
        ]
      },
      "id": "825a2352-30ce-4d53-a6c1-f5191ed90f35"
    },
    {
      "type": "Feature",
      "properties": {
        "id": "6e615713-73eb-42c8-afca-732f025a63bf",
        "name": "sketch285-1"
      },
      "geometry": {
        "type": "Polygon",
        "coordinates": [
          [
            [
              141.2122723197951,
              5.8601153958435255
            ],
            [
              141.10880719642756,
              5.687197749424928
            ],
            [
              140.9738670328422,
              5.653972268964654
            ],
            [
              140.95541123111926,
              5.464912403451535
            ],
            [
              140.90030428130132,
              5.220819806357573
            ],
            [
              140.65313573216076,
              5.396031573392616
            ],
            [
              140.65505800607184,
              5.58439941719218
            ],
            [
              140.7998121548471,
              5.705053260924459
            ],
            [
              140.6889403736886,
              5.8545018113912635
            ],
            [
              140.9550060443271,
              5.67508956542163
            ],
            [
              141.2122723197951,
              5.8601153958435255
            ]
          ]
        ]
      },
      "id": "6e615713-73eb-42c8-afca-732f025a63bf"
    },
    {
      "type": "Feature",
      "properties": {
        "id": "ff2a04d6-d686-4523-8ba4-21a3bdd3e44e",
        "name": "sketch285-2"
      },
      "geometry": {
        "type": "Polygon",
        "coordinates": [
          [
            [
              161.71876633839844,
              9.211692362913578
            ],
            [
              161.48422687331797,
              8.9900925874898
            ],
            [
              161.37950804247305,
              9.01678243550448
            ],
            [
              161.48093592285886,
              8.70335057788981
            ],
            [
              161.21351200387463,
              8.621064505659358
            ],
            [
              161.2692565505662,
              9.00947200465202
            ],
            [
              161.29898814862733,
              9.026087601464692
            ],
            [
              161.1019175367005,
              9.060745892255245
            ],
            [
              161.28089650869393,
              9.14253822119082
            ],
            [
              161.27735529272343,
              9.257533015889287
            ],
            [
              161.71876633839844,
              9.211692362913578
            ]
          ]
        ]
      },
      "id": "ff2a04d6-d686-4523-8ba4-21a3bdd3e44e"
    },
    {
      "type": "Feature",
      "properties": {
        "id": "125361f4-cab0-4fb6-b535-f3ae1a46d7a9",
        "name": "sketch285-3"
      },
      "geometry": {
        "type": "Polygon",
        "coordinates": [
          [
            [
              154.33545170513486,
              12.562083990298197
            ],
            [
              154.55520049001646,
              12.680752845387271
            ],
            [
              154.63724381271152,
              12.580504634780961
            ],
            [
              154.47254300535587,
              12.480022125379655
            ],
            [
              154.35938000690308,
              12.247392318033748
            ],
            [
              154.27047977189136,
              12.029493715097495
            ],
            [
              153.95694078593039,
              11.99813780065355
            ],
            [
              154.0215244108539,
              12.359419335118194
            ],
            [
              153.91614039369836,
              12.508345358919255
            ],
            [
              154.0053134347825,
              12.533725931590896
            ],
            [
              154.33545170513486,
              12.562083990298197
            ]
          ]
        ]
      },
      "id": "125361f4-cab0-4fb6-b535-f3ae1a46d7a9"
    },
    {
      "type": "Feature",
      "properties": {
        "id": "be945748-2d0a-439b-b18c-cea02e9b47cc",
        "name": "sketch285-4"
      },
      "geometry": {
        "type": "Polygon",
        "coordinates": [
          [
            [
              136.59072556158873,
              3.838672069920558
            ],
            [
              136.70611755389845,
              3.6428862446573533
            ],
            [
              136.83086095914925,
              3.681880588339227
            ],
            [
              136.9029954516947,
              3.5620871125761067
            ],
            [
              136.8493131212134,
              3.3282506893385024
            ],
            [
              136.58251204839607,
              3.3178800631387158
            ],
            [
              136.53664404277905,
              3.2622218114357255
            ],
            [
              136.16893968127047,
              3.088042182631801
            ],
            [
              136.4510227057901,
              3.322030171754077
            ],
            [
              136.34240583821045,
              3.54097811072171
            ],
            [
              136.59072556158873,
              3.838672069920558
            ]
          ]
        ]
      },
      "id": "be945748-2d0a-439b-b18c-cea02e9b47cc"
    }
  ],
  "bbox": [
    136.16893968127047,
    2.111921765489277,
    161.71876633839844,
    12.680752845387271
  ]
}
