{
  "type": "FeatureCollection",
  "features": [
    {
      "type": "Feature",
      "properties": {
        "id": "fd7a4e4c-d58a-4c4c-b174-ebc24dfb6ce1",
        "name": "sketch483-0"
      },
      "geometry": {
        "type": "Polygon",
        "coordinates": [
          [
            [
              153.58738883724277,
              5.654663807857414
            ],
            [
              153.83098778159172,
              5.535068775604477
            ],
            [
              153.7022642652687,
              5.52795418692295
            ],
            [
              153.58418304903455,
              5.317803744324161
            ],
            [
              153.17551093988715,
              5.330317856095992
            ],
            [
              153.21755943546253,
              5.664539665382758
            ],
            [
              153.19573784506252,
              5.7266423947381115
            ],
            [
              153.18707302019027,
              5.810792610687212
            ],
            [
              153.4030522281647,
              5.718609325531775
            ],
            [
              153.49430708686734,
              5.844635194689706
            ],
            [
              153.58738883724277,
              5.654663807857414
            ]
          ]
        ]
      },
      "id": "fd7a4e4c-d58a-4c4c-b174-ebc24dfb6ce1"
    },
    {
      "type": "Feature",
      "properties": {
        "id": "f2ced421-7a9d-4136-843d-fde671cb5a1a",
        "name": "sketch483-1"
      },
      "geometry": {
        "type": "Polygon",
        "coordinates": [
          [
            [
              154.5443158511223,
              11.307186940812473
            ],
            [
              154.73442720142123,
              11.310034146474012
            ],
            [
              154.59975120134533,
              11.010729412300474
            ],
            [
              154.5160586007881,
              11.025557868829088
            ],
            [
              154.50689170112062,
              10.963057525790685
            ],
            [
              154.4572285771635,
              10.671186740500895
            ],
            [
              154.2774352599425,
              10.798475329296233
            ],
            [
              154.34541543657318,
              11.120861955250163
            ],
            [
              154.3666354405332,
              11.13337740662451
            ],
            [
              154.3662680425202,
              11.15244520729335
            ],
            [
              154.5443158511223,
              11.307186940812473
            ]
          ]
        ]
      },
      "id": "f2ced421-7a9d-4136-843d-fde671cb5a1a"
    },
    {
      "type": "Feature",
      "properties": {
        "id": "dc2aa498-05b5-4110-8c29-2656df622798",
        "name": "sketch483-2"
      },
      "geometry": {
        "type": "Polygon",
        "coordinates": [
          [
            [
              145.84740992605947,
              6.198188762316755
            ],
            [
              145.672038520544,
              5.9140922773594635
            ],
            [
              145.88112194450537,
              5.761902226897486
            ],
            [
              145.7043459079843,
              5.747620249861427
            ],
            [
              145.81041999911707,
              5.486645937732949
            ],
            [
              145.44838573878246,
              5.4348223543085945
            ],
            [
              145.5913511939423,
              5.898363836350146
            ],
            [
              145.1679262069775,
              5.7772557140106695
            ],
            [
              145.39704871826308,
              5.959399563719361
            ],
            [
              145.32002704271056,
              6.180184110785786
            ],
            [
              145.84740992605947,
              6.198188762316755
            ]
          ]
        ]
      },
      "id": "dc2aa498-05b5-4110-8c29-2656df622798"
    }
  ],
  "bbox": [
    145.1679262069775,
    5.317803744324161,
    154.73442720142123,
    11.310034146474012
  ]
}
