{
  "type": "FeatureCollection",
  "features": [
    {
      "type": "Feature",
      "properties": {
        "id": "cef914a8-88d6-4535-b7b6-b88b7c2a8b07",
        "name": "sketch429-0"
      },
      "geometry": {
        "type": "Polygon",
        "coordinates": [
          [
            [
              135.554040507639,
              11.462355216591575
            ],
            [
              135.7149303652883,
              11.598645988536765
            ],
            [
              135.97794319550314,
              11.519902269614347
            ],
            [
              135.8411125997135,
              11.198500995875166
            ],
            [
              135.630060323437,
              11.166888128172719
            ],
            [
              135.57371934504852,
              11.303459478440583
            ],
            [
              135.47960768546102,
              11.27726964806091
            ],
            [
              135.14227807469268,
              11.248615346424486
            ],
            [
              135.21655009035808,
              11.453574875378077
            ],
            [
              135.3524549156846,
              11.71691493706055
            ],
            [
              135.554040507639,
              11.462355216591575
            ]
          ]
        ]
      },
      "id": "cef914a8-88d6-4535-b7b6-b88b7c2a8b07"
    },
    {
      "type": "Feature",
      "properties": {
        "id": "fac0e2bd-b76b-4575-97fb-c8c5a86afd06",
        "name": "sketch429-1"
      },
      "geometry": {
        "type": "Polygon",
        "coordinates": [
          [
            [
              161.96443917285941,
              0.016896280816169174
            ],
            [
              161.71333155011922,
              -0.3195929134404323
            ],
            [
              161.79310694563492,
              -0.30077568225265316
            ],
            [
              161.89317328723462,
              -0.3943060301443895
            ],
            [
              161.93697570596063,
              -0.6597093196169181
            ],
            [
              161.64486069944329,
              -0.5091571416266745
            ],
            [
              161.61845979543565,
              -0.8471406112511672
            ],
            [
              161.32032930612,
              -0.6303055203185666
            ],
            [
              161.2775146286517,
              -0.2942563027690177
            ],
            [
              161.45605186508885,
              -0.17332468712554097
            ],
            [
              161.96443917285941,
              0.016896280816169174
            ]
          ]
        ]
      },
      "id": "fac0e2bd-b76b-4575-97fb-c8c5a86afd06"
    },
    {
      "type": "Feature",
      "properties": {
        "id": "3bc2b204-720a-4da3-9fc1-b8814befd65c",
        "name": "sketch429-2"
      },
      "geometry": {
        "type": "Polygon",
        "coordinates": [
          [
            [
              158.71606116190353,
              -0.5174886241466401
            ],
            [
              159.04393238579266,
              -0.3046158159770389
            ],
            [
              158.7753702540014,
              -0.5261363034184021
            ],
            [
              158.93551728961864,
              -0.5390146096082867
            ],
            [
              158.9460472841569,
              -0.8732854974893545
            ],
            [
              158.7595366724778,
              -0.7513543752413562
            ],
            [
              158.70012596175712,
              -0.5970023020847329
            ],
            [
              158.51973179260926,
              -0.6766220970453749
            ],
            [
              158.669705060596,
              -0.5388303677527678
            ],
            [
              158.32645836533976,
              -0.2786577517994031
            ],
            [
              158.71606116190353,
              -0.5174886241466401
            ]
          ]
        ]
      },
      "id": "3bc2b204-720a-4da3-9fc1-b8814befd65c"
    },
    {
      "type": "Feature",
      "properties": {
        "id": "ee7ae386-43a9-46ac-8401-bb53298844fd",
        "name": "sketch429-3"
      },
      "geometry": {
        "type": "Polygon",
        "coordinates": [
          [
            [
              151.40896700538252,
              5.434857791804936
            ],
            [
              151.39916982468196,
              5.215183352242954
            ],
            [
              151.73488208414702,
              5.1260224417824025
            ],
            [
              151.37231078903866,
              5.148244807980619
            ],
            [
              151.46791001428562,
              4.730979389592516
            ],
            [
              151.31810657116665,
              4.914333877744302
            ],
            [
              151.20154281431059,
              4.9788111343646015
            ],
            [
              151.02643068719334,
              5.006701388105362
            ],
            [
              151.09711185026043,
              5.190385652524519
            ],
            [
              151.20936030646467,
              5.515433708824638
            ],
            [
              151.40896700538252,
              5.434857791804936
            ]
          ]
        ]
      },
      "id": "ee7ae386-43a9-46ac-8401-bb53298844fd"
    },
    {
      "type": "Feature",
      "properties": {
        "id": "ca668510-45ad-4274-ba19-bebcd37f6adf",
        "name": "sketch429-4"
      },
      "geometry": {
        "type": "Polygon",
        "coordinates": [
          [
            [
              161.6018262665884,
              10.421485785643926
            ],
            [
              161.92990468994984,
              10.435052962081137
            ],
            [
              161.7991127030476,
              10.357344254369927
            ],
            [
              161.59301932743944,
              10.150464509072828
            ],
            [
              161.4700039758047,
              10.24166748665566
            ],
            [
              161.3805956452602,
              9.945759601980786
            ],
            [
              161.31880054417582,
              10.022013181611394
            ],
            [
              161.13410153546127,
              10.252060762837802
            ],
            [
              160.99356182908528,
              10.226183642271264
            ],
            [
              161.40348238557695,
              10.405593718151732
            ],
            [
              161.6018262665884,
              10.421485785643926
            ]
          ]
        ]
      },
      "id": "ca668510-45ad-4274-ba19-bebcd37f6adf"
    },
    {
      "type": "Feature",
      "properties": {
        "id": "e3ba1d7a-d9ac-4b4f-9a6c-951072f70c40",
        "name": "sketch429-5"
      },
      "geometry": {
        "type": "Polygon",
        "coordinates": [
          [
            [
              164.85639545254588,
              3.0645933423196166
            ],
            [
              164.92119022837807,
              2.9840581967645217
            ],
            [
              165.01566749301386,
              2.889632408465013
            ],
            [
              164.92675119636687,
              2.853195058971139
            ],
            [
              164.8445403057704,
              2.8591516257330505
            ],
            [
              164.84665794397577,
              2.7836963476717926
            ],
            [
              164.74630154720543,
              2.758132846017797
            ],
            [
              164.53454390957657,
              2.7888177001654357
            ],
            [
              164.36548429173916,
              3.0554040829957576
            ],
            [
              164.71176989803212,
              3.190118643351519
            ],
            [
              164.85639545254588,
              3.0645933423196166
            ]
          ]
        ]
      },
      "id": "e3ba1d7a-d9ac-4b4f-9a6c-951072f70c40"
    },
    {
      "type": "Feature",
      "properties": {
        "id": "f4d4bae5-c114-48ae-906d-44fc99ce1aa9",
        "name": "sketch429-6"
      },
      "geometry": {
        "type": "Polygon",
        "coordinates": [
          [
            [
              162.94116326887894,
              0.45183565373245227
            ],
            [
              162.89784899271018,
              0.34741495274849543
            ],
            [
              163.07337104464114,
              0.31131548015354815
            ],
            [
              163.00288045482233,
              0.06465756127134947
            ],
            [
              162.97023343398024,
              -0.1283892777450562
            ],
            [
              162.84119728766282,
              0.2985757764226606
            ],
            [
              162.74722814734864,
              0.17754644563111385
            ],
            [
              162.6426286533488,
              0.09269056655906446
            ],
            [
              162.75073258047323,
              0.31767395385893366
            ],
            [
              162.75433611428585,
              0.4783428797863837
            ],
            [
              162.94116326887894,
              0.45183565373245227
            ]
          ]
        ]
      },
      "id": "f4d4bae5-c114-48ae-906d-44fc99ce1aa9"
    },
    {
      "type": "Feature",
      "properties": {
        "id": "d1ea1c3b-638d-44b4-b81e-22f6b7f5c03b",
        "name": "sketch429-7"
      },
      "geometry": {
        "type": "Polygon",
        "coordinates": [
          [
            [
              155.93505861258532,
              -0.034422185525039395
            ],
            [
              156.01267363847998,
              -0.33562697925012314
            ],
            [
              155.96265190297186,
              -0.4521282715296142
            ],
            [
              155.97932090815573,
              -0.4651328026939256
            ],
            [
              156.13612221327602,
              -0.5717317142711149
            ],
            [
              155.92270755835077,
              -0.8453952326007803
            ],
            [
              155.8554285657779,
              -0.5877035755235508
            ],
            [
              155.7076384260483,
              -0.5206650831676729
            ],
            [
              155.6417144005884,
              -0.4684510783782388
            ],
            [
              155.5999869268736,
              -0.24234317985659487
            ],
            [
              155.93505861258532,
              -0.034422185525039395
            ]
          ]
        ]
      },
      "id": "d1ea1c3b-638d-44b4-b81e-22f6b7f5c03b"
    },
    {
      "type": "Feature",
      "properties": {
        "id": "e419010a-c7fc-45c9-891a-c2b4a932670d",
        "name": "sketch429-8"
      },
      "geometry": {
        "type": "Polygon",
        "coordinates": [
          [
            [
              162.58525433100698,
              3.068046805496102
            ],
            [
              162.59935371477053,
              2.836115003608711
            ],
            [
              162.3605996479877,
              2.7094955772439056
            ],
            [
              162.44383535838995,
              2.6599009217822682
            ],
            [
              162.33544847014315,
              2.6227986429827306
            ],
            [
              162.15772867713383,
              2.5159457202470143
            ],
            [
              162.1078622270825,
              2.464681961562264
            ],
            [
              162.09088997852928,
              2.7237134201073014
            ],
            [
              161.94619322111723,
              2.7447156590134476
            ],
            [
              162.30760013060197,
              2.732775887618303
            ],
            [
              162.58525433100698,
              3.068046805496102
            ]
          ]
        ]
      },
      "id": "e419010a-c7fc-45c9-891a-c2b4a932670d"
    }
  ],
  "bbox": [
    135.14227807469268,
    -0.8732854974893545,
    165.01566749301386,
    11.71691493706055
  ]
}
