{
  "type": "FeatureCollection",
  "features": [
    {
      "type": "Feature",
      "properties": {
        "id": "a5b609be-d6bf-48b9-8484-6d0bffdf29aa",
        "name": "sketch79-0"
      },
      "geometry": {
        "type": "Polygon",
        "coordinates": [
          [
            [
              160.88075615394033,
              13.109019740742724
            ],
            [
              160.87780294551428,
              13.063247466803189
            ],
            [
              161.1055986082887,
              13.028152193976352
            ],
            [
              161.0720840478542,
              12.895501130117461
            ],
            [
              161.03101921834042,
              12.622932016443484
            ],
            [
              160.7199286605829,
              12.877475951192109
            ],
            [
              160.278104894739,
              12.755074291414264
            ],
            [
              160.377807625415,
              12.798901088415485
            ],
            [
              160.6928688567918,
              12.895537857630776
            ],
            [
              160.6404389020603,
              12.990923933518921
            ],
            [
              160.88075615394033,
              13.109019740742724
            ]
          ]
        ]
      },
      "id": "a5b609be-d6bf-48b9-8484-6d0bffdf29aa"
    },
    {
      "type": "Feature",
      "properties": {
        "id": "e6d39010-5853-4030-a682-2a3be5597ed6",
        "name": "sketch79-1"
      },
      "geometry": {
        "type": "Polygon",
        "coordinates": [
          [
            [
              136.0972103572299,
              5.123568316839909
            ],
            [
              136.14554777981414,
              4.97030398474642
            ],
            [
              136.28895412237657,
              4.872472437609326
            ],
            [
              136.2816265114083,
              4.5672117951438045
            ],
            [
              136.19760482680095,
              4.411888507164835
            ],
            [
              135.87338946108895,
              4.688857583245916
            ],
            [
              135.61147791473493,
              4.458645607801286
            ],
            [
              135.66049390388784,
              4.663018870208803
            ],
            [
              135.76935949170044,
              4.837338234558196
            ],
            [
              135.6225446911816,
              5.033448123995694
            ],
            [
              136.0972103572299,
              5.123568316839909
            ]
          ]
        ]
      },
      "id": "e6d39010-5853-4030-a682-2a3be5597ed6"
    },
    {
      "type": "Feature",
      "properties": {
        "id": "39f0798d-c50f-4ae3-8c49-46f0d4ee01df",
        "name": "sketch79-2"
      },
      "geometry": {
        "type": "Polygon",
        "coordinates": [
          [
            [
              164.09606675205282,
              12.71708131894633
            ],
            [
              164.2115098993038,
              12.522682994481046
            ],
            [
              164.0306752820193,
              12.533724796911846
            ],
            [
              164.173266970656,
              12.236837260883938
            ],
            [
              163.95440798182528,
              12.188648331293845
            ],
            [
              163.69755951668418,
              12.318141537215123
            ],
            [
              163.88890705580584,
              12.537782531998548
            ],
            [
              163.66598984249654,
              12.562545050801113
            ],
            [
              163.93427396800973,
              12.554161585636333
            ],
            [
              163.97134132481116,
              12.549732406000551
            ],
            [
              164.09606675205282,
              12.71708131894633
            ]
          ]
        ]
      },
      "id": "39f0798d-c50f-4ae3-8c49-46f0d4ee01df"
    },
    {
      "type": "Feature",
      "properties": {
        "id": "9c843394-a06a-4532-9cff-a7be7c06c671",
        "name": "sketch79-3"
      },
      "geometry": {
        "type": "Polygon",
        "coordinates": [
          [
            [
              141.9875273554109,
              11.085214572060918
            ],
            [
              142.03576249632366,
              11.237056717808802
            ],
            [
              142.14254850776314,
              10.88900863150399
            ],
            [
              142.14248851077625,
              10.647189186880428
            ],
            [
              142.12729460389272,
              10.495176694315617
            ],
            [
              141.94698960209178,
              10.713637383772637
            ],
            [
              141.76790739705737,
              10.594945610489264
            ],
            [
              141.85445962303544,
              10.817263510334588
            ],
            [
              141.51335521168366,
              10.726817127281292
            ],
            [
              141.72173905603452,
              11.052011638850004
            ],
            [
              141.9875273554109,
              11.085214572060918
            ]
          ]
        ]
      },
      "id": "9c843394-a06a-4532-9cff-a7be7c06c671"
    },
    {
      "type": "Feature",
      "properties": {
        "id": "e11a4022-6518-42af-9915-d88db44e1bb3",
        "name": "sketch79-4"
      },
      "geometry": {
        "type": "Polygon",
        "coordinates": [
          [
            [
              140.2601161164128,
              12.623574432897833
            ],
            [
              140.4756968576949,
              12.351883950608137
            ],
            [
              140.25575212983117,
              12.241104396525644
            ],
            [
              140.54602762704423,
              12.255578343360057
            ],
            [
              140.26375761469296,
              12.192953912924288
            ],
            [
              140.1574858469822,
              11.894938381020413
            ],
            [
              140.23546280986778,
              12.224000212989926
            ],
            [
              140.19067690244174,
              12.136545381685087
            ],
            [
              139.90596818323823,
              12.282466130148837
            ],
            [
              140.18915910707435,
              12.420135630447747
            ],
            [
              140.2601161164128,
              12.623574432897833
            ]
          ]
        ]
      },
      "id": "e11a4022-6518-42af-9915-d88db44e1bb3"
    },
    {
      "type": "Feature",
      "properties": {
        "id": "82e239ed-a3a3-4550-8576-631c2cbaaf64",
        "name": "sketch79-5"
      },
      "geometry": {
        "type": "Polygon",
        "coordinates": [
          [
            [
              154.77762544697185,
              8.857147565334756
            ],
            [
              154.84722626113492,
              8.910639302796541
            ],
            [
              154.97339212518776,
              8.913955769882275
            ],
            [
              154.83232033572068,
              8.785719395482086
            ],
            [
              154.7819928398792,
              8.772867124592585
            ],
            [
              154.75880039024642,
              8.698584344082306
            ],
            [
              154.6647474476604,
              8.390865764053467
            ],
            [
              154.59093886234047,
              8.694999159754731
            ],
            [
              154.483893135953,
              8.889504988787818
            ],
            [
              154.50371750198335,
              8.976669830123651
            ],
            [
              154.77762544697185,
              8.857147565334756
            ]
          ]
        ]
      },
      "id": "82e239ed-a3a3-4550-8576-631c2cbaaf64"
    },
    {
      "type": "Feature",
      "properties": {
        "id": "7919ddd8-3f8e-4cfd-baa1-e6c46f6de0db",
        "name": "sketch79-6"
      },
      "geometry": {
        "type": "Polygon",
        "coordinates": [
          [
            [
              160.96186846609262,
              7.106616849461796
            ],
            [
              160.89722498938102,
              6.8706394990982815
            ],
            [
              160.9692761746042,
              6.500827416937502
            ],
            [
              160.8709751821636,
              6.75507811670665
            ],
            [
              160.9015240280522,
              6.636277386654769
            ],
            [
              160.83610541354224,
              6.859365534569772
            ],
            [
              160.58658452697097,
              6.604763540368536
            ],
            [
              160.73733638486704,
              6.804680481910308
            ],
            [
              160.77263309243597,
              6.871513545039278
            ],
            [
              160.75764836123653,
              6.96202503721884
            ],
            [
              160.96186846609262,
              7.106616849461796
            ]
          ]
        ]
      },
      "id": "7919ddd8-3f8e-4cfd-baa1-e6c46f6de0db"
    },
    {
      "type": "Feature",
      "properties": {
        "id": "aa7c7eae-7dd9-48aa-9066-652c3169dedb",
        "name": "sketch79-7"
      },
      "geometry": {
        "type": "Polygon",
        "coordinates": [
          [
            [
              135.57865671007005,
              1.0355086397474216
            ],
            [
              135.40672111774313,
              0.8796605494520418
            ],
            [
              135.40049722961368,
              0.7992633184457352
            ],
            [
              135.25605685085975,
              0.5520172053434556
            ],
            [
              135.3417698260215,
              0.8429656439976526
            ],
            [
              135.27820911035764,
              0.7907500874407285
            ],
            [
              135.1172788495798,
              0.7592992186317018
            ],
            [
              135.12100454978568,
              0.8481039565158519
            ],
            [
              135.06598916635537,
              1.051792269593716
            ],
            [
              135.17614238058803,
              1.096579882606061
            ],
            [
              135.57865671007005,
              1.0355086397474216
            ]
          ]
        ]
      },
      "id": "aa7c7eae-7dd9-48aa-9066-652c3169dedb"
    },
    {
      "type": "Feature",
      "properties": {
        "id": "96bc30c3-2e0d-4442-b44e-9ce76d77a6db",
        "name": "sketch79-8"
      },
      "geometry": {
        "type": "Polygon",
        "coordinates": [
          [
            [
              142.5732217680074,
              12.925491670731837
            ],
            [
              142.78397309262664,
              12.678408966346497
            ],
            [
              142.85223143718036,
              12.581028042135111
            ],
            [
              142.71356782953015,
              12.429103706104382
            ],
            [
              142.71791111233202,
              12.384254294051745
            ],
            [
              142.58164215281906,
              12.424120377968695
            ],
            [
              142.46295294305676,
              12.369784498592612
            ],
            [
              142.5262313829275,
              12.438202540180729
            ],
            [
              142.4383340026207,
              12.499011301005131
            ],
            [
              142.29101505071154,
              12.800564353363031
            ],
            [
              142.5732217680074,
              12.925491670731837
            ]
          ]
        ]
      },
      "id": "96bc30c3-2e0d-4442-b44e-9ce76d77a6db"
    }
  ],
  "bbox": [
    135.06598916635537,
    0.5520172053434556,
    164.2115098993038,
    13.109019740742724
  ]
}
