{
  "type": "FeatureCollection",
  "features": [
    {
      "type": "Feature",
      "properties": {
        "id": "3b8bbdab-3b72-442f-aeb1-05f613d898eb",
        "name": "sketch46-0"
      },
      "geometry": {
        "type": "Polygon",
        "coordinates": [
          [
            [
              136.81386134235993,
              9.242178615462933
            ],
            [
              136.97465730375325,
              9.045439050495785
            ],
            [
              137.19232237956928,
              8.903331282121348
            ],
            [
              137.0739231578716,
              8.758442152023937
            ],
            [
              136.81629842644008,
              8.737607294325198
            ],
            [
              136.59596639102028,
              8.76122759235852
            ],
            [
              136.26931960890383,
              8.819409009342358
            ],
            [
              136.66555195840147,
              8.969589878914775
            ],
            [
              136.69982782177294,
              8.981124004702508
            ],
            [
              136.5957311710171,
              9.214624064810142
            ],
            [
              136.81386134235993,
              9.242178615462933
            ]
          ]
        ]
      },
      "id": "3b8bbdab-3b72-442f-aeb1-05f613d898eb"
    },
    {
      "type": "Feature",
      "properties": {
        "id": "5e3e2f91-bc52-493f-92b0-e68624e14816",
        "name": "sketch46-1"
      },
      "geometry": {
        "type": "Polygon",
        "coordinates": [
          [
            [
              139.5831725449188,
              8.358939779414774
            ],
            [
              139.59386427482005,
              8.367647446723538
            ],
            [
              139.67305939967582,
              8.040067512745427
            ],
            [
              139.78502044871277,
              7.978421169954876
            ],
            [
              139.71782834733563,
              7.935424104345152
            ],
            [
              139.80956748029993,
              7.872237522268093
            ],
            [
              139.65236274906522,
              7.68193754694242
            ],
            [
              139.43929828258337,
              7.856458661006664
            ],
            [
              139.29483706177632,
              7.945097570940584
            ],
            [
              139.40979754275554,
              8.103209371495792
            ],
            [
              139.5831725449188,
              8.358939779414774
            ]
          ]
        ]
      },
      "id": "5e3e2f91-bc52-493f-92b0-e68624e14816"
    },
    {
      "type": "Feature",
      "properties": {
        "id": "2df6c01e-9178-4047-a362-a53acc7cc0bb",
        "name": "sketch46-2"
      },
      "geometry": {
        "type": "Polygon",
        "coordinates": [
          [
            [
              138.5084899343696,
              11.075236216796162
            ],
            [
              138.57340748779922,
              11.001440043231536
            ],
            [
              138.56054526671667,
              10.62275151817008
            ],
            [
              138.49372280371963,
              10.601767686896089
            ],
            [
              138.34584069269502,
              10.57206520083254
            ],
            [
              138.37712419569402,
              10.420393457018957
            ],
            [
              138.05311750746245,
              10.384719110115649
            ],
            [
              138.05714038964257,
              10.616593228030728
            ],
            [
              137.86206639379995,
              10.725354626184382
            ],
            [
              137.86678249840864,
              10.802360069736329
            ],
            [
              138.5084899343696,
              11.075236216796162
            ]
          ]
        ]
      },
      "id": "2df6c01e-9178-4047-a362-a53acc7cc0bb"
    },
    {
      "type": "Feature",
      "properties": {
        "id": "70c5e681-6435-468a-a025-ad3ad4a64f77",
        "name": "sketch46-3"
      },
      "geometry": {
        "type": "Polygon",
        "coordinates": [
          [
            [
              160.02540271384356,
              5.104373602936342
            ],
            [
              160.3994699709737,
              4.707152366948779
            ],
            [
              159.94912150980437,
              4.786675620383168
            ],
            [
              160.11148891381822,
              4.496040566554521
            ],
            [
              160.09230842194816,
              4.329578687257844
            ],
            [
              159.96606394053393,
              4.567892720463671
            ],
            [
              159.7567691963451,
              4.734991211463288
            ],
            [
              159.6941382975033,
              4.831603358415054
            ],
            [
              159.60487037197072,
              5.102297634275349
            ],
            [
              159.90587771892012,
              4.987286767452978
            ],
            [
              160.02540271384356,
              5.104373602936342
            ]
          ]
        ]
      },
      "id": "70c5e681-6435-468a-a025-ad3ad4a64f77"
    },
    {
      "type": "Feature",
      "properties": {
        "id": "f3345fd7-f999-4523-8de1-904081f8bb89",
        "name": "sketch46-4"
      },
      "geometry": {
        "type": "Polygon",
        "coordinates": [
          [
            [
              160.6026023006012,
              5.609151440383949
            ],
            [
              160.72752870010217,
              5.667563692301112
            ],
            [
              161.0762021169725,
              5.656523696294171
            ],
            [
              160.7815509115664,
              5.561046602198295
            ],
            [
              160.70287961149882,
              5.227489090123633
            ],
            [
              160.37011230561717,
              5.152286682966664
            ],
            [
              160.4666562078191,
              5.475322210045723
            ],
            [
              160.5050576262059,
              5.602916188040871
            ],
            [
              160.3596405925523,
              5.770785404940818
            ],
            [
              160.58812239514884,
              5.606958700460985
            ],
            [
              160.6026023006012,
              5.609151440383949
            ]
          ]
        ]
      },
      "id": "f3345fd7-f999-4523-8de1-904081f8bb89"
    },
    {
      "type": "Feature",
      "properties": {
        "id": "7f679a7d-4341-42d9-a4b9-f6417c959936",
        "name": "sketch46-5"
      },
      "geometry": {
        "type": "Polygon",
        "coordinates": [
          [
            [
              135.79266920680675,
              3.2776487031853647
            ],
            [
              136.17944793877595,
              3.100933271697521
            ],
            [
              135.93695047835897,
              2.9911875354061315
            ],
            [
              135.74543757031608,
              2.8380963772919663
            ],
            [
              135.70662781987988,
              2.666346547951878
            ],
            [
              135.46682858534012,
              2.7999400712588156
            ],
            [
              135.6273160055691,
              3.04567623032915
            ],
            [
              135.55774023641442,
              3.1532479970547507
            ],
            [
              135.54266458472074,
              3.368498241886359
            ],
            [
              135.68078881951047,
              3.129704074324268
            ],
            [
              135.79266920680675,
              3.2776487031853647
            ]
          ]
        ]
      },
      "id": "7f679a7d-4341-42d9-a4b9-f6417c959936"
    }
  ],
  "bbox": [
    135.46682858534012,
    2.666346547951878,
    161.0762021169725,
    11.075236216796162
  ]
}
