{
  "type": "FeatureCollection",
  "features": [
    {
      "type": "Feature",
      "properties": {
        "id": "d93d64fa-221d-4825-8522-d0744b7fce7f",
        "name": "sketch29-0"
      },
      "geometry": {
        "type": "Polygon",
        "coordinates": [
          [
            [
              144.99364466502757,
              11.335559908595704
            ],
            [
              145.43837377634674,
              11.468980500537189
            ],
            [
              145.47478147450536,
              11.43111681017632
            ],
            [
              145.09723622821983,
              11.225764275743224
            ],
            [
              144.96484716556225,
              11.17990691398509
            ],
            [
              144.95727688688518,
              11.205564318463184
            ],
            [
              144.87619614201202,
              11.021946390541018
            ],
            [
              144.65677427424905,
              11.036738155012587
            ],
            [
              144.95199039965078,
              11.34170384562185
            ],
            [
              144.77987963547508,
              11.571540692630908
            ],
            [
              144.99364466502757,
              11.335559908595704
            ]
          ]
        ]
      },
      "id": "d93d64fa-221d-4825-8522-d0744b7fce7f"
    },
    {
      "type": "Feature",
      "properties": {
        "id": "57d2b75d-157f-43eb-bec5-abacb4ef9506",
        "name": "sketch29-1"
      },
      "geometry": {
        "type": "Polygon",
        "coordinates": [
          [
            [
              149.95567198421784,
              10.946041383791785
            ],
            [
              149.79091695994853,
              10.744662099276251
            ],
            [
              150.21098713431726,
              10.902545065608148
            ],
            [
              149.79272961964747,
              10.737033792767793
            ],
            [
              149.92867789569306,
              10.563700024702918
            ],
            [
              149.87364232071906,
              10.544913410442904
            ],
            [
              149.7550065890462,
              10.568360624488736
            ],
            [
              149.5559750005021,
              10.39886439028091
            ],
            [
              149.3842949558919,
              10.646341206460958
            ],
            [
              149.77399758908683,
              10.750059031674766
            ],
            [
              149.95567198421784,
              10.946041383791785
            ]
          ]
        ]
      },
      "id": "57d2b75d-157f-43eb-bec5-abacb4ef9506"
    },
    {
      "type": "Feature",
      "properties": {
        "id": "90164755-d423-429a-bb1e-680349155d83",
        "name": "sketch29-2"
      },
      "geometry": {
        "type": "Polygon",
        "coordinates": [
          [
            [
              142.70217666544937,
              5.943950098458052
            ],
            [
              142.8049024643141,
              5.835717619381611
            ],
            [
              142.60935654436443,
              5.611176012846539
            ],
            [
              142.5590063434496,
              5.422281888672142
            ],
            [
              142.5289094133019,
              5.463493390295264
            ],
            [
              142.44654576149185,
              5.329679658559224
            ],
            [
              142.41074765641696,
              5.71763452583427
            ],
            [
              142.45760703249027,
              5.781393118425886
            ],
            [
              142.26937806140396,
              5.582968546236179
            ],
            [
              142.03604196072686,
              5.922278985370859
            ],
            [
              142.70217666544937,
              5.943950098458052
            ]
          ]
        ]
      },
      "id": "90164755-d423-429a-bb1e-680349155d83"
    },
    {
      "type": "Feature",
      "properties": {
        "id": "ddda46fa-2ed0-4be8-831b-1ca4fa4ec89a",
        "name": "sketch29-3"
      },
      "geometry": {
        "type": "Polygon",
        "coordinates": [
          [
            [
              140.77365241252426,
              3.053866898563437
            ],
            [
              140.51871544245256,
              2.6977415919911474
            ],
            [
              140.5006672145662,
              2.670810262385668
            ],
            [
              140.3107343961731,
              2.7680432948216462
            ],
            [
              139.942312886196,
              2.623784990303342
            ],
            [
              139.98798246383376,
              2.730584594593429
            ],
            [
              139.93800167788476,
              2.7471289030487918
            ],
            [
              140.2066159006846,
              2.89945195538346
            ],
            [
              140.1380461501166,
              2.94470717576044
            ],
            [
              140.31539874916822,
              2.9107953213856805
            ],
            [
              140.77365241252426,
              3.053866898563437
            ]
          ]
        ]
      },
      "id": "ddda46fa-2ed0-4be8-831b-1ca4fa4ec89a"
    },
    {
      "type": "Feature",
      "properties": {
        "id": "9c68fba3-65f7-4037-8942-98b1192fedfe",
        "name": "sketch29-4"
      },
      "geometry": {
        "type": "Polygon",
        "coordinates": [
          [
            [
              164.6117006634268,
              0.3216107501626624
            ],
            [
              164.76280110299112,
              0.19041877283763067
            ],
            [
              164.54663426786544,
              0.1840509271061544
            ],
            [
              164.59077652072622,
              -0.10486547079058162
            ],
            [
              164.38422784978877,
              0.18683521878830617
            ],
            [
              164.27533369411253,
              0.0971661935020119
            ],
            [
              164.17989930947476,
              0.18735912491593146
            ],
            [
              164.20410734868372,
              0.6435524198868838
            ],
            [
              164.34682875892685,
              0.5501405096076539
            ],
            [
              164.38083077486442,
              0.511631488606999
            ],
            [
              164.6117006634268,
              0.3216107501626624
            ]
          ]
        ]
      },
      "id": "9c68fba3-65f7-4037-8942-98b1192fedfe"
    },
    {
      "type": "Feature",
      "properties": {
        "id": "0afc16f0-375c-49b7-9bd7-de28e42e7ba4",
        "name": "sketch29-5"
      },
      "geometry": {
        "type": "Polygon",
        "coordinates": [
          [
            [
              136.58469781799755,
              2.3866266351503174
            ],
            [
              136.38554177532777,
              2.160295229128568
            ],
            [
              136.6778853111854,
              2.250792633179635
            ],
            [
              136.6408719934891,
              2.1362829461003474
            ],
            [
              136.35797367081943,
              2.0951838084078402
            ],
            [
              136.38430460891226,
              1.921966702360204
            ],
            [
              136.05898746138476,
              1.7190446090209333
            ],
            [
              136.00637765298052,
              2.0983468073069225
            ],
            [
              135.95311187729965,
              2.441850767913509
            ],
            [
              136.22733225937037,
              2.2751563384345688
            ],
            [
              136.58469781799755,
              2.3866266351503174
            ]
          ]
        ]
      },
      "id": "0afc16f0-375c-49b7-9bd7-de28e42e7ba4"
    },
    {
      "type": "Feature",
      "properties": {
        "id": "c89f837e-cab3-43df-9c82-79515e66d9d3",
        "name": "sketch29-6"
      },
      "geometry": {
        "type": "Polygon",
        "coordinates": [
          [
            [
              138.23773423537085,
              1.119237986744611
            ],
            [
              138.43983336131373,
              1.3665089395658572
            ],
            [
              138.42069599992865,
              1.152632763068038
            ],
            [
              138.24303410926495,
              1.1063413403326516
            ],
            [
              138.30926928927698,
              0.9170689947110436
            ],
            [
              138.15609774056065,
              0.9062296298086285
            ],
            [
              137.89639816669543,
              0.9433433124960242
            ],
            [
              137.8309555249706,
              1.1682985663044734
            ],
            [
              137.91244933031132,
              1.4428234825115371
            ],
            [
              138.22116445944343,
              1.1423821515740065
            ],
            [
              138.23773423537085,
              1.119237986744611
            ]
          ]
        ]
      },
      "id": "c89f837e-cab3-43df-9c82-79515e66d9d3"
    },
    {
      "type": "Feature",
      "properties": {
        "id": "783b54e1-56f5-46ae-8daf-672e461983ec",
        "name": "sketch29-7"
      },
      "geometry": {
        "type": "Polygon",
        "coordinates": [
          [
            [
              147.84653351121293,
              1.448077730870676
            ],
            [
              147.97724294825846,
              1.3277600047785985
            ],
            [
              148.06256160260645,
              1.2885934519424136
            ],
            [
              147.85101860418402,
              1.3174794133856846
            ],
            [
              147.82229346166528,
              1.2379966146802075
            ],
            [
              147.76810103006667,
              1.216001583147234
            ],
            [
              147.4165242109931,
              1.1576910508493619
            ],
            [
              147.5433220929637,
              1.3575650169948081
            ],
            [
              147.51047245683083,
              1.6177161812106715
            ],
            [
              147.6550648882907,
              1.722986992209342
            ],
            [
              147.84653351121293,
              1.448077730870676
            ]
          ]
        ]
      },
      "id": "783b54e1-56f5-46ae-8daf-672e461983ec"
    },
    {
      "type": "Feature",
      "properties": {
        "id": "c1712b5e-87af-41be-910a-a6ebb7cc56ce",
        "name": "sketch29-8"
      },
      "geometry": {
        "type": "Polygon",
        "coordinates": [
          [
            [
              162.64774758454502,
              1.7963791138739915
            ],
            [
              162.29031672855226,
              1.5164969406198372
            ],
            [
              162.31823805524692,
              1.2107006586366658
            ],
            [
              162.19483224989102,
              1.497468882035892
            ],
            [
              162.12370823364444,
              1.4720239950958653
            ],
            [
              162.17908266614043,
              1.542986041191325
            ],
            [
              162.1376302424674,
              1.5913112761585082
            ],
            [
              162.18374059914845,
              1.563605058194425
            ],
            [
              162.06520541405865,
              1.6519109826897036
            ],
            [
              162.22874884857598,
              1.5333494913313324
            ],
            [
              162.64774758454502,
              1.7963791138739915
            ]
          ]
        ]
      },
      "id": "c1712b5e-87af-41be-910a-a6ebb7cc56ce"
    }
  ],
  "bbox": [
    135.95311187729965,
    -0.10486547079058162,
    164.76280110299112,
    11.571540692630908
  ]
}
