{
  "type": "FeatureCollection",
  "features": [
    {
      "type": "Feature",
      "properties": {
        "id": "4bd9d294-fc40-4c96-aa3c-bfe774b7f2de",
        "name": "sketch96-0"
      },
      "geometry": {
        "type": "Polygon",
        "coordinates": [
          [
            [
              149.1520763630185,
              5.986840649794178
            ],
            [
              149.10337851913695,
              5.89136824710177
            ],
            [
              149.07193348881708,
              5.834576312419306
            ],
            [
              149.343382885964,
              5.75868855715226
            ],
            [
              149.1138820168039,
              5.704858595095038
            ],
            [
              149.0160007590388,
              5.798447507764191
            ],
            [
              148.86281053254774,
              5.590154200946231
            ],
            [
              148.8241612793729,
              5.8093918416102035
            ],
            [
              148.9096244427669,
              5.818974547944191
            ],
            [
              148.90024251604854,
              5.96728852444463
            ],
            [
              149.1520763630185,
              5.986840649794178
            ]
          ]
        ]
      },
      "id": "4bd9d294-fc40-4c96-aa3c-bfe774b7f2de"
    },
    {
      "type": "Feature",
      "properties": {
        "id": "27022d9b-cde9-4f88-a2bc-0ae65fe0601e",
        "name": "sketch96-1"
      },
      "geometry": {
        "type": "Polygon",
        "coordinates": [
          [
            [
              136.30578782034573,
              5.114076536170961
            ],
            [
              136.50459661771558,
              4.956391979206963
            ],
            [
              136.57020289762886,
              4.822630704624311
            ],
            [
              136.24902111185733,
              4.965960797205044
            ],
            [
              136.28957919824143,
              4.730691587876523
            ],
            [
              136.06074924659148,
              4.790694509714986
            ],
            [
              136.2011871678389,
              4.975974787530356
            ],
            [
              136.00042804406627,
              4.993133918494755
            ],
            [
              136.19161999795804,
              5.023398697388169
            ],
            [
              136.07410136650435,
              5.175720556605675
            ],
            [
              136.30578782034573,
              5.114076536170961
            ]
          ]
        ]
      },
      "id": "27022d9b-cde9-4f88-a2bc-0ae65fe0601e"
    },
    {
      "type": "Feature",
      "properties": {
        "id": "1b8fcf9e-2e6c-445d-b208-f5c124514f3a",
        "name": "sketch96-2"
      },
      "geometry": {
        "type": "Polygon",
        "coordinates": [
          [
            [
              162.40384159963943,
              10.384916048762163
            ],
            [
              162.1760803929925,
              10.184089715536562
            ],
            [
              162.22860703917914,
              10.12899563936988
            ],
            [
              162.37187196703132,
              10.082828976727189
            ],
            [
              162.12766122821463,
              10.147659030789374
            ],
            [
              162.11945547426535,
              10.115699785034957
            ],
            [
              161.84426893103344,
              9.98929382950807
            ],
            [
              161.82127071107357,
              10.269179384874972
            ],
            [
              161.7248092281532,
              10.382254793948663
            ],
            [
              162.02752517028134,
              10.34787084782737
            ],
            [
              162.40384159963943,
              10.384916048762163
            ]
          ]
        ]
      },
      "id": "1b8fcf9e-2e6c-445d-b208-f5c124514f3a"
    },
    {
      "type": "Feature",
      "properties": {
        "id": "6988cdd3-0307-4892-9cd6-1da33d9fce2f",
        "name": "sketch96-3"
      },
      "geometry": {
        "type": "Polygon",
        "coordinates": [
          [
            [
              149.9766561305222,
              13.099929094012362
            ],
            [
              150.01224999764744,
              13.055924240331285
            ],
            [
              150.00508107093745,
              13.039587714153752
            ],
            [
              150.1369171649515,
              12.763912166375302
            ],
            [
              150.00370337671987,
              12.881976254186993
            ],
            [
              149.74502335814162,
              12.599579505386266
            ],
            [
              149.9234268097272,
              13.033872200095532
            ],
            [
              149.67301748251705,
              13.133160317345705
            ],
            [
              149.86440160471798,
              13.138627288653668
            ],
            [
              149.87282497591315,
              13.309918422639326
            ],
            [
              149.9766561305222,
              13.099929094012362
            ]
          ]
        ]
      },
      "id": "6988cdd3-0307-4892-9cd6-1da33d9fce2f"
    },
    {
      "type": "Feature",
      "properties": {
        "id": "5e599cae-3fd9-4ba8-ac70-8ea76d414262",
        "name": "sketch96-4"
      },
      "geometry": {
        "type": "Polygon",
        "coordinates": [
          [
            [
              141.2214000287736,
              8.380492826912704
            ],
            [
              141.26688688805768,
              8.381602189232703
            ],
            [
              141.28619082257023,
              8.348868499500526
            ],
            [
              141.42241757668134,
              8.127691079852339
            ],
            [
              141.39301966923242,
              8.007753617052396
            ],
            [
              141.11642584823204,
              8.091102200758177
            ],
            [
              141.16363342234638,
              8.292781379177507
            ],
            [
              140.9874595162335,
              8.303004831331597
            ],
            [
              140.84408265161952,
              8.538375824006046
            ],
            [
              140.96648904553126,
              8.723052614317211
            ],
            [
              141.2214000287736,
              8.380492826912704
            ]
          ]
        ]
      },
      "id": "5e599cae-3fd9-4ba8-ac70-8ea76d414262"
    },
    {
      "type": "Feature",
      "properties": {
        "id": "a83acac1-24fd-4497-845c-070502b68b26",
        "name": "sketch96-5"
      },
      "geometry": {
        "type": "Polygon",
        "coordinates": [
          [
            [
              162.23101582144,
              7.147907447218392
            ],
            [
              162.2895415346512,
              7.139302721699661
            ],
            [
              162.37959943137045,
              7.035178331526433
            ],
            [
              162.22630254902145,
              7.092834970906429
            ],
            [
              162.15849985672048,
              6.857183854767153
            ],
            [
              162.06641158072276,
              6.926545453479988
            ],
            [
              162.21269491236603,
              7.131235661231668
            ],
            [
              162.12204635824276,
              7.146520478292467
            ],
            [
              162.0628647087813,
              7.187030609267414
            ],
            [
              162.06989262704954,
              7.388190249925119
            ],
            [
              162.23101582144,
              7.147907447218392
            ]
          ]
        ]
      },
      "id": "a83acac1-24fd-4497-845c-070502b68b26"
    }
  ],
  "bbox": [
    136.00042804406627,
    4.730691587876523,
    162.40384159963943,
    13.309918422639326
  ]
}
