{
  "type": "FeatureCollection",
  "features": [
    {
      "type": "Feature",
      "properties": {
        "id": "36d0bd06-a734-4943-bc33-c099b37a4396",
        "name": "sketch130-0"
      },
      "geometry": {
        "type": "Polygon",
        "coordinates": [
          [
            [
              138.47042675657372,
              9.199152016796686
            ],
            [
              138.6230417283954,
              9.136659127235939
            ],
            [
              138.75686513931703,
              8.972167618643736
            ],
            [
              138.71776512710719,
              8.736634654151866
            ],
            [
              138.49685378416677,
              8.70843887356677
            ],
            [
              138.51410387637628,
              8.674890298371329
            ],
            [
              138.45859798318102,
              8.665751514715426
            ],
            [
              138.62615785172517,
              8.369143914845921
            ],
            [
              138.2686286259227,
              8.27573042726767
            ],
            [
              138.33088710935243,
              8.740753987307784
            ],
            [
              138.47042675657372,
              9.199152016796686
            ]
          ]
        ]
      },
      "id": "36d0bd06-a734-4943-bc33-c099b37a4396"
    },
    {
      "type": "Feature",
      "properties": {
        "id": "ce02ad33-1be9-4284-9894-428199d83a8d",
        "name": "sketch130-1"
      },
      "geometry": {
        "type": "Polygon",
        "coordinates": [
          [
            [
              149.52387347742388,
              7.124116171809402
            ],
            [
              149.3007405492713,
              6.909179339520398
            ],
            [
              149.64544431052207,
              6.729977272837227
            ],
            [
              149.5816563269511,
              6.568141565676401
            ],
            [
              149.3115880356104,
              6.517427965680983
            ],
            [
              149.27411547667873,
              6.888242684419033
            ],
            [
              149.22826791094712,
              6.865833032357827
            ],
            [
              148.8330279383371,
              6.956404936699585
            ],
            [
              149.02271019469947,
              7.0187047465957235
            ],
            [
              149.11136341533202,
              7.164656253192179
            ],
            [
              149.52387347742388,
              7.124116171809402
            ]
          ]
        ]
      },
      "id": "ce02ad33-1be9-4284-9894-428199d83a8d"
    },
    {
      "type": "Feature",
      "properties": {
        "id": "cdb96c19-0daa-484e-b975-fb7ecc485fbb",
        "name": "sketch130-2"
      },
      "geometry": {
        "type": "Polygon",
        "coordinates": [
          [
            [
              151.5917834316189,
              6.176596697179774
            ],
            [
              151.66302630324827,
              5.987227954966088
            ],
            [
              151.72035726110144,
              5.7733437575080115
            ],
            [
              151.5904115702583,
              5.71462648938832
            ],
            [
              151.38077611246877,
              5.689305321202418
            ],
            [
              151.24853454855227,
              5.665198719368442
            ],
            [
              151.3218075744247,
              5.877369779622226
            ],
            [
              151.23177966701525,
              6.02297619287006
            ],
            [
              151.10347266406941,
              6.069705982581329
            ],
            [
              151.41900627184742,
              6.113635221515023
            ],
            [
              151.5917834316189,
              6.176596697179774
            ]
          ]
        ]
      },
      "id": "cdb96c19-0daa-484e-b975-fb7ecc485fbb"
    },
    {
      "type": "Feature",
      "properties": {
        "id": "e3fb2502-da76-4935-873a-2761dab92f35",
        "name": "sketch130-3"
      },
      "geometry": {
        "type": "Polygon",
        "coordinates": [
          [
            [
              145.67783025347444,
              5.5706953269938975
            ],
            [
              145.935658715923,
              5.548836832520589
            ],
            [
              145.85455265489938,
              5.546440679954107
            ],
            [
              145.9612934644084,
              5.295671243089614
            ],
            [
              145.607479794942,
              5.4210172538185475
            ],
            [
              145.58276365651736,
              5.494687667572098
            ],
            [
              145.48099411727475,
              5.476931215843732
            ],
            [
              145.4129734923974,
              5.573138273698069
            ],
            [
              145.53639910849355,
              6.003522964023484
            ],
            [
              145.6019988232991,
              5.8735736615949525
            ],
            [
              145.67783025347444,
              5.5706953269938975
            ]
          ]
        ]
      },
      "id": "e3fb2502-da76-4935-873a-2761dab92f35"
    },
    {
      "type": "Feature",
      "properties": {
        "id": "0a8bfcee-5e8d-48f8-a399-256b7d2cab48",
        "name": "sketch130-4"
      },
      "geometry": {
        "type": "Polygon",
        "coordinates": [
          [
            [
              145.7394541986949,
              0.06637230175217224
            ],
            [
              145.73894049583498,
              -0.21444602416452185
            ],
            [
              146.0569430735184,
              -0.1321130412974461
            ],
            [
              145.66392540849876,
              -0.39641824825070177
            ],
            [
              145.6346257912508,
              -0.39103960293764634
            ],
            [
              145.62743237776266,
              -0.3908431807009598
            ],
            [
              145.37634585633074,
              -0.5401119155247508
            ],
            [
              145.6006031904228,
              -0.36621517785396257
            ],
            [
              145.60315793165552,
              -0.3438967198747268
            ],
            [
              145.4136234851279,
              -0.09121036429358326
            ],
            [
              145.7394541986949,
              0.06637230175217224
            ]
          ]
        ]
      },
      "id": "0a8bfcee-5e8d-48f8-a399-256b7d2cab48"
    },
    {
      "type": "Feature",
      "properties": {
        "id": "fa17a9d5-53f1-4f0d-b850-6ed0650f8357",
        "name": "sketch130-5"
      },
      "geometry": {
        "type": "Polygon",
        "coordinates": [
          [
            [
              159.15895353646903,
              12.904824590789532
            ],
            [
              159.4366747203351,
              12.631451808455633
            ],
            [
              159.05420605965753,
              12.392726529834883
            ],
            [
              158.84718231126027,
              12.454651276633134
            ],
            [
              158.81472914558938,
              12.581872839025229
            ],
            [
              158.83571992110387,
              12.75821623501769
            ],
            [
              158.63799568241276,
              12.751493050771073
            ],
            [
              158.69289811858243,
              12.854149917913086
            ],
            [
              158.68330116508227,
              13.03833357243467
            ],
            [
              158.85497824676094,
              13.126883542288036
            ],
            [
              159.15895353646903,
              12.904824590789532
            ]
          ]
        ]
      },
      "id": "fa17a9d5-53f1-4f0d-b850-6ed0650f8357"
    },
    {
      "type": "Feature",
      "properties": {
        "id": "61d04069-e794-4bca-8c83-bc19b59c82be",
        "name": "sketch130-6"
      },
      "geometry": {
        "type": "Polygon",
        "coordinates": [
          [
            [
              148.9414751113774,
              10.853133597147826
            ],
            [
              148.91460551197565,
              10.636284961051517
            ],
            [
              149.00822859290332,
              10.58909421846833
            ],
            [
              149.14173303602425,
              10.475721651731092
            ],
            [
              149.24912383374908,
              10.350221586523574
            ],
            [
              148.87028144148437,
              10.258037257919973
            ],
            [
              148.73896925600283,
              10.237079423165294
            ],
            [
              148.44475286271037,
              10.372218354822934
            ],
            [
              148.62346215670738,
              10.653903947195795
            ],
            [
              148.7928896337581,
              10.638932309631134
            ],
            [
              148.9414751113774,
              10.853133597147826
            ]
          ]
        ]
      },
      "id": "61d04069-e794-4bca-8c83-bc19b59c82be"
    },
    {
      "type": "Feature",
      "properties": {
        "id": "070bfed0-61e1-4d3f-a242-7ddb10582389",
        "name": "sketch130-7"
      },
      "geometry": {
        "type": "Polygon",
        "coordinates": [
          [
            [
              159.83329178404708,
              8.123905822028142
            ],
            [
              159.59616427081238,
              7.803256079950716
            ],
            [
              159.83492725767053,
              7.878067737591787
            ],
            [
              159.91705578145198,
              7.7942162157132495
            ],
            [
              159.7708929746925,
              7.714520355044827
            ],
            [
              159.5714437543264,
              7.608616665757676
            ],
            [
              159.39006242987466,
              7.540771990874666
            ],
            [
              159.5117210842028,
              7.775935467115932
            ],
            [
              159.41607584955477,
              7.843989772134234
            ],
            [
              159.50948324455584,
              7.872969260388249
            ],
            [
              159.83329178404708,
              8.123905822028142
            ]
          ]
        ]
      },
      "id": "070bfed0-61e1-4d3f-a242-7ddb10582389"
    },
    {
      "type": "Feature",
      "properties": {
        "id": "141ef647-9949-4905-8876-c4ec1e428a66",
        "name": "sketch130-8"
      },
      "geometry": {
        "type": "Polygon",
        "coordinates": [
          [
            [
              145.73382668599433,
              0.6634089294905928
            ],
            [
              145.90055551736043,
              0.536410398294258
            ],
            [
              145.985349984786,
              0.20999134060278735
            ],
            [
              145.73439517339673,
              0.26991334959345054
            ],
            [
              145.87311526898503,
              0.10353652057983453
            ],
            [
              145.5884437071881,
              0.23172002163758385
            ],
            [
              145.5539662247614,
              0.1918342647421355
            ],
            [
              145.47181671296624,
              0.2230742282525652
            ],
            [
              145.2715881902973,
              0.6198875010943861
            ],
            [
              145.64505905060963,
              0.6913341849658488
            ],
            [
              145.73382668599433,
              0.6634089294905928
            ]
          ]
        ]
      },
      "id": "141ef647-9949-4905-8876-c4ec1e428a66"
    },
    {
      "type": "Feature",
      "properties": {
        "id": "2f29eac0-e2f4-4c1f-823f-62271de9de5d",
        "name": "sketch130-9"
      },
      "geometry": {
        "type": "Polygon",
        "coordinates": [
          [
            [
              150.96886670555776,
              2.147335935769353
            ],
            [
              150.94695980107596,
              2.0770717323135535
            ],
            [
              151.05539223721965,
              1.8594582959900032
            ],
            [
              150.89484738798765,
              2.033470807782311
            ],
            [
              150.5965166648373,
              1.711567177673484
            ],
            [
              150.59798837928722,
              1.8166783950750287
            ],
            [
              150.70256003041126,
              2.0028876616846767
            ],
            [
              150.43517291406695,
              2.118185723219028
            ],
            [
              150.58626973804104,
              2.278600559940401
            ],
            [
              150.75109280417243,
              2.506465939540885
            ],
            [
              150.96886670555776,
              2.147335935769353
            ]
          ]
        ]
      },
      "id": "2f29eac0-e2f4-4c1f-823f-62271de9de5d"
    }
  ],
  "bbox": [
    138.2686286259227,
    -0.5401119155247508,
    159.91705578145198,
    13.126883542288036
  ]
}
