{
  "type": "FeatureCollection",
  "features": [
    {
      "type": "Feature",
      "properties": {
        "id": "84a37958-6a2f-44fd-86a4-fe18fe27c553",
        "name": "sketch150-0"
      },
      "geometry": {
        "type": "Polygon",
        "coordinates": [
          [
            [
              160.64607530013478,
              11.637101349883084
            ],
            [
              160.84428454877335,
              11.832377525625004
            ],
            [
              160.6366512940872,
              11.419154765066992
            ],
            [
              160.91844915819362,
              11.399307551616678
            ],
            [
              160.86125774221344,
              11.26413788421338
            ],
            [
              160.76039995728246,
              11.182124223199123
            ],
            [
              160.62407247659613,
              11.406074880788363
            ],
            [
              160.1606933481335,
              11.395096266032473
            ],
            [
              160.60788076023132,
              11.498829247926315
            ],
            [
              160.5178195352979,
              11.801373459520134
            ],
            [
              160.64607530013478,
              11.637101349883084
            ]
          ]
        ]
      },
      "id": "84a37958-6a2f-44fd-86a4-fe18fe27c553"
    },
    {
      "type": "Feature",
      "properties": {
        "id": "01458605-344f-4529-943e-ae54d0f12e05",
        "name": "sketch150-1"
      },
      "geometry": {
        "type": "Polygon",
        "coordinates": [
          [
            [
              136.62540666573818,
              6.840975754878107
            ],
            [
              136.68056674734413,
              6.559890338869046
            ],
            [
              136.51781306947356,
              6.40892174473372
            ],
            [
              136.3930593344127,
              6.314575059034284
            ],
            [
              136.39683609713606,
              6.334466888966766
            ],
            [
              136.44602059021287,
              6.518180463637561
            ],
            [
              136.3288767085321,
              6.474646473706092
            ],
            [
              136.02332747876255,
              6.529681633713708
            ],
            [
              136.33235888308167,
              6.723599731097931
            ],
            [
              136.43458055506449,
              6.694924674014713
            ],
            [
              136.62540666573818,
              6.840975754878107
            ]
          ]
        ]
      },
      "id": "01458605-344f-4529-943e-ae54d0f12e05"
    },
    {
      "type": "Feature",
      "properties": {
        "id": "3c09cd6d-ad70-48da-a5c7-df21c8d34d96",
        "name": "sketch150-2"
      },
      "geometry": {
        "type": "Polygon",
        "coordinates": [
          [
            [
              136.68091650471214,
              1.0250494665051482
            ],
            [
              136.68382627048007,
              1.0196531818855443
            ],
            [
              136.73839939161627,
              1.1400638654990158
            ],
            [
              137.0576946350739,
              1.0478704541314399
            ],
            [
              137.16183074504326,
              0.8358166504938972
            ],
            [
              136.72120924823312,
              0.6866995236284488
            ],
            [
              136.6354432455779,
              0.8936555212095146
            ],
            [
              136.59104758540428,
              0.9170023998457374
            ],
            [
              136.38122496911808,
              0.9161301832276955
            ],
            [
              136.59806393760002,
              1.0487214072765927
            ],
            [
              136.68091650471214,
              1.0250494665051482
            ]
          ]
        ]
      },
      "id": "3c09cd6d-ad70-48da-a5c7-df21c8d34d96"
    },
    {
      "type": "Feature",
      "properties": {
        "id": "55ff1e05-672d-412b-841b-07d7bd83fb85",
        "name": "sketch150-3"
      },
      "geometry": {
        "type": "Polygon",
        "coordinates": [
          [
            [
              161.7705248987716,
              12.361974070690064
            ],
            [
              161.85480321288657,
              12.394974561464489
            ],
            [
              162.01753896531878,
              12.449809752806695
            ],
            [
              161.84080695181598,
              12.354141127513316
            ],
            [
              161.81344339689159,
              12.303646066482166
            ],
            [
              161.7415932305865,
              12.018421034552984
            ],
            [
              161.58427219785366,
              12.252375711989021
            ],
            [
              161.61813446408408,
              12.315474932105532
            ],
            [
              161.56520129304334,
              12.51851701814915
            ],
            [
              161.64100207148985,
              12.47219206409608
            ],
            [
              161.7705248987716,
              12.361974070690064
            ]
          ]
        ]
      },
      "id": "55ff1e05-672d-412b-841b-07d7bd83fb85"
    },
    {
      "type": "Feature",
      "properties": {
        "id": "f5e330ae-8735-4f89-a765-412c766f4a9c",
        "name": "sketch150-4"
      },
      "geometry": {
        "type": "Polygon",
        "coordinates": [
          [
            [
              161.06603850719836,
              3.16995177082063
            ],
            [
              161.17178946767663,
              3.1138792973370983
            ],
            [
              161.49166216965935,
              3.227771269571855
            ],
            [
              161.45281823027523,
              2.8219179901178193
            ],
            [
              161.39039349321231,
              2.7492209900842286
            ],
            [
              161.1718120263672,
              2.8532742547591567
            ],
            [
              161.05081680677688,
              3.0241119475280147
            ],
            [
              160.69598269002162,
              2.8282933485269277
            ],
            [
              160.8558160621209,
              2.973192900774152
            ],
            [
              160.9917583539954,
              3.080173939930979
            ],
            [
              161.06603850719836,
              3.16995177082063
            ]
          ]
        ]
      },
      "id": "f5e330ae-8735-4f89-a765-412c766f4a9c"
    },
    {
      "type": "Feature",
      "properties": {
        "id": "90e881c8-81c1-4f58-82fc-223f8ea0eafc",
        "name": "sketch150-5"
      },
      "geometry": {
        "type": "Polygon",
        "coordinates": [
          [
            [
              135.82082470174203,
              6.231832089728335
            ],
            [
              135.9035324776384,
              6.293071779992137
            ],
            [
              136.09037450373162,
              6.437566864571226
            ],
            [
              136.06829837624036,
              6.120327197187913
            ],
            [
              135.86404077117496,
              5.843429994694756
            ],
            [
              135.73039493124287,
              5.835433840930299
            ],
            [
              135.6817021963716,
              5.744081235612978
            ],
            [
              135.33801041499228,
              5.9867618506394145
            ],
            [
              135.48351617768532,
              6.311645849925093
            ],
            [
              135.66814319919402,
              6.317371700214335
            ],
            [
              135.82082470174203,
              6.231832089728335
            ]
          ]
        ]
      },
      "id": "90e881c8-81c1-4f58-82fc-223f8ea0eafc"
    },
    {
      "type": "Feature",
      "properties": {
        "id": "f45c7f2b-660e-48c9-96c1-a4ca812e008b",
        "name": "sketch150-6"
      },
      "geometry": {
        "type": "Polygon",
        "coordinates": [
          [
            [
              138.12501343861564,
              1.2467868697850184
            ],
            [
              137.75200203102753,
              1.0133687937218188
            ],
            [
              137.81898595497236,
              0.8430269149431117
            ],
            [
              137.58168551149177,
              0.9526032802876236
            ],
            [
              137.54901640872274,
              0.9505806753678037
            ],
            [
              137.6662669037793,
              1.012753197540759
            ],
            [
              137.607661355913,
              1.0648177544135564
            ],
            [
              137.62398703864554,
              1.3567079240082371
            ],
            [
              137.62593664896102,
              1.4920460882765094
            ],
            [
              137.7289898783688,
              1.494157323442415
            ],
            [
              138.12501343861564,
              1.2467868697850184
            ]
          ]
        ]
      },
      "id": "f45c7f2b-660e-48c9-96c1-a4ca812e008b"
    },
    {
      "type": "Feature",
      "properties": {
        "id": "b360ecf2-a21c-43b4-a0a0-54ed8c9297b3",
        "name": "sketch150-7"
      },
      "geometry": {
        "type": "Polygon",
        "coordinates": [
          [
            [
              159.85792382071295,
              1.9685316648230842
            ],
            [
              159.91231991422455,
              1.854516957258185
            ],
            [
              160.01870712820738,
              1.7279200188871822
            ],
            [
              159.8864042716053,
              1.7367636347334763
            ],
            [
              160.11366165098858,
              1.443654757708476
            ],
            [
              159.82543561723506,
              1.623002408965775
            ],
            [
              159.59742113763897,
              1.4140685116521063
            ],
            [
              159.4051877906644,
              1.7387161639929518
            ],
            [
              159.51534997322327,
              2.1226277211382683
            ],
            [
              159.57494565087552,
              2.170863087015709
            ],
            [
              159.85792382071295,
              1.9685316648230842
            ]
          ]
        ]
      },
      "id": "b360ecf2-a21c-43b4-a0a0-54ed8c9297b3"
    },
    {
      "type": "Feature",
      "properties": {
        "id": "29371c20-286a-42a3-952e-52e6fcf6ce9e",
        "name": "sketch150-8"
      },
      "geometry": {
        "type": "Polygon",
        "coordinates": [
          [
            [
              140.8124702842395,
              1.5628715626637342
            ],
            [
              140.93226792818197,
              1.3611550697674237
            ],
            [
              140.76438816242563,
              1.1550894639127882
            ],
            [
              140.92047206014632,
              1.1505421722464984
            ],
            [
              140.6014658663281,
              1.1188424054977688
            ],
            [
              140.62050974827642,
              1.0398871697200065
            ],
            [
              140.4618896850863,
              0.8149279183129857
            ],
            [
              140.47863598437675,
              0.9180144625041196
            ],
            [
              140.3762122200477,
              1.0575583539703826
            ],
            [
              140.21914125359973,
              1.3860101663236586
            ],
            [
              140.8124702842395,
              1.5628715626637342
            ]
          ]
        ]
      },
      "id": "29371c20-286a-42a3-952e-52e6fcf6ce9e"
    },
    {
      "type": "Feature",
      "properties": {
        "id": "b89f8e31-03ab-463c-a6cc-4d5d8be8639e",
        "name": "sketch150-9"
      },
      "geometry": {
        "type": "Polygon",
        "coordinates": [
          [
            [
              148.45637389244345,
              11.770856645001452
            ],
            [
              148.4185192155077,
              11.630003236151207
            ],
            [
              148.40494924735606,
              11.473062509925471
            ],
            [
              148.1835580212565,
              11.496470791671218
            ],
            [
              148.1044413258603,
              11.197665645748355
            ],
            [
              147.74945879817122,
              11.276708440476927
            ],
            [
              147.85891023965266,
              11.49081084268955
            ],
            [
              147.97184873204574,
              11.579697304285462
            ],
            [
              148.0640139085505,
              11.669717479539736
            ],
            [
              148.04034191613547,
              11.910414939421111
            ],
            [
              148.45637389244345,
              11.770856645001452
            ]
          ]
        ]
      },
      "id": "b89f8e31-03ab-463c-a6cc-4d5d8be8639e"
    }
  ],
  "bbox": [
    135.33801041499228,
    0.6866995236284488,
    162.01753896531878,
    12.51851701814915
  ]
}
