{
  "type": "FeatureCollection",
  "features": [
    {
      "type": "Feature",
      "properties": {
        "id": "7de54dab-3612-4089-a0d3-3ef657b51a81",
        "name": "sketch397-0"
      },
      "geometry": {
        "type": "Polygon",
        "coordinates": [
          [
            [
              137.85775237093273,
              6.726813824521586
            ],
            [
              137.85026222590645,
              6.537748526315636
            ],
            [
              137.6874312471606,
              6.415076058572191
            ],
            [
              137.70074445969001,
              6.358904913418142
            ],
            [
              137.54812127760766,
              6.03360898442245
            ],
            [
              137.53251579212065,
              6.091141264096686
            ],
            [
              137.41123915786687,
              6.334230701058959
            ],
            [
              137.54478555619002,
              6.4169939778437355
            ],
            [
              137.62571821412436,
              6.4351566316607025
            ],
            [
              137.6351886993889,
              6.449035858415121
            ],
            [
              137.85775237093273,
              6.726813824521586
            ]
          ]
        ]
      },
      "id": "7de54dab-3612-4089-a0d3-3ef657b51a81"
    },
    {
      "type": "Feature",
      "properties": {
        "id": "9adba5b1-0e1b-49ad-b87f-35ab4f695768",
        "name": "sketch397-1"
      },
      "geometry": {
        "type": "Polygon",
        "coordinates": [
          [
            [
              145.7995411268212,
              6.129485067866527
            ],
            [
              146.08320065787646,
              6.151721676386959
            ],
            [
              145.795793723231,
              6.085483808835721
            ],
            [
              145.7879760644356,
              5.895626529825216
            ],
            [
              145.7751792309648,
              5.998683108645231
            ],
            [
              145.71627544411382,
              5.948719504139585
            ],
            [
              145.7625527215018,
              6.082027488279827
            ],
            [
              145.48920669393613,
              6.075210842944032
            ],
            [
              145.68406383045127,
              6.229709952925711
            ],
            [
              145.7601157489539,
              6.157399733136475
            ],
            [
              145.7995411268212,
              6.129485067866527
            ]
          ]
        ]
      },
      "id": "9adba5b1-0e1b-49ad-b87f-35ab4f695768"
    },
    {
      "type": "Feature",
      "properties": {
        "id": "f6917c94-443a-46d1-a3de-715b861130a8",
        "name": "sketch397-2"
      },
      "geometry": {
        "type": "Polygon",
        "coordinates": [
          [
            [
              164.54958216860842,
              4.009831117291681
            ],
            [
              164.55351311172188,
              3.9763652824283313
            ],
            [
              164.63264505289783,
              4.043523428195127
            ],
            [
              164.5085715551293,
              3.7153560727781385
            ],
            [
              164.8150775949868,
              3.476107292116896
            ],
            [
              164.45541126878572,
              3.5051954274817283
            ],
            [
              164.02727100831473,
              3.4781206175963204
            ],
            [
              164.41417398348142,
              3.7257527589908594
            ],
            [
              164.45869688614152,
              3.7135408909127
            ],
            [
              164.416383450602,
              3.777292364120173
            ],
            [
              164.54958216860842,
              4.009831117291681
            ]
          ]
        ]
      },
      "id": "f6917c94-443a-46d1-a3de-715b861130a8"
    },
    {
      "type": "Feature",
      "properties": {
        "id": "6c19b726-1e5b-4174-9c0f-6d7e217a8ad2",
        "name": "sketch397-3"
      },
      "geometry": {
        "type": "Polygon",
        "coordinates": [
          [
            [
              157.61753732406314,
              13.684262231416533
            ],
            [
              157.77438280694395,
              13.447179419220475
            ],
            [
              157.5040680382383,
              13.344487457353855
            ],
            [
              157.5672547173702,
              13.175747286285642
            ],
            [
              157.71664327446624,
              12.956834378669294
            ],
            [
              157.4474735165385,
              13.115717100737553
            ],
            [
              157.27713511018246,
              13.166555644274194
            ],
            [
              157.18038480676435,
              13.155878187273522
            ],
            [
              157.3136661637175,
              13.328103012270903
            ],
            [
              157.32666037450252,
              13.39104132362301
            ],
            [
              157.61753732406314,
              13.684262231416533
            ]
          ]
        ]
      },
      "id": "6c19b726-1e5b-4174-9c0f-6d7e217a8ad2"
    },
    {
      "type": "Feature",
      "properties": {
        "id": "212af248-03ec-426e-9791-22a035599810",
        "name": "sketch397-4"
      },
      "geometry": {
        "type": "Polygon",
        "coordinates": [
          [
            [
              153.08687339353034,
              2.718568297057117
            ],
            [
              153.19588274966316,
              2.662389441827102
            ],
            [
              153.21434965354769,
              2.6527786275162644
            ],
            [
              153.50740662738653,
              2.384247192107486
            ],
            [
              153.15051630955887,
              2.487243791932643
            ],
            [
              153.06099177802528,
              2.45249353620187
            ],
            [
              153.01449041480123,
              2.544168040263771
            ],
            [
              152.8242785977853,
              2.497057894456233
            ],
            [
              152.75792138591297,
              2.756049737971669
            ],
            [
              152.99814773039068,
              2.650223316962736
            ],
            [
              153.08687339353034,
              2.718568297057117
            ]
          ]
        ]
      },
      "id": "212af248-03ec-426e-9791-22a035599810"
    },
    {
      "type": "Feature",
      "properties": {
        "id": "241797f7-dcfc-48e9-99d6-24033b2e144a",
        "name": "sketch397-5"
      },
      "geometry": {
        "type": "Polygon",
        "coordinates": [
          [
            [
              137.677698215833,
              11.48303840888702
            ],
            [
              137.5599612484842,
              11.085016105155255
            ],
            [
              137.45028630426094,
              10.936830159941662
            ],
            [
              137.31013989618663,
              11.108826026657143
            ],
            [
              137.14244728480986,
              11.031852661042747
            ],
            [
              137.19291127282318,
              11.174295513406966
            ],
            [
              137.02080030758242,
              11.169672012805487
            ],
            [
              137.1403814346131,
              11.247506509500214
            ],
            [
              137.15142683396968,
              11.3624382240718
            ],
            [
              137.1442038815221,
              11.665449341830167
            ],
            [
              137.677698215833,
              11.48303840888702
            ]
          ]
        ]
      },
      "id": "241797f7-dcfc-48e9-99d6-24033b2e144a"
    },
    {
      "type": "Feature",
      "properties": {
        "id": "896f0628-d27f-46c7-b98e-8a666919aba3",
        "name": "sketch397-6"
      },
      "geometry": {
        "type": "Polygon",
        "coordinates": [
          [
            [
              159.83505649838955,
              12.770721565151158
            ],
            [
              160.0050388287924,
              12.972859390560284
            ],
            [
              160.0616775129134,
              12.97528742921227
            ],
            [
              160.24136941716893,
              12.749486377880082
            ],
            [
              159.96870067048488,
              12.487911062042608
            ],
            [
              159.91633545882152,
              12.487476334958195
            ],
            [
              159.78582666117188,
              12.569017975885941
            ],
            [
              159.5892582825644,
              12.464366504187291
            ],
            [
              159.61898792610972,
              12.622389213018986
            ],
            [
              159.64997284700448,
              13.083215517208407
            ],
            [
              159.83505649838955,
              12.770721565151158
            ]
          ]
        ]
      },
      "id": "896f0628-d27f-46c7-b98e-8a666919aba3"
    }
  ],
  "bbox": [
    137.02080030758242,
    2.384247192107486,
    164.8150775949868,
    13.684262231416533
  ]
}
