{
  "type": "FeatureCollection",
  "features": [
    {
      "type": "Feature",
      "properties": {
        "id": "e6ba7b2c-9fc4-4b2e-aff6-c80ab2182599",
        "name": "sketch358-0"
      },
      "geometry": {
        "type": "Polygon",
        "coordinates": [
          [
            [
              141.81975051772534,
              5.176295911931538
            ],
            [
              141.95131499093677,
              5.265081776461856
            ],
            [
              141.7751556998868,
              5.119726493636798
            ],
            [
              141.9044572577008,
              5.100825735275412
            ],
            [
              142.1265443310263,
              4.942308042071367
            ],
            [
              141.91633087867646,
              4.814313958786468
            ],
            [
              141.9134415533606,
              4.686284356238206
            ],
            [
              141.70506264682086,
              5.003112135350097
            ],
            [
              141.45378996867146,
              5.0683784179903295
            ],
            [
              141.61436920980213,
              5.189591169446397
            ],
            [
              141.81975051772534,
              5.176295911931538
            ]
          ]
        ]
      },
      "id": "e6ba7b2c-9fc4-4b2e-aff6-c80ab2182599"
    },
    {
      "type": "Feature",
      "properties": {
        "id": "8a30353b-c21d-4177-84b8-aed08cc68f5e",
        "name": "sketch358-1"
      },
      "geometry": {
        "type": "Polygon",
        "coordinates": [
          [
            [
              146.63046150127641,
              4.031921864493542
            ],
            [
              146.8189352808144,
              3.8783011930589106
            ],
            [
              146.73436311465,
              3.6303972117397683
            ],
            [
              146.56004711577384,
              3.819275456578624
            ],
            [
              146.59279922655463,
              3.543235426256082
            ],
            [
              146.27628545704232,
              3.5934568452426823
            ],
            [
              146.43030433946942,
              3.8119447103576074
            ],
            [
              146.33976572861195,
              3.9093347359828843
            ],
            [
              146.38906088731036,
              3.9307568505196206
            ],
            [
              146.4348789956684,
              3.9828999114782193
            ],
            [
              146.63046150127641,
              4.031921864493542
            ]
          ]
        ]
      },
      "id": "8a30353b-c21d-4177-84b8-aed08cc68f5e"
    },
    {
      "type": "Feature",
      "properties": {
        "id": "ada59d73-0025-4388-9f66-59855d539a5e",
        "name": "sketch358-2"
      },
      "geometry": {
        "type": "Polygon",
        "coordinates": [
          [
            [
              141.90732565566404,
              2.0115253408709344
            ],
            [
              142.12871887766167,
              2.003743071767498
            ],
            [
              142.1507166720135,
              2.0111161445503116
            ],
            [
              142.3397914771517,
              1.8474186033579312
            ],
            [
              142.12278158367886,
              1.7664746077449152
            ],
            [
              141.93983762748096,
              1.7912840104936787
            ],
            [
              141.9415688915433,
              1.3876501298665591
            ],
            [
              141.79092551064772,
              1.6857311012211462
            ],
            [
              141.61784806433482,
              1.729977711744551
            ],
            [
              141.73212484261427,
              1.9638275368523237
            ],
            [
              141.90732565566404,
              2.0115253408709344
            ]
          ]
        ]
      },
      "id": "ada59d73-0025-4388-9f66-59855d539a5e"
    },
    {
      "type": "Feature",
      "properties": {
        "id": "69023416-b655-43c7-a9a3-6c028a15625b",
        "name": "sketch358-3"
      },
      "geometry": {
        "type": "Polygon",
        "coordinates": [
          [
            [
              140.79385366645405,
              5.434318471007229
            ],
            [
              140.63828283972134,
              5.242591937198732
            ],
            [
              140.6194055860403,
              5.160116253517383
            ],
            [
              140.5743697693755,
              5.0279039054247265
            ],
            [
              140.44635405610046,
              5.185708412037554
            ],
            [
              140.395663729226,
              5.114937376803108
            ],
            [
              140.16593948785712,
              5.00855535713376
            ],
            [
              140.11806980778115,
              5.349345700746477
            ],
            [
              140.26297286350402,
              5.41451181116137
            ],
            [
              140.31860974157004,
              5.595042607196661
            ],
            [
              140.79385366645405,
              5.434318471007229
            ]
          ]
        ]
      },
      "id": "69023416-b655-43c7-a9a3-6c028a15625b"
    },
    {
      "type": "Feature",
      "properties": {
        "id": "2a2789a3-4dd2-4a7f-b400-40659562cad2",
        "name": "sketch358-4"
      },
      "geometry": {
        "type": "Polygon",
        "coordinates": [
          [
            [
              162.604144450482,
              7.149815635026841
            ],
            [
              162.5487953976014,
              6.875316047667753
            ],
            [
              162.6601531923224,
              6.983160059207917
            ],
            [
              162.48056383067117,
              6.73232324644124
            ],
            [
              162.52765529356276,
              6.609451086769931
            ],
            [
              162.47724618506973,
              6.576311958422552
            ],
            [
              162.4483402202394,
              6.719553733888291
            ],
            [
              162.32418735248783,
              6.751780049619518
            ],
            [
              162.24070186300906,
              6.868957130006396
            ],
            [
              162.23930746277037,
              7.100163835586013
            ],
            [
              162.604144450482,
              7.149815635026841
            ]
          ]
        ]
      },
      "id": "2a2789a3-4dd2-4a7f-b400-40659562cad2"
    },
    {
      "type": "Feature",
      "properties": {
        "id": "e1cc4716-849e-4966-9b8a-31804b89b52d",
        "name": "sketch358-5"
      },
      "geometry": {
        "type": "Polygon",
        "coordinates": [
          [
            [
              140.66668688510316,
              7.203754420396249
            ],
            [
              140.73740531200514,
              7.21994616930041
            ],
            [
              140.78985327018276,
              7.141290379591201
            ],
            [
              140.7517295993019,
              7.140142284294542
            ],
            [
              140.7493817273508,
              6.785366470784372
            ],
            [
              140.5734231933664,
              6.942965337357537
            ],
            [
              140.5750215717488,
              7.068633406260131
            ],
            [
              140.1794503768368,
              7.236048762815614
            ],
            [
              140.5951877792333,
              7.2314249972357025
            ],
            [
              140.43888133852292,
              7.601524711179557
            ],
            [
              140.66668688510316,
              7.203754420396249
            ]
          ]
        ]
      },
      "id": "e1cc4716-849e-4966-9b8a-31804b89b52d"
    },
    {
      "type": "Feature",
      "properties": {
        "id": "b5c344b5-0d55-4c6a-95f4-0e2a357b64b1",
        "name": "sketch358-6"
      },
      "geometry": {
        "type": "Polygon",
        "coordinates": [
          [
            [
              144.70665423631405,
              -0.5523761481603942
            ],
            [
              144.60527435606494,
              -0.6424340233695155
            ],
            [
              144.36975577213735,
              -0.8435008446050137
            ],
            [
              144.3771310889927,
              -0.8914044241296918
            ],
            [
              144.2551389260533,
              -1.1615579226597328
            ],
            [
              144.14046574877085,
              -1.1098908338745597
            ],
            [
              144.29179264510623,
              -0.8597645508293871
            ],
            [
              144.18764851342192,
              -0.818371361832871
            ],
            [
              144.15669659423713,
              -0.8089798647268652
            ],
            [
              144.12521339060848,
              -0.6095074780978631
            ],
            [
              144.70665423631405,
              -0.5523761481603942
            ]
          ]
        ]
      },
      "id": "b5c344b5-0d55-4c6a-95f4-0e2a357b64b1"
    },
    {
      "type": "Feature",
      "properties": {
        "id": "c5e3445d-cdc3-44af-9947-c759046f132c",
        "name": "sketch358-7"
      },
      "geometry": {
        "type": "Polygon",
        "coordinates": [
          [
            [
              143.71950668708052,
              1.6990323716399198
            ],
            [
              143.92056857483388,
              1.687222662386076
            ],
            [
              143.71709485251048,
              1.6928116004707177
            ],
            [
              143.92016077605513,
              1.2568709013886852
            ],
            [
              143.71094411250576,
              1.6894679977321696
            ],
            [
              143.48063217004648,
              1.397870627877387
            ],
            [
              143.21952182419471,
              1.7452903434413167
            ],
            [
              143.64520845287012,
              1.8241495881697822
            ],
            [
              143.6684493624066,
              1.8539282948561568
            ],
            [
              143.6580044362344,
              2.0401253398279504
            ],
            [
              143.71950668708052,
              1.6990323716399198
            ]
          ]
        ]
      },
      "id": "c5e3445d-cdc3-44af-9947-c759046f132c"
    }
  ],
  "bbox": [
    140.11806980778115,
    -1.1615579226597328,
    162.6601531923224,
    7.601524711179557
  ]
}
