{
  "type": "FeatureCollection",
  "features": [
    {
      "type": "Feature",
      "properties": {
        "id": "b14a1427-0c7a-4f43-bd3b-afef5c416e69",
        "name": "sketch55-0"
      },
      "geometry": {
        "type": "Polygon",
        "coordinates": [
          [
            [
              151.72877741402087,
              10.934824233426713
            ],
            [
              151.825051585794,
              10.842103833477434
            ],
            [
              151.7570308391537,
              10.749699969428422
            ],
            [
              151.8728345810637,
              10.68046375414893
            ],
            [
              151.70916918944295,
              10.564288598371876
            ],
            [
              151.68822737646323,
              10.368338559641373
            ],
            [
              151.54317160998093,
              10.45804096057351
            ],
            [
              151.3388483465508,
              10.537192071473367
            ],
            [
              151.49042714064112,
              10.728133192082229
            ],
            [
              151.62454652761076,
              10.679424841171997
            ],
            [
              151.72877741402087,
              10.934824233426713
            ]
          ]
        ]
      },
      "id": "b14a1427-0c7a-4f43-bd3b-afef5c416e69"
    },
    {
      "type": "Feature",
      "properties": {
        "id": "06220722-91a0-435d-bf5b-c6ef3adbce94",
        "name": "sketch55-1"
      },
      "geometry": {
        "type": "Polygon",
        "coordinates": [
          [
            [
              164.13514806647186,
              7.935125135557943
            ],
            [
              164.38443513634064,
              7.979808245573969
            ],
            [
              164.56205706674706,
              7.703383464559685
            ],
            [
              164.17413714396687,
              7.892180599160835
            ],
            [
              164.1214556376309,
              7.639805461940782
            ],
            [
              164.06764551221033,
              7.679228449365376
            ],
            [
              163.86041119199643,
              7.75427597998265
            ],
            [
              164.110046459765,
              7.927641602600504
            ],
            [
              164.12129101518897,
              7.937717580038249
            ],
            [
              164.11206384384798,
              7.993443817553294
            ],
            [
              164.13514806647186,
              7.935125135557943
            ]
          ]
        ]
      },
      "id": "06220722-91a0-435d-bf5b-c6ef3adbce94"
    },
    {
      "type": "Feature",
      "properties": {
        "id": "18189547-2b6c-463f-aedd-e17cb436399e",
        "name": "sketch55-2"
      },
      "geometry": {
        "type": "Polygon",
        "coordinates": [
          [
            [
              155.78548721774956,
              5.309776747831817
            ],
            [
              155.77102404811723,
              5.160722376163836
            ],
            [
              155.97708355733747,
              5.12601926502574
            ],
            [
              155.6953185527738,
              5.13296986881267
            ],
            [
              155.95778131099055,
              4.774433834904586
            ],
            [
              155.7152581964608,
              4.693751974763074
            ],
            [
              155.48699048038478,
              5.0861806575518544
            ],
            [
              155.61934967469404,
              5.200121775847909
            ],
            [
              155.5715246759699,
              5.440125150906527
            ],
            [
              155.580253323233,
              5.4090256382227
            ],
            [
              155.78548721774956,
              5.309776747831817
            ]
          ]
        ]
      },
      "id": "18189547-2b6c-463f-aedd-e17cb436399e"
    },
    {
      "type": "Feature",
      "properties": {
        "id": "3f772a5a-ab02-4a7d-a869-d0648ecfa8c0",
        "name": "sketch55-3"
      },
      "geometry": {
        "type": "Polygon",
        "coordinates": [
          [
            [
              141.00825105804728,
              2.933886737096425
            ],
            [
              141.21010669469234,
              2.9419055586449283
            ],
            [
              141.26057251588696,
              2.8245536794798234
            ],
            [
              141.13905385541895,
              2.6981839793777493
            ],
            [
              140.9164512105901,
              2.5545183472357227
            ],
            [
              140.93649185009633,
              2.7819151827764634
            ],
            [
              140.6000742179462,
              2.6608662020458578
            ],
            [
              140.84201843686176,
              2.9582926773819467
            ],
            [
              140.82071002572613,
              3.2415876541206865
            ],
            [
              140.97484652247414,
              3.3784420237952797
            ],
            [
              141.00825105804728,
              2.933886737096425
            ]
          ]
        ]
      },
      "id": "3f772a5a-ab02-4a7d-a869-d0648ecfa8c0"
    },
    {
      "type": "Feature",
      "properties": {
        "id": "77229f81-087a-49b7-a142-025ab3b65deb",
        "name": "sketch55-4"
      },
      "geometry": {
        "type": "Polygon",
        "coordinates": [
          [
            [
              158.80762583513157,
              2.3833325604304987
            ],
            [
              158.78676653914013,
              2.294786967430157
            ],
            [
              158.8691225427192,
              2.461619228347364
            ],
            [
              159.0269145762865,
              2.418096061425571
            ],
            [
              158.90463582627885,
              2.2246072641140913
            ],
            [
              158.8584470703863,
              2.0634079937191023
            ],
            [
              158.65558063951303,
              1.941708892363431
            ],
            [
              158.59404134317518,
              2.0960477412934377
            ],
            [
              158.69717270929863,
              2.2070121765883957
            ],
            [
              158.42096577578883,
              2.553323241290541
            ],
            [
              158.80762583513157,
              2.3833325604304987
            ]
          ]
        ]
      },
      "id": "77229f81-087a-49b7-a142-025ab3b65deb"
    }
  ],
  "bbox": [
    140.6000742179462,
    1.941708892363431,
    164.56205706674706,
    10.934824233426713
  ]
}
