{
  "type": "FeatureCollection",
  "features": [
    {
      "type": "Feature",
      "properties": {
        "id": "711d4449-cf1d-4665-b25c-7b3c15b554e8",
        "name": "sketch3-0"
      },
      "geometry": {
        "type": "Polygon",
        "coordinates": [
          [
            [
              137.46554371049228,
              8.802737944643756
            ],
            [
              137.519297496907,
              8.826692155051154
            ],
            [
              137.8286164997511,
              8.630032780051867
            ],
            [
              137.84916929674043,
              8.606984406495515
            ],
            [
              137.53877054701576,
              8.569028226385894
            ],
            [
              137.40331333663485,
              8.454137201242775
            ],
            [
              137.27996435650047,
              8.274751138747263
            ],
            [
              137.1685786902863,
              8.530548317452682
            ],
            [
              137.19628229000742,
              8.714660254805008
            ],
            [
              137.32077276823242,
              8.757268986499827
            ],
            [
              137.46554371049228,
              8.802737944643756
            ]
          ]
        ]
      },
      "id": "711d4449-cf1d-4665-b25c-7b3c15b554e8"
    },
    {
      "type": "Feature",
      "properties": {
        "id": "282aa41f-301f-4159-afee-4696fe3f83c2",
        "name": "sketch3-1"
      },
      "geometry": {
        "type": "Polygon",
        "coordinates": [
          [
            [
              151.11811930975492,
              10.123055395679353
            ],
            [
              151.37816280423178,
              10.408236364922995
            ],
            [
              151.38948718799512,
              10.085630486886217
            ],
            [
              151.21844070337335,
              10.0515625381446
            ],
            [
              151.3408462226155,
              9.977561167765083
            ],
            [
              151.13453583893372,
              9.95040435840733
            ],
            [
              151.0410708152052,
              10.03256067488458
            ],
            [
              150.8039622587095,
              10.048140624074291
            ],
            [
              150.94465566498042,
              10.189209740698493
            ],
            [
              151.105073558868,
              10.11429124911509
            ],
            [
              151.11811930975492,
              10.123055395679353
            ]
          ]
        ]
      },
      "id": "282aa41f-301f-4159-afee-4696fe3f83c2"
    },
    {
      "type": "Feature",
      "properties": {
        "id": "e76b2e98-4dbd-4825-9f2a-fc5330d51efa",
        "name": "sketch3-2"
      },
      "geometry": {
        "type": "Polygon",
        "coordinates": [
          [
            [
              164.41204783557768,
              10.660005368063288
            ],
            [
              164.6155236552717,
              10.652765392421106
            ],
            [
              164.44849209507103,
              10.41999236150922
            ],
            [
              164.70335416779469,
              10.253598293899193
            ],
            [
              164.42112120639135,
              10.07335091962595
            ],
            [
              164.4252624612058,
              9.951517710041252
            ],
            [
              164.06733629556604,
              9.952037656478284
            ],
            [
              163.98311916809885,
              10.141228912225504
            ],
            [
              163.91230700774,
              10.32573219363138
            ],
            [
              164.03647299655574,
              10.714748054314843
            ],
            [
              164.41204783557768,
              10.660005368063288
            ]
          ]
        ]
      },
      "id": "e76b2e98-4dbd-4825-9f2a-fc5330d51efa"
    }
  ],
  "bbox": [
    137.1685786902863,
    8.274751138747263,
    164.70335416779469,
    10.714748054314843
  ]
}
