{
  "type": "FeatureCollection",
  "features": [
    {
      "type": "Feature",
      "properties": {
        "id": "f31d07fa-46ba-47ff-ad9a-d6110f1601f3",
        "name": "sketch449-0"
      },
      "geometry": {
        "type": "Polygon",
        "coordinates": [
          [
            [
              153.65637137081833,
              0.39828646578513
            ],
            [
              153.76998128292738,
              0.4689677798621669
            ],
            [
              153.8508622398096,
              0.43176802954954174
            ],
            [
              154.1051437837482,
              0.1343921468420306
            ],
            [
              153.7537376382383,
              0.21552905136253336
            ],
            [
              153.68728424946863,
              -0.14417191675254715
            ],
            [
              153.4721479208032,
              0.10109847971784872
            ],
            [
              153.2498454185591,
              0.28107640966921404
            ],
            [
              153.5033252908339,
              0.42216459994340644
            ],
            [
              153.55353909996828,
              0.3963210188642968
            ],
            [
              153.65637137081833,
              0.39828646578513
            ]
          ]
        ]
      },
      "id": "f31d07fa-46ba-47ff-ad9a-d6110f1601f3"
    },
    {
      "type": "Feature",
      "properties": {
        "id": "87dd03db-41ee-4397-9f32-1ccf4b462757",
        "name": "sketch449-1"
      },
      "geometry": {
        "type": "Polygon",
        "coordinates": [
          [
            [
              150.10738495846377,
              6.34897280299515
            ],
            [
              149.77741689983537,
              6.026207628442436
            ],
            [
              150.11743972647923,
              5.718194063614362
            ],
            [
              149.7736636143804,
              6.004945586200866
            ],
            [
              149.76046321695324,
              6.017199397135515
            ],
            [
              149.61000751993097,
              5.919852506178155
            ],
            [
              149.45457996241882,
              6.024632763417977
            ],
            [
              149.4395140994089,
              6.1461029163329925
            ],
            [
              149.4112451372165,
              6.196887487099343
            ],
            [
              149.61600535540126,
              6.332105724382149
            ],
            [
              150.10738495846377,
              6.34897280299515
            ]
          ]
        ]
      },
      "id": "87dd03db-41ee-4397-9f32-1ccf4b462757"
    },
    {
      "type": "Feature",
      "properties": {
        "id": "66475f24-fcdb-446c-ae96-eb70be5e0d28",
        "name": "sketch449-2"
      },
      "geometry": {
        "type": "Polygon",
        "coordinates": [
          [
            [
              161.93835050559224,
              8.447057252012476
            ],
            [
              161.9567225362301,
              8.382182319091502
            ],
            [
              162.08441905407557,
              8.27242176852358
            ],
            [
              161.92565798661983,
              7.911656317483352
            ],
            [
              161.65233668683905,
              7.9985251033377525
            ],
            [
              161.81988498398883,
              8.35295790169237
            ],
            [
              161.62905726823976,
              8.559434978952332
            ],
            [
              161.64974190345637,
              8.557243855398035
            ],
            [
              161.6949573394089,
              8.527338706419664
            ],
            [
              161.70777336986538,
              8.555215286936878
            ],
            [
              161.93835050559224,
              8.447057252012476
            ]
          ]
        ]
      },
      "id": "66475f24-fcdb-446c-ae96-eb70be5e0d28"
    },
    {
      "type": "Feature",
      "properties": {
        "id": "fb125fa0-ee4f-4013-aa5b-1d50ca1ef323",
        "name": "sketch449-3"
      },
      "geometry": {
        "type": "Polygon",
        "coordinates": [
          [
            [
              139.74347800754938,
              3.230297789190892
            ],
            [
              139.98631625147888,
              3.286943797818009
            ],
            [
              139.97481500302172,
              3.0665687200973073
            ],
            [
              140.08726706058584,
              2.9262454086098164
            ],
            [
              139.76232086720754,
              3.0648413145696134
            ],
            [
              139.7570774527448,
              2.727512818865179
            ],
            [
              139.43528538444556,
              2.9107935783617203
            ],
            [
              139.63777744461527,
              3.1375182697212836
            ],
            [
              139.5817265523131,
              3.1610004251161055
            ],
            [
              139.50461065237724,
              3.342272185835206
            ],
            [
              139.74347800754938,
              3.230297789190892
            ]
          ]
        ]
      },
      "id": "fb125fa0-ee4f-4013-aa5b-1d50ca1ef323"
    },
    {
      "type": "Feature",
      "properties": {
        "id": "f6e6faca-08b5-4944-a596-cc33525a7419",
        "name": "sketch449-4"
      },
      "geometry": {
        "type": "Polygon",
        "coordinates": [
          [
            [
              145.5779152919881,
              -0.029447470913988156
            ],
            [
              145.71005179372193,
              -0.12842491914186271
            ],
            [
              145.5954869216686,
              -0.09041054898834505
            ],
            [
              145.77081383563697,
              -0.18598083586043723
            ],
            [
              145.56397807302378,
              -0.15405657820278681
            ],
            [
              145.52104897075682,
              -0.336435386322554
            ],
            [
              145.47929609651527,
              -0.09989531042281141
            ],
            [
              145.24340793175008,
              -0.3025226783435774
            ],
            [
              145.05639158430282,
              -0.21089955475225589
            ],
            [
              145.27348066048842,
              0.20808915709991344
            ],
            [
              145.5779152919881,
              -0.029447470913988156
            ]
          ]
        ]
      },
      "id": "f6e6faca-08b5-4944-a596-cc33525a7419"
    },
    {
      "type": "Feature",
      "properties": {
        "id": "43f2f365-d6a3-4bf1-b09d-b90aecc5dd63",
        "name": "sketch449-5"
      },
      "geometry": {
        "type": "Polygon",
        "coordinates": [
          [
            [
              138.12289573365055,
              3.7393486891356496
            ],
            [
              138.30497590759958,
              3.7735221907385057
            ],
            [
              138.21552510459566,
              3.7184739071475907
            ],
            [
              138.09633713680188,
              3.7275782838616394
            ],
            [
              138.16326324934585,
              3.248117590106922
            ],
            [
              138.12689444386538,
              3.3138996677493133
            ],
            [
              138.03783145124808,
              3.6887186669340255
            ],
            [
              138.07406704495307,
              3.73441780047129
            ],
            [
              137.8707162469843,
              3.835065222822274
            ],
            [
              137.9490061695613,
              4.031368234553181
            ],
            [
              138.12289573365055,
              3.7393486891356496
            ]
          ]
        ]
      },
      "id": "43f2f365-d6a3-4bf1-b09d-b90aecc5dd63"
    },
    {
      "type": "Feature",
      "properties": {
        "id": "285e46a6-0a1d-43dc-9ee7-a7503ed6ede2",
        "name": "sketch449-6"
      },
      "geometry": {
        "type": "Polygon",
        "coordinates": [
          [
            [
              149.0120317610187,
              0.3400637161625418
            ],
            [
              149.3820302297805,
              0.3346779210870422
            ],
            [
              149.3390403051763,
              0.2323989439655496
            ],
            [
              149.19241555249198,
              0.10548454661011439
            ],
            [
              149.0467437709801,
              0.20107243984851003
            ],
            [
              148.98852638614485,
              0.22622824661307592
            ],
            [
              148.93881953327994,
              -0.19619820158725926
            ],
            [
              148.87493017547519,
              0.0919141106095469
            ],
            [
              148.7947224972207,
              0.35116685379830437
            ],
            [
              148.91608814118496,
              0.33367165814353267
            ],
            [
              149.0120317610187,
              0.3400637161625418
            ]
          ]
        ]
      },
      "id": "285e46a6-0a1d-43dc-9ee7-a7503ed6ede2"
    },
    {
      "type": "Feature",
      "properties": {
        "id": "4b0dd866-76b9-451e-a44a-11e4984aa03e",
        "name": "sketch449-7"
      },
      "geometry": {
        "type": "Polygon",
        "coordinates": [
          [
            [
              147.19118999973298,
              8.95991087190513
            ],
            [
              147.39586546664978,
              8.930803452885172
            ],
            [
              147.5319947843001,
              8.695837321851378
            ],
            [
              147.31590867075852,
              8.746654542823649
            ],
            [
              147.1836817940924,
              8.949872993014404
            ],
            [
              146.79301039039902,
              8.709297701536853
            ],
            [
              146.8577313910687,
              8.888988509894899
            ],
            [
              146.78316520744303,
              8.92871647600813
            ],
            [
              146.8063700776824,
              9.127191870763696
            ],
            [
              146.79205142604397,
              9.194364554728017
            ],
            [
              147.19118999973298,
              8.95991087190513
            ]
          ]
        ]
      },
      "id": "4b0dd866-76b9-451e-a44a-11e4984aa03e"
    },
    {
      "type": "Feature",
      "properties": {
        "id": "d901cfad-908b-4dd6-8a53-d12369ebb780",
        "name": "sketch449-8"
      },
      "geometry": {
        "type": "Polygon",
        "coordinates": [
          [
            [
              142.89229828015343,
              1.245580408216775
            ],
            [
              143.07971464727387,
              1.052885206201643
            ],
            [
              142.85929282685726,
              0.8131299732441316
            ],
            [
              143.10902818044093,
              0.5581129477598441
            ],
            [
              143.0666462955816,
              0.41062450706920783
            ],
            [
              142.87495057746747,
              0.45877689584022807
            ],
            [
              142.544926182203,
              0.5808042719227525
            ],
            [
              142.6590862082053,
              0.8514751815697194
            ],
            [
              142.59164004623918,
              1.1955111446608766
            ],
            [
              142.63669785849785,
              1.2076809223909173
            ],
            [
              142.89229828015343,
              1.245580408216775
            ]
          ]
        ]
      },
      "id": "d901cfad-908b-4dd6-8a53-d12369ebb780"
    }
  ],
  "bbox": [
    137.8707162469843,
    -0.336435386322554,
    162.08441905407557,
    9.194364554728017
  ]
}
