{
  "type": "FeatureCollection",
  "features": [
    {
      "type": "Feature",
      "properties": {
        "id": "5fb3a155-87bc-47f1-9a39-100a5f9dc097",
        "name": "sketch422-0"
      },
      "geometry": {
        "type": "Polygon",
        "coordinates": [
          [
            [
              142.69859833919773,
              2.597141066260372
            ],
            [
              142.87677901692754,
              2.637596209088614
            ],
            [
              142.83139251999364,
              2.494952804035
            ],
            [
              142.9276486833506,
              2.1207018667415216
            ],
            [
              142.69593698311297,
              2.309637617630217
            ],
            [
              142.60863650117534,
              2.4465131615924554
            ],
            [
              142.33774167659345,
              2.397359169914072
            ],
            [
              142.5757997476687,
              2.578426044413656
            ],
            [
              142.50074063991144,
              2.628375875807843
            ],
            [
              142.59065802398302,
              2.7649497747540175
            ],
            [
              142.69859833919773,
              2.597141066260372
            ]
          ]
        ]
      },
      "id": "5fb3a155-87bc-47f1-9a39-100a5f9dc097"
    },
    {
      "type": "Feature",
      "properties": {
        "id": "7dc519eb-257b-4c6e-b4c1-20351edc3666",
        "name": "sketch422-1"
      },
      "geometry": {
        "type": "Polygon",
        "coordinates": [
          [
            [
              149.97032319674668,
              11.430288974457406
            ],
            [
              150.05133103652642,
              11.17910230497468
            ],
            [
              150.20324568246684,
              10.913958462327042
            ],
            [
              149.8411757382656,
              11.166813669894173
            ],
            [
              149.9505378437799,
              10.97753156885448
            ],
            [
              149.87548443244435,
              11.025084199187527
            ],
            [
              149.7888847847308,
              11.093468425218184
            ],
            [
              149.51219736007295,
              10.85597502398612
            ],
            [
              149.73618961511232,
              11.175953692314053
            ],
            [
              149.5342246625779,
              11.375791388078094
            ],
            [
              149.97032319674668,
              11.430288974457406
            ]
          ]
        ]
      },
      "id": "7dc519eb-257b-4c6e-b4c1-20351edc3666"
    }
  ],
  "bbox": [
    142.33774167659345,
    2.1207018667415216,
    150.20324568246684,
    11.430288974457406
  ]
}
