{
  "type": "FeatureCollection",
  "features": [
    {
      "type": "Feature",
      "properties": {
        "id": "06039460-530c-4c63-a3b8-0995082a9cac",
        "name": "sketch334-0"
      },
      "geometry": {
        "type": "Polygon",
        "coordinates": [
          [
            [
              155.18850092687524,
              7.587593068005407
            ],
            [
              155.37045305800268,
              7.316166495640528
            ],
            [
              155.01921740943106,
              7.195186820627812
            ],
            [
              155.3530299501393,
              7.175969935833547
            ],
            [
              155.28744369713,
              7.072264406921392
            ],
            [
              154.9600028189041,
              7.0763675280994445
            ],
            [
              154.92184304453713,
              7.075784737501836
            ],
            [
              154.86779609350845,
              7.1249260299768356
            ],
            [
              154.63720981778363,
              7.235448809280219
            ],
            [
              154.5353253250517,
              7.398058587630137
            ],
            [
              155.18850092687524,
              7.587593068005407
            ]
          ]
        ]
      },
      "id": "06039460-530c-4c63-a3b8-0995082a9cac"
    },
    {
      "type": "Feature",
      "properties": {
        "id": "f6436545-83fa-4193-930a-43e9eb4416d2",
        "name": "sketch334-1"
      },
      "geometry": {
        "type": "Polygon",
        "coordinates": [
          [
            [
              163.29372685854517,
              -0.8890978147624844
            ],
            [
              163.24591485699048,
              -0.9491331555338137
            ],
            [
              163.3729449617708,
              -1.2656161828746428
            ],
            [
              163.23278284134733,
              -1.1396605476172559
            ],
            [
              163.22248990046452,
              -0.9794157230626098
            ],
            [
              163.1900598677116,
              -1.1051434336415715
            ],
            [
              162.77577988410238,
              -1.0006098288712608
            ],
            [
              162.88304322034875,
              -0.9833039129664166
            ],
            [
              163.1942996622656,
              -0.9373175183650693
            ],
            [
              162.80730025133434,
              -0.7783100934923415
            ],
            [
              163.29372685854517,
              -0.8890978147624844
            ]
          ]
        ]
      },
      "id": "f6436545-83fa-4193-930a-43e9eb4416d2"
    },
    {
      "type": "Feature",
      "properties": {
        "id": "4c31eba0-5c4a-45a3-94f1-23974490a06f",
        "name": "sketch334-2"
      },
      "geometry": {
        "type": "Polygon",
        "coordinates": [
          [
            [
              137.7957181043657,
              4.72821492663363
            ],
            [
              137.94448839665182,
              4.652872807883851
            ],
            [
              138.1373878319826,
              4.562726963903708
            ],
            [
              137.84613583131872,
              4.539253462779913
            ],
            [
              137.9409930788615,
              4.421117937518903
            ],
            [
              138.01646226821217,
              4.2455512697593445
            ],
            [
              137.7095325455845,
              4.590930626434767
            ],
            [
              137.63783688899872,
              4.591068774951479
            ],
            [
              137.7060704171099,
              4.630569661088847
            ],
            [
              137.6477377917388,
              4.695601624095754
            ],
            [
              137.7957181043657,
              4.72821492663363
            ]
          ]
        ]
      },
      "id": "4c31eba0-5c4a-45a3-94f1-23974490a06f"
    },
    {
      "type": "Feature",
      "properties": {
        "id": "3aa8287a-27d0-4e97-80fb-bc98512151bb",
        "name": "sketch334-3"
      },
      "geometry": {
        "type": "Polygon",
        "coordinates": [
          [
            [
              157.47676936137876,
              5.390200320108499
            ],
            [
              157.34665458508488,
              5.13318341270597
            ],
            [
              157.5580166491001,
              5.0656510489705076
            ],
            [
              157.31457754473962,
              5.102260255195461
            ],
            [
              157.24848849873322,
              4.961913214596144
            ],
            [
              156.94869889465392,
              5.047039320496495
            ],
            [
              157.1229935426614,
              5.155819717395309
            ],
            [
              157.06134521118074,
              5.227042269448863
            ],
            [
              157.20590679838767,
              5.153148267792919
            ],
            [
              157.20118766916693,
              5.45896262048229
            ],
            [
              157.47676936137876,
              5.390200320108499
            ]
          ]
        ]
      },
      "id": "3aa8287a-27d0-4e97-80fb-bc98512151bb"
    }
  ],
  "bbox": [
    137.63783688899872,
    -1.2656161828746428,
    163.3729449617708,
    7.587593068005407
  ]
}
