{
  "type": "FeatureCollection",
  "features": [
    {
      "type": "Feature",
      "properties": {
        "id": "fd58077b-151c-496d-9cb8-c73d6822c388",
        "name": "sketch114-0"
      },
      "geometry": {
        "type": "Polygon",
        "coordinates": [
          [
            [
              153.54480220752893,
              3.2248753874919163
            ],
            [
              153.46809102902156,
              2.7844615824760806
            ],
            [
              153.35516596607218,
              2.806315312115146
            ],
            [
              153.39900319703443,
              2.6802927597840505
            ],
            [
              153.35987168312903,
              2.6628171472117317
            ],
            [
              153.10824382328704,
              2.4768663593877367
            ],
            [
              153.05405970430718,
              2.6003839409591705
            ],
            [
              152.87403247630925,
              2.7857109766370693
            ],
            [
              153.1556566648115,
              2.8710302082307897
            ],
            [
              152.89076179642183,
              2.9996750586770116
            ],
            [
              153.54480220752893,
              3.2248753874919163
            ]
          ]
        ]
      },
      "id": "fd58077b-151c-496d-9cb8-c73d6822c388"
    },
    {
      "type": "Feature",
      "properties": {
        "id": "4b42d6ca-2993-46a2-b68d-a60e107ebb4a",
        "name": "sketch114-1"
      },
      "geometry": {
        "type": "Polygon",
        "coordinates": [
          [
            [
              139.26738361236286,
              12.7900934840673
            ],
            [
              139.36975066846588,
              12.632563526842064
            ],
            [
              139.36301760347513,
              12.173513831978932
            ],
            [
              139.1487770491159,
              12.44516076536917
            ],
            [
              139.10128354513245,
              12.39502686138379
            ],
            [
              139.06323509021854,
              12.515214008268378
            ],
            [
              138.93910554385798,
              12.363694776046191
            ],
            [
              139.00264556738065,
              12.603424150190396
            ],
            [
              139.0821968729136,
              12.590658351982231
            ],
            [
              138.7722460868652,
              12.9537900401821
            ],
            [
              139.26738361236286,
              12.7900934840673
            ]
          ]
        ]
      },
      "id": "4b42d6ca-2993-46a2-b68d-a60e107ebb4a"
    },
    {
      "type": "Feature",
      "properties": {
        "id": "e18aeb7c-bc3c-4e90-8758-38594467cfe0",
        "name": "sketch114-2"
      },
      "geometry": {
        "type": "Polygon",
        "coordinates": [
          [
            [
              144.0049902001409,
              2.930037240437924
            ],
            [
              144.068901786498,
              2.9184987400834213
            ],
            [
              143.89219430089068,
              2.706370319341924
            ],
            [
              143.8832938823265,
              2.6137059045679805
            ],
            [
              143.76470199870909,
              2.5014818985822873
            ],
            [
              143.60545774563985,
              2.4454818921031887
            ],
            [
              143.50380215935127,
              2.4054626923216293
            ],
            [
              143.51570314345366,
              2.646125797315164
            ],
            [
              143.36742263969998,
              2.6842557186899456
            ],
            [
              143.6884719697084,
              2.7869001685819494
            ],
            [
              144.0049902001409,
              2.930037240437924
            ]
          ]
        ]
      },
      "id": "e18aeb7c-bc3c-4e90-8758-38594467cfe0"
    },
    {
      "type": "Feature",
      "properties": {
        "id": "4e76a435-47b6-4a5c-9404-631f0765c7c5",
        "name": "sketch114-3"
      },
      "geometry": {
        "type": "Polygon",
        "coordinates": [
          [
            [
              138.34971560422582,
              4.563476603265762
            ],
            [
              138.46026729470088,
              4.749763158851315
            ],
            [
              138.69253418599916,
              4.665206857842335
            ],
            [
              138.6487396005586,
              4.369627538667842
            ],
            [
              138.4347998541188,
              4.400994252496654
            ],
            [
              138.33176386035953,
              4.470260541582529
            ],
            [
              138.02803383059165,
              4.169824751174463
            ],
            [
              137.9094991903225,
              4.372096003408017
            ],
            [
              137.98722482805798,
              4.575719885810825
            ],
            [
              138.01291985623357,
              4.830216137216892
            ],
            [
              138.34971560422582,
              4.563476603265762
            ]
          ]
        ]
      },
      "id": "4e76a435-47b6-4a5c-9404-631f0765c7c5"
    }
  ],
  "bbox": [
    137.9094991903225,
    2.4054626923216293,
    153.54480220752893,
    12.9537900401821
  ]
}
