{
  "type": "FeatureCollection",
  "features": [
    {
      "type": "Feature",
      "properties": {
        "id": "1460da08-01dd-4ca3-841e-7f3ca3eb016f",
        "name": "sketch38-0"
      },
      "geometry": {
        "type": "Polygon",
        "coordinates": [
          [
            [
              143.46421271654748,
              -0.9214482479455592
            ],
            [
              143.52992606957403,
              -0.9031466822136179
            ],
            [
              143.45324940851887,
              -0.934588976309474
            ],
            [
              143.63148686959082,
              -1.192741582755161
            ],
            [
              143.4414665829554,
              -0.974336079182209
            ],
            [
              143.16625123681908,
              -1.121802676559767
            ],
            [
              143.3090188051484,
              -0.8957148617768493
            ],
            [
              143.0895703896954,
              -0.8015864632476328
            ],
            [
              143.1938284149391,
              -0.5461207946760399
            ],
            [
              143.36677287008752,
              -0.7505095365659556
            ],
            [
              143.46421271654748,
              -0.9214482479455592
            ]
          ]
        ]
      },
      "id": "1460da08-01dd-4ca3-841e-7f3ca3eb016f"
    },
    {
      "type": "Feature",
      "properties": {
        "id": "841cc27f-f756-44e8-a7ca-3b65a9210ddb",
        "name": "sketch38-1"
      },
      "geometry": {
        "type": "Polygon",
        "coordinates": [
          [
            [
              164.16264585194867,
              7.961934646925222
            ],
            [
              164.31770950553147,
              8.267077856248298
            ],
            [
              164.58698711950854,
              8.014295904636407
            ],
            [
              164.5666556928844,
              7.691475865314566
            ],
            [
              164.39121199524436,
              7.4950671604754415
            ],
            [
              164.1494990157095,
              7.6386140429358145
            ],
            [
              164.14730602053794,
              7.56485690703139
            ],
            [
              164.04645182960525,
              7.759823518168118
            ],
            [
              163.74966267195106,
              7.999674136529153
            ],
            [
              164.1158844399968,
              8.242872228941092
            ],
            [
              164.16264585194867,
              7.961934646925222
            ]
          ]
        ]
      },
      "id": "841cc27f-f756-44e8-a7ca-3b65a9210ddb"
    },
    {
      "type": "Feature",
      "properties": {
        "id": "79ca2389-01db-4019-927d-16acfadc8fb7",
        "name": "sketch38-2"
      },
      "geometry": {
        "type": "Polygon",
        "coordinates": [
          [
            [
              139.21333128449453,
              6.418154781871278
            ],
            [
              139.35068413297853,
              6.450851926348085
            ],
            [
              139.08865147787492,
              6.2661053376488995
            ],
            [
              139.12247621922864,
              5.823363540794946
            ],
            [
              138.8735782143874,
              6.149438676107081
            ],
            [
              138.8290855727269,
              6.151756359438034
            ],
            [
              138.72085433485606,
              6.133238515971409
            ],
            [
              139.018390796573,
              6.313310652721927
            ],
            [
              138.80691801667152,
              6.491506552346355
            ],
            [
              138.81970087914846,
              6.559747072975509
            ],
            [
              139.21333128449453,
              6.418154781871278
            ]
          ]
        ]
      },
      "id": "79ca2389-01db-4019-927d-16acfadc8fb7"
    },
    {
      "type": "Feature",
      "properties": {
        "id": "8eb97069-65ca-4dce-b0b0-200b8908980a",
        "name": "sketch38-3"
      },
      "geometry": {
        "type": "Polygon",
        "coordinates": [
          [
            [
              156.96359390394534,
              1.3677003271434673
            ],
            [
              157.19330674120823,
              1.5535752313512627
            ],
            [
              157.03232782035184,
              1.264828457047638
            ],
            [
              156.99255626116562,
              1.2421915714224578
            ],
            [
              157.0004176641936,
              1.0990459041612337
            ],
            [
              156.92822528087456,
              1.1892389022405339
            ],
            [
              156.7645952567057,
              1.108407810637368
            ],
            [
              156.87011803889737,
              1.2516979083535231
            ],
            [
              156.53332325442926,
              1.4057069082405054
            ],
            [
              156.66272254342124,
              1.5046458914223533
            ],
            [
              156.96359390394534,
              1.3677003271434673
            ]
          ]
        ]
      },
      "id": "8eb97069-65ca-4dce-b0b0-200b8908980a"
    },
    {
      "type": "Feature",
      "properties": {
        "id": "dbe544a1-86db-4638-b6b2-9f72eab92f25",
        "name": "sketch38-4"
      },
      "geometry": {
        "type": "Polygon",
        "coordinates": [
          [
            [
              139.53404338221236,
              13.600937348962834
            ],
            [
              139.41999042618525,
              13.410108936063617
            ],
            [
              139.76059562725612,
              13.565945190805131
            ],
            [
              139.8368059522137,
              13.299529486978226
            ],
            [
              139.4270630165237,
              13.220481334293442
            ],
            [
              139.36174579741078,
              13.329229878312514
            ],
            [
              139.31733479346133,
              13.3335756745768
            ],
            [
              139.36104822653573,
              13.343688652529739
            ],
            [
              139.2518291389799,
              13.527176009707384
            ],
            [
              139.35670317170553,
              13.363653026823217
            ],
            [
              139.53404338221236,
              13.600937348962834
            ]
          ]
        ]
      },
      "id": "dbe544a1-86db-4638-b6b2-9f72eab92f25"
    },
    {
      "type": "Feature",
      "properties": {
        "id": "3211ea48-891e-4608-b04c-1b22d03572a8",
        "name": "sketch38-5"
      },
      "geometry": {
        "type": "Polygon",
        "coordinates": [
          [
            [
              147.6098302024249,
              13.62676233878986
            ],
            [
              147.80494540753403,
              13.669605810448388
            ],
            [
              147.7147872108732,
              13.363183499091873
            ],
            [
              147.58625810559565,
              13.003630360656125
            ],
            [
              147.37436333093706,
              13.417089017306878
            ],
            [
              147.21694334970914,
              13.174692966353028
            ],
            [
              147.2300616897771,
              13.426465078381653
            ],
            [
              146.97230702579097,
              13.647143727397504
            ],
            [
              147.24308518177415,
              13.619024077757574
            ],
            [
              147.36493249821368,
              13.474158172604826
            ],
            [
              147.6098302024249,
              13.62676233878986
            ]
          ]
        ]
      },
      "id": "3211ea48-891e-4608-b04c-1b22d03572a8"
    },
    {
      "type": "Feature",
      "properties": {
        "id": "27f7267c-7d74-4dc8-81f8-3d4fa6a5ff1c",
        "name": "sketch38-6"
      },
      "geometry": {
        "type": "Polygon",
        "coordinates": [
          [
            [
              136.9034897355903,
              4.690313633025868
            ],
            [
              137.0786974135344,
              4.510594494313942
            ],
            [
              136.84986967098763,
              4.508192158280957
            ],
            [
              136.76121780799528,
              4.155281225518357
            ],
            [
              136.55612974590895,
              4.172992481655364
            ],
            [
              136.60218058416316,
              4.554923935361476
            ],
            [
              136.54079517353378,
              4.746177358915428
            ],
            [
              136.60293459986087,
              4.92448876611345
            ],
            [
              136.71335217135115,
              4.717404627006197
            ],
            [
              136.6708043314016,
              4.973978726471496
            ],
            [
              136.9034897355903,
              4.690313633025868
            ]
          ]
        ]
      },
      "id": "27f7267c-7d74-4dc8-81f8-3d4fa6a5ff1c"
    },
    {
      "type": "Feature",
      "properties": {
        "id": "4930f0a7-0ac3-4a9e-98fc-fbf1b84fac5d",
        "name": "sketch38-7"
      },
      "geometry": {
        "type": "Polygon",
        "coordinates": [
          [
            [
              142.8021300417651,
              3.5049012564819892
            ],
            [
              142.90958188199642,
              3.4320169143255934
            ],
            [
              142.73395740198615,
              3.4096357182845884
            ],
            [
              142.77760607159178,
              3.2358007316467927
            ],
            [
              142.720393223101,
              3.3893149338280417
            ],
            [
              142.7123147672129,
              3.391583927974342
            ],
            [
              142.64602910348086,
              3.2592191082190975
            ],
            [
              142.47943643842962,
              3.3277705940929314
            ],
            [
              142.42950199886658,
              3.544045777340652
            ],
            [
              142.59383687845263,
              3.681515301031367
            ],
            [
              142.8021300417651,
              3.5049012564819892
            ]
          ]
        ]
      },
      "id": "4930f0a7-0ac3-4a9e-98fc-fbf1b84fac5d"
    }
  ],
  "bbox": [
    136.54079517353378,
    -1.192741582755161,
    164.58698711950854,
    13.669605810448388
  ]
}
