{
  "type": "FeatureCollection",
  "features": [
    {
      "type": "Feature",
      "properties": {
        "id": "bb2ab010-302b-4666-aac2-a5d129a89808",
        "name": "sketch355-0"
      },
      "geometry": {
        "type": "Polygon",
        "coordinates": [
          [
            [
              141.8220335767035,
              0.7968865508598256
            ],
            [
              142.1556391498467,
              0.7288062194313538
            ],
            [
              142.21901608737454,
              0.6115621674699259
            ],
            [
              141.82595010239487,
              0.6502050529237673
            ],
            [
              141.75041542173432,
              0.6775079846086541
            ],
            [
              141.75792029208063,
              0.7213456478056768
            ],
            [
              141.52117604256622,
              0.48997681389487646
            ],
            [
              141.4218230774123,
              1.0917732428102942
            ],
            [
              141.6087288334751,
              0.9361063380754061
            ],
            [
              141.57703584930263,
              1.0407055512329746
            ],
            [
              141.8220335767035,
              0.7968865508598256
            ]
          ]
        ]
      },
      "id": "bb2ab010-302b-4666-aac2-a5d129a89808"
    },
    {
      "type": "Feature",
      "properties": {
        "id": "0abd22a9-9baf-4aff-a762-94361f98a56d",
        "name": "sketch355-1"
      },
      "geometry": {
        "type": "Polygon",
        "coordinates": [
          [
            [
              160.89460855793317,
              0.29902217721551166
            ],
            [
              161.21875274371092,
              0.2989069150663556
            ],
            [
              161.0879698856652,
              0.08566717322533415
            ],
            [
              160.93502804263252,
              0.11537165617283798
            ],
            [
              160.9229593782348,
              0.0374691260466041
            ],
            [
              160.78668026256506,
              -0.22012689211377273
            ],
            [
              160.64364766434318,
              0.04340142948740269
            ],
            [
              160.78697664759153,
              0.16559459047522757
            ],
            [
              160.71534234620628,
              0.23832214835408638
            ],
            [
              160.50341672111873,
              0.46991249521964795
            ],
            [
              160.89460855793317,
              0.29902217721551166
            ]
          ]
        ]
      },
      "id": "0abd22a9-9baf-4aff-a762-94361f98a56d"
    },
    {
      "type": "Feature",
      "properties": {
        "id": "11bcdce2-93a1-49e9-ab0f-d3e9a23c64d9",
        "name": "sketch355-2"
      },
      "geometry": {
        "type": "Polygon",
        "coordinates": [
          [
            [
              150.07294871453405,
              4.5675131867388785
            ],
            [
              150.18786799920423,
              4.632827327609322
            ],
            [
              150.15328218260098,
              4.443098648904285
            ],
            [
              150.3596328462105,
              4.273415819089147
            ],
            [
              150.21332462518487,
              4.172017546336271
            ],
            [
              150.04373658769015,
              4.0372489186731615
            ],
            [
              149.8546555050523,
              3.955501194692058
            ],
            [
              149.8605600185593,
              4.245295282496996
            ],
            [
              149.51893126873142,
              4.263643104143943
            ],
            [
              149.66545334265035,
              4.677479244809346
            ],
            [
              150.07294871453405,
              4.5675131867388785
            ]
          ]
        ]
      },
      "id": "11bcdce2-93a1-49e9-ab0f-d3e9a23c64d9"
    },
    {
      "type": "Feature",
      "properties": {
        "id": "0771ae53-02d3-42db-9f35-e3961278d1ab",
        "name": "sketch355-3"
      },
      "geometry": {
        "type": "Polygon",
        "coordinates": [
          [
            [
              165.18934165641397,
              5.941529230238013
            ],
            [
              165.07961048326152,
              5.64671610031711
            ],
            [
              165.10201052645647,
              5.47730922660096
            ],
            [
              164.8702323724789,
              5.528430914801514
            ],
            [
              164.83188034371395,
              5.32960208745856
            ],
            [
              164.56948437604856,
              5.412007366891701
            ],
            [
              164.71944459349723,
              5.639625684203656
            ],
            [
              164.59844869765809,
              5.750546173094589
            ],
            [
              164.67857745112218,
              5.802057256614512
            ],
            [
              164.82160809801786,
              6.087149648142138
            ],
            [
              165.18934165641397,
              5.941529230238013
            ]
          ]
        ]
      },
      "id": "0771ae53-02d3-42db-9f35-e3961278d1ab"
    },
    {
      "type": "Feature",
      "properties": {
        "id": "7d03138b-7278-41e9-8922-934d09e13d73",
        "name": "sketch355-4"
      },
      "geometry": {
        "type": "Polygon",
        "coordinates": [
          [
            [
              137.0984754899172,
              4.380763690032705
            ],
            [
              137.03598481597714,
              4.228216670450644
            ],
            [
              137.06561413110896,
              4.108302885146872
            ],
            [
              136.967749895923,
              3.865027999377272
            ],
            [
              136.87905465412706,
              3.81865790062148
            ],
            [
              136.76725207131068,
              3.741775064283181
            ],
            [
              136.9376250011214,
              4.137622424914865
            ],
            [
              136.66718691334458,
              4.286708994256905
            ],
            [
              136.77177312665603,
              4.263974978532759
            ],
            [
              136.7773244246777,
              4.434133716038381
            ],
            [
              137.0984754899172,
              4.380763690032705
            ]
          ]
        ]
      },
      "id": "7d03138b-7278-41e9-8922-934d09e13d73"
    }
  ],
  "bbox": [
    136.66718691334458,
    -0.22012689211377273,
    165.18934165641397,
    6.087149648142138
  ]
}
