{
  "type": "FeatureCollection",
  "features": [
    {
      "type": "Feature",
      "properties": {
        "id": "adb828c5-bb67-4962-94d5-0c04e11f97fb",
        "name": "sketch67-0"
      },
      "geometry": {
        "type": "Polygon",
        "coordinates": [
          [
            [
              146.8922808308176,
              9.605385054952448
            ],
            [
              147.0968956080924,
              9.430225711992048
            ],
            [
              147.13789115426377,
              9.1817472527844
            ],
            [
              146.74619438247356,
              9.180094472608248
            ],
            [
              146.7475379915726,
              8.786390603563646
            ],
            [
              146.57729990255208,
              9.018356690229158
            ],
            [
              146.6178414217364,
              9.091913533909528
            ],
            [
              146.34011347611164,
              9.068176475771764
            ],
            [
              146.6236666147848,
              9.203685381682329
            ],
            [
              146.41504315345585,
              9.555836607653674
            ],
            [
              146.8922808308176,
              9.605385054952448
            ]
          ]
        ]
      },
      "id": "adb828c5-bb67-4962-94d5-0c04e11f97fb"
    },
    {
      "type": "Feature",
      "properties": {
        "id": "366bcf82-cabc-4400-96ad-5a973d37b34d",
        "name": "sketch67-1"
      },
      "geometry": {
        "type": "Polygon",
        "coordinates": [
          [
            [
              148.8492672332808,
              3.7218424840974995
            ],
            [
              148.87821181793132,
              3.6915423932713356
            ],
            [
              148.8521747681729,
              3.323377974773813
            ],
            [
              148.8741871687644,
              3.222783478269066
            ],
            [
              148.77203615645948,
              3.2220175903783055
            ],
            [
              148.4805856954322,
              3.3003388386760055
            ],
            [
              148.53227646900584,
              3.499630320340986
            ],
            [
              148.7302074324332,
              3.390923402960658
            ],
            [
              148.7304567754433,
              3.4361196725601566
            ],
            [
              148.6932991805502,
              3.5570045027842436
            ],
            [
              148.8492672332808,
              3.7218424840974995
            ]
          ]
        ]
      },
      "id": "366bcf82-cabc-4400-96ad-5a973d37b34d"
    },
    {
      "type": "Feature",
      "properties": {
        "id": "37e6c0f8-ab55-480e-a3ba-a18285560eda",
        "name": "sketch67-2"
      },
      "geometry": {
        "type": "Polygon",
        "coordinates": [
          [
            [
              157.40210783922032,
              11.701122460818107
            ],
            [
              157.37818358418357,
              11.500446942972395
            ],
            [
              157.5433331787456,
              11.345426063634081
            ],
            [
              157.1671732317452,
              11.385028124511337
            ],
            [
              157.19450882268518,
              11.315012439985294
            ],
            [
              156.99787086383193,
              11.033890864571015
            ],
            [
              156.99047105485823,
              11.21200524021869
            ],
            [
              157.09348602720763,
              11.403096711318534
            ],
            [
              156.75324729379682,
              11.4741498367183
            ],
            [
              156.98256464707336,
              11.695695669664293
            ],
            [
              157.40210783922032,
              11.701122460818107
            ]
          ]
        ]
      },
      "id": "37e6c0f8-ab55-480e-a3ba-a18285560eda"
    },
    {
      "type": "Feature",
      "properties": {
        "id": "a7baea5c-1505-4f92-b7f9-0111dd822003",
        "name": "sketch67-3"
      },
      "geometry": {
        "type": "Polygon",
        "coordinates": [
          [
            [
              144.61900479465578,
              10.073455217009023
            ],
            [
              144.64249300423876,
              9.967305658758358
            ],
            [
              144.8757903486481,
              9.938101868932508
            ],
            [
              144.98128166081258,
              9.692600778968288
            ],
            [
              144.66540041201267,
              9.638166793369326
            ],
            [
              144.52938013348523,
              9.68767714051105
            ],
            [
              144.38774485868655,
              9.401166733755188
            ],
            [
              144.25166711136873,
              9.67389502712195
            ],
            [
              144.50842173608999,
              9.774056397287461
            ],
            [
              144.14432249111738,
              10.022759085757484
            ],
            [
              144.61900479465578,
              10.073455217009023
            ]
          ]
        ]
      },
      "id": "a7baea5c-1505-4f92-b7f9-0111dd822003"
    },
    {
      "type": "Feature",
      "properties": {
        "id": "b84ae04f-7eaf-478f-8b88-eb1b3f914fde",
        "name": "sketch67-4"
      },
      "geometry": {
        "type": "Polygon",
        "coordinates": [
          [
            [
              148.93966901762838,
              7.886292986578789
            ],
            [
              149.0863500125675,
              7.546781401008886
            ],
            [
              149.03900601850756,
              7.219331163644251
            ],
            [
              148.7471269632764,
              7.246805387639312
            ],
            [
              148.58073791834687,
              7.397402058204406
            ],
            [
              148.4212100371674,
              7.291389714075618
            ],
            [
              148.43923446465158,
              7.327927934957038
            ],
            [
              148.32411391848203,
              7.661668678725748
            ],
            [
              148.370118333025,
              7.756569097498174
            ],
            [
              148.53333545159282,
              7.9346711269098025
            ],
            [
              148.93966901762838,
              7.886292986578789
            ]
          ]
        ]
      },
      "id": "b84ae04f-7eaf-478f-8b88-eb1b3f914fde"
    },
    {
      "type": "Feature",
      "properties": {
        "id": "70ad7873-18b9-4a6e-9f88-dff48938786e",
        "name": "sketch67-5"
      },
      "geometry": {
        "type": "Polygon",
        "coordinates": [
          [
            [
              160.540425591897,
              5.0911522115799634
            ],
            [
              160.76592118876457,
              5.140640089171565
            ],
            [
              160.52610567357053,
              4.7338658949961685
            ],
            [
              160.7452337065614,
              4.445336949268643
            ],
            [
              160.54081997985477,
              4.69308987577122
            ],
            [
              160.565280418293,
              4.516908080244323
            ],
            [
              160.41180463417936,
              4.4913316994530375
            ],
            [
              160.20760597862352,
              4.583764456411547
            ],
            [
              160.0304093463615,
              4.624155827543829
            ],
            [
              160.45067233370116,
              4.79577476232138
            ],
            [
              160.540425591897,
              5.0911522115799634
            ]
          ]
        ]
      },
      "id": "70ad7873-18b9-4a6e-9f88-dff48938786e"
    },
    {
      "type": "Feature",
      "properties": {
        "id": "d6e2fc29-4684-4a99-ae97-94da6dba17ea",
        "name": "sketch67-6"
      },
      "geometry": {
        "type": "Polygon",
        "coordinates": [
          [
            [
              159.34231049560577,
              1.5911472965997133
            ],
            [
              159.47938608921353,
              1.7486696671805704
            ],
            [
              159.76532683742252,
              1.4897394240405504
            ],
            [
              159.70784164298615,
              1.4056270947978085
            ],
            [
              159.4179793736155,
              1.0444932112634733
            ],
            [
              159.31662198097837,
              1.460707358074371
            ],
            [
              159.29967611577237,
              1.4498865406183252
            ],
            [
              159.17067629222805,
              1.363353791826168
            ],
            [
              158.91129115972248,
              1.5928855877505246
            ],
            [
              159.11554180585716,
              1.6562983640909388
            ],
            [
              159.34231049560577,
              1.5911472965997133
            ]
          ]
        ]
      },
      "id": "d6e2fc29-4684-4a99-ae97-94da6dba17ea"
    }
  ],
  "bbox": [
    144.14432249111738,
    1.0444932112634733,
    160.76592118876457,
    11.701122460818107
  ]
}
