{
  "type": "FeatureCollection",
  "features": [
    {
      "type": "Feature",
      "properties": {
        "id": "987d37ee-530c-455b-8a14-27d2afade34e",
        "name": "sketch357-0"
      },
      "geometry": {
        "type": "Polygon",
        "coordinates": [
          [
            [
              142.16913553428958,
              6.828861483375978
            ],
            [
              142.16714880056176,
              6.792222885743746
            ],
            [
              142.21088295516657,
              6.594377964241528
            ],
            [
              142.19400651358708,
              6.562016107431182
            ],
            [
              141.86866161443137,
              6.485832174673208
            ],
            [
              141.69860733952427,
              6.611169142863887
            ],
            [
              142.1401172315966,
              6.794190625762525
            ],
            [
              141.70620485044472,
              6.864553948160565
            ],
            [
              141.7623790591398,
              7.052721933489283
            ],
            [
              142.0136265984368,
              7.165776244264784
            ],
            [
              142.16913553428958,
              6.828861483375978
            ]
          ]
        ]
      },
      "id": "987d37ee-530c-455b-8a14-27d2afade34e"
    },
    {
      "type": "Feature",
      "properties": {
        "id": "b54cf849-2006-4831-ace0-c704316c0ea7",
        "name": "sketch357-1"
      },
      "geometry": {
        "type": "Polygon",
        "coordinates": [
          [
            [
              160.3548750263926,
              13.008396167393544
            ],
            [
              160.34724602441037,
              12.777714458635423
            ],
            [
              160.51559969488181,
              12.483931168251909
            ],
            [
              160.28657338731136,
              12.574144756052048
            ],
            [
              160.28045454972263,
              12.41226873240677
            ],
            [
              160.1662109949339,
              12.630853736235238
            ],
            [
              159.9760542650248,
              12.23079803019755
            ],
            [
              159.98421016747216,
              12.457813305131749
            ],
            [
              159.73207243193082,
              12.657060984235498
            ],
            [
              159.96615857276092,
              12.767163413023162
            ],
            [
              160.3548750263926,
              13.008396167393544
            ]
          ]
        ]
      },
      "id": "b54cf849-2006-4831-ace0-c704316c0ea7"
    },
    {
      "type": "Feature",
      "properties": {
        "id": "b46b965c-0f59-478a-8fc7-ea008d33abe0",
        "name": "sketch357-2"
      },
      "geometry": {
        "type": "Polygon",
        "coordinates": [
          [
            [
              157.8831954050502,
              -0.5090076167274604
            ],
            [
              157.84914803872277,
              -0.6914126320295648
            ],
            [
              157.87360874448996,
              -0.7177396903752651
            ],
            [
              157.78659904643848,
              -0.7832857320496615
            ],
            [
              157.96812033769257,
              -0.9660568746727318
            ],
            [
              157.66245939234338,
              -0.717813284210403
            ],
            [
              157.43025328457742,
              -0.8438771328011757
            ],
            [
              157.4881023215246,
              -0.726722352577176
            ],
            [
              157.3303212584499,
              -0.5618016058922519
            ],
            [
              157.60797256101299,
              -0.4552292941337748
            ],
            [
              157.8831954050502,
              -0.5090076167274604
            ]
          ]
        ]
      },
      "id": "b46b965c-0f59-478a-8fc7-ea008d33abe0"
    },
    {
      "type": "Feature",
      "properties": {
        "id": "da19de5e-ee02-47ea-ab89-1195be2fe7b6",
        "name": "sketch357-3"
      },
      "geometry": {
        "type": "Polygon",
        "coordinates": [
          [
            [
              148.8621415997996,
              2.8859067629222337
            ],
            [
              149.07523378093904,
              2.548962994651479
            ],
            [
              148.7110771736312,
              2.363518355822632
            ],
            [
              148.57306582947163,
              2.2625876664101283
            ],
            [
              148.2701648245595,
              2.2536124880378594
            ],
            [
              148.22938249588387,
              2.501782722425607
            ],
            [
              148.4697817008331,
              2.5222586398561484
            ],
            [
              148.31866695875715,
              2.6044154268087536
            ],
            [
              148.3274280324376,
              2.8701364554650346
            ],
            [
              148.53547564773365,
              2.718764591279354
            ],
            [
              148.8621415997996,
              2.8859067629222337
            ]
          ]
        ]
      },
      "id": "da19de5e-ee02-47ea-ab89-1195be2fe7b6"
    },
    {
      "type": "Feature",
      "properties": {
        "id": "75800bff-d9fc-442f-8185-b12b1cd2b471",
        "name": "sketch357-4"
      },
      "geometry": {
        "type": "Polygon",
        "coordinates": [
          [
            [
              155.43123242634846,
              11.02590163249254
            ],
            [
              155.44607103526835,
              10.89536968737519
            ],
            [
              155.58238264446237,
              10.924932323290806
            ],
            [
              155.77318536100097,
              10.544188158505793
            ],
            [
              155.53945052143843,
              10.683136630543736
            ],
            [
              155.4523760569934,
              10.561233578913994
            ],
            [
              155.25325855357778,
              10.59598281775873
            ],
            [
              155.17036919661317,
              10.888834844652987
            ],
            [
              155.17193026119443,
              10.959768617651239
            ],
            [
              155.06494003209517,
              11.119264377770335
            ],
            [
              155.43123242634846,
              11.02590163249254
            ]
          ]
        ]
      },
      "id": "75800bff-d9fc-442f-8185-b12b1cd2b471"
    },
    {
      "type": "Feature",
      "properties": {
        "id": "78c869c8-c564-437c-996b-2722022d0351",
        "name": "sketch357-5"
      },
      "geometry": {
        "type": "Polygon",
        "coordinates": [
          [
            [
              149.1482445529838,
              0.8360717162355398
            ],
            [
              149.17433861249847,
              0.8274802041602447
            ],
            [
              149.42686885150562,
              0.7249465897568422
            ],
            [
              149.3726976543258,
              0.6640189514304504
            ],
            [
              148.98521239690874,
              0.6590713482173945
            ],
            [
              148.9007953965344,
              0.18885477922473987
            ],
            [
              148.90325165000516,
              0.5725081527756725
            ],
            [
              148.90607834491993,
              0.6465633938380525
            ],
            [
              148.61794820295214,
              0.8411856014808705
            ],
            [
              148.69067835641115,
              0.9676701890608459
            ],
            [
              149.1482445529838,
              0.8360717162355398
            ]
          ]
        ]
      },
      "id": "78c869c8-c564-437c-996b-2722022d0351"
    },
    {
      "type": "Feature",
      "properties": {
        "id": "08e1ce9c-c9ef-4c0e-bd11-7afde684c5e4",
        "name": "sketch357-6"
      },
      "geometry": {
        "type": "Polygon",
        "coordinates": [
          [
            [
              148.49650359136928,
              2.9339070585860223
            ],
            [
              148.73288498691156,
              2.7743270085782528
            ],
            [
              148.57137787446567,
              2.768951107699031
            ],
            [
              148.76984462813328,
              2.5244234598238102
            ],
            [
              148.61368284765214,
              2.4635211702414432
            ],
            [
              148.49457965698357,
              2.559515899362414
            ],
            [
              148.253518133981,
              2.6393063996322854
            ],
            [
              148.365883618494,
              2.8101616589856073
            ],
            [
              148.29213572246817,
              2.8453482450463485
            ],
            [
              148.2860668905717,
              3.046923962597571
            ],
            [
              148.49650359136928,
              2.9339070585860223
            ]
          ]
        ]
      },
      "id": "08e1ce9c-c9ef-4c0e-bd11-7afde684c5e4"
    }
  ],
  "bbox": [
    141.69860733952427,
    -0.9660568746727318,
    160.51559969488181,
    13.008396167393544
  ]
}
