{
  "type": "FeatureCollection",
  "features": [
    {
      "type": "Feature",
      "properties": {
        "id": "9e625b53-79bd-4bab-8390-117d2471629d",
        "name": "sketch344-0"
      },
      "geometry": {
        "type": "Polygon",
        "coordinates": [
          [
            [
              146.96259623032265,
              2.9393986092484976
            ],
            [
              147.08044170828924,
              3.0964131324661888
            ],
            [
              146.89478717754895,
              2.6703349768159983
            ],
            [
              147.2952347964653,
              2.5178446609843492
            ],
            [
              147.17134028243822,
              2.4512193118459416
            ],
            [
              147.06192816493763,
              2.3929072474023236
            ],
            [
              146.8617821438511,
              2.656660232419687
            ],
            [
              146.5185321891857,
              2.3080727505468728
            ],
            [
              146.49248653446097,
              2.667768951925273
            ],
            [
              146.66109326212444,
              2.8539617393437005
            ],
            [
              146.96259623032265,
              2.9393986092484976
            ]
          ]
        ]
      },
      "id": "9e625b53-79bd-4bab-8390-117d2471629d"
    },
    {
      "type": "Feature",
      "properties": {
        "id": "3206ef66-3457-4f47-9845-88e57bb0447a",
        "name": "sketch344-1"
      },
      "geometry": {
        "type": "Polygon",
        "coordinates": [
          [
            [
              140.85149841739565,
              12.097578911326233
            ],
            [
              140.7393021888149,
              11.973492604090486
            ],
            [
              141.0828496648552,
              11.801316270226772
            ],
            [
              140.72674888337613,
              11.693082710730492
            ],
            [
              140.48422096157765,
              11.628079382955889
            ],
            [
              140.4327492936264,
              11.563438372180036
            ],
            [
              140.40160596990694,
              11.536978985160733
            ],
            [
              140.54385147971954,
              11.876597387987038
            ],
            [
              140.19499595414993,
              11.85642905133109
            ],
            [
              140.28360160952283,
              12.096457431594441
            ],
            [
              140.85149841739565,
              12.097578911326233
            ]
          ]
        ]
      },
      "id": "3206ef66-3457-4f47-9845-88e57bb0447a"
    },
    {
      "type": "Feature",
      "properties": {
        "id": "ab82a4cb-c71d-4aa9-9270-317ef281064a",
        "name": "sketch344-2"
      },
      "geometry": {
        "type": "Polygon",
        "coordinates": [
          [
            [
              163.1042862999954,
              12.79762970801011
            ],
            [
              163.49412038300176,
              12.76563517330625
            ],
            [
              163.185382101512,
              12.543422977090323
            ],
            [
              163.07891726131325,
              12.371221056406021
            ],
            [
              162.8494317219429,
              12.457741722203728
            ],
            [
              162.70751517541896,
              12.49408029884138
            ],
            [
              162.6521497341851,
              12.550228171811241
            ],
            [
              162.96750638380513,
              12.737979450123527
            ],
            [
              162.76731598508115,
              12.890477952605325
            ],
            [
              162.79151421118024,
              12.947577647800555
            ],
            [
              163.1042862999954,
              12.79762970801011
            ]
          ]
        ]
      },
      "id": "ab82a4cb-c71d-4aa9-9270-317ef281064a"
    },
    {
      "type": "Feature",
      "properties": {
        "id": "39fc11fa-32c4-460e-a9ec-334362edce1a",
        "name": "sketch344-3"
      },
      "geometry": {
        "type": "Polygon",
        "coordinates": [
          [
            [
              147.43591289220734,
              11.378482301609447
            ],
            [
              147.34038919630106,
              11.123411929944258
            ],
            [
              147.49437948322725,
              10.92477402120046
            ],
            [
              147.21194856181003,
              10.822564628859451
            ],
            [
              147.3020840518733,
              11.111704664375544
            ],
            [
              147.00860116488022,
              11.009882431987682
            ],
            [
              147.28114000971865,
              11.121312330065228
            ],
            [
              147.0271369540642,
              11.221806513610344
            ],
            [
              147.2795427159594,
              11.126000089741062
            ],
            [
              147.22699218468424,
              11.19952062671979
            ],
            [
              147.43591289220734,
              11.378482301609447
            ]
          ]
        ]
      },
      "id": "39fc11fa-32c4-460e-a9ec-334362edce1a"
    }
  ],
  "bbox": [
    140.19499595414993,
    2.3080727505468728,
    163.49412038300176,
    12.947577647800555
  ]
}
