{
  "type": "FeatureCollection",
  "features": [
    {
      "type": "Feature",
      "properties": {
        "id": "d150df4e-ed4f-4b3c-9713-cc85fd7a1952",
        "name": "sketch219-0"
      },
      "geometry": {
        "type": "Polygon",
        "coordinates": [
          [
            [
              141.65494354982482,
              0.47335663285941104
            ],
            [
              141.92180772345372,
              0.7023314115661485
            ],
            [
              141.71297616120364,
              0.394344862169259
            ],
            [
              142.0917181573548,
              0.17300803873968137
            ],
            [
              141.7289259039001,
              0.3086512091845526
            ],
            [
              141.5835648828201,
              0.03890547451774651
            ],
            [
              141.41137505585965,
              0.1616151359816859
            ],
            [
              141.25790706413906,
              0.09742160957764567
            ],
            [
              141.20838875386963,
              0.2439089413009053
            ],
            [
              141.631441352659,
              0.38183297157604673
            ],
            [
              141.65494354982482,
              0.47335663285941104
            ]
          ]
        ]
      },
      "id": "d150df4e-ed4f-4b3c-9713-cc85fd7a1952"
    },
    {
      "type": "Feature",
      "properties": {
        "id": "4f4ea382-9ad1-465f-bf80-0b95f2cecc95",
        "name": "sketch219-1"
      },
      "geometry": {
        "type": "Polygon",
        "coordinates": [
          [
            [
              151.03824390231557,
              7.91541550412145
            ],
            [
              151.11376562418107,
              7.885728259812444
            ],
            [
              151.12324471701908,
              7.870317819636349
            ],
            [
              151.33605025484437,
              7.5600356018936905
            ],
            [
              150.8795000771537,
              7.540904933818975
            ],
            [
              150.79327819864068,
              7.663014920670214
            ],
            [
              150.80351891851583,
              7.67790951415762
            ],
            [
              150.94007185829534,
              7.82881576619633
            ],
            [
              150.6892892798218,
              7.982938218418799
            ],
            [
              150.62383987776187,
              8.181104436559345
            ],
            [
              151.03824390231557,
              7.91541550412145
            ]
          ]
        ]
      },
      "id": "4f4ea382-9ad1-465f-bf80-0b95f2cecc95"
    },
    {
      "type": "Feature",
      "properties": {
        "id": "1c414ff3-07b6-4f07-b7bf-0dabb4512cc0",
        "name": "sketch219-2"
      },
      "geometry": {
        "type": "Polygon",
        "coordinates": [
          [
            [
              143.81128276369125,
              11.503625250349092
            ],
            [
              143.95081859713122,
              11.121825537810201
            ],
            [
              143.61809398822805,
              11.067268047134037
            ],
            [
              143.60176473262212,
              11.0496919215916
            ],
            [
              143.53943565207743,
              10.902959658213032
            ],
            [
              143.37430816984374,
              10.810561971358672
            ],
            [
              143.32628532581725,
              10.886843101814701
            ],
            [
              143.47330455696994,
              11.16158980486092
            ],
            [
              143.29405191751314,
              11.218135555521643
            ],
            [
              143.35216312181953,
              11.281732643121066
            ],
            [
              143.81128276369125,
              11.503625250349092
            ]
          ]
        ]
      },
      "id": "1c414ff3-07b6-4f07-b7bf-0dabb4512cc0"
    },
    {
      "type": "Feature",
      "properties": {
        "id": "9d4f06d3-14a4-4b8c-ac8e-db6889dfbab7",
        "name": "sketch219-3"
      },
      "geometry": {
        "type": "Polygon",
        "coordinates": [
          [
            [
              162.06727217179682,
              12.521800165003185
            ],
            [
              162.01495792137314,
              12.20471123749817
            ],
            [
              162.1828026455409,
              12.128796787143946
            ],
            [
              162.12940326986222,
              12.09514069710681
            ],
            [
              161.7732930509836,
              12.210348659477019
            ],
            [
              161.593663196201,
              12.084860381109626
            ],
            [
              161.68122902164916,
              12.20269860690593
            ],
            [
              161.4995094739002,
              12.281426836249025
            ],
            [
              161.63250731348188,
              12.287294797684845
            ],
            [
              161.32361233866447,
              12.462811487367082
            ],
            [
              162.06727217179682,
              12.521800165003185
            ]
          ]
        ]
      },
      "id": "9d4f06d3-14a4-4b8c-ac8e-db6889dfbab7"
    },
    {
      "type": "Feature",
      "properties": {
        "id": "1e85fe19-a244-4309-8d0b-65deba398a4f",
        "name": "sketch219-4"
      },
      "geometry": {
        "type": "Polygon",
        "coordinates": [
          [
            [
              136.73805228611081,
              8.56629974002246
            ],
            [
              136.92866820070554,
              8.769174798677732
            ],
            [
              136.98993193774177,
              8.53795936320462
            ],
            [
              136.98938452859093,
              8.386672072276804
            ],
            [
              136.92626005175987,
              8.1005454751775
            ],
            [
              136.66883265086372,
              8.240410771124134
            ],
            [
              136.39437335658388,
              8.121498440240487
            ],
            [
              136.71818245071336,
              8.452128013143492
            ],
            [
              136.32924217558005,
              8.66230308097392
            ],
            [
              136.54475692875764,
              8.62154242448812
            ],
            [
              136.73805228611081,
              8.56629974002246
            ]
          ]
        ]
      },
      "id": "1e85fe19-a244-4309-8d0b-65deba398a4f"
    },
    {
      "type": "Feature",
      "properties": {
        "id": "a5e6cd85-5705-4461-a6f8-d376fe81a648",
        "name": "sketch219-5"
      },
      "geometry": {
        "type": "Polygon",
        "coordinates": [
          [
            [
              163.50496907392306,
              8.972545220717599
            ],
            [
              163.49843123902542,
              8.955026472421313
            ],
            [
              163.5877791462728,
              8.920073051111679
            ],
            [
              163.5414634808517,
              8.769351145319098
            ],
            [
              163.60971389832275,
              8.663851202824898
            ],
            [
              163.49148429836714,
              8.536139847183222
            ],
            [
              163.3038878371503,
              8.668452362997533
            ],
            [
              163.10444589149895,
              8.567802835262048
            ],
            [
              162.8971048318124,
              9.003799320543397
            ],
            [
              163.31587436111155,
              9.017139722287897
            ],
            [
              163.50496907392306,
              8.972545220717599
            ]
          ]
        ]
      },
      "id": "a5e6cd85-5705-4461-a6f8-d376fe81a648"
    },
    {
      "type": "Feature",
      "properties": {
        "id": "f53d74e2-75e2-4361-9662-8c3f1375d4dd",
        "name": "sketch219-6"
      },
      "geometry": {
        "type": "Polygon",
        "coordinates": [
          [
            [
              158.20005382516084,
              13.382287073543537
            ],
            [
              157.91838309529638,
              13.153679909501406
            ],
            [
              158.10528288257294,
              13.076266963536474
            ],
            [
              158.14704332123594,
              13.006761161799878
            ],
            [
              157.97940636905,
              12.971674358065123
            ],
            [
              157.87245017767125,
              13.147255138962468
            ],
            [
              157.86512888358075,
              13.159439995909793
            ],
            [
              157.81765870204612,
              13.141063707199171
            ],
            [
              157.59996089446236,
              13.199000150819392
            ],
            [
              157.8141232883538,
              13.241654076265766
            ],
            [
              158.20005382516084,
              13.382287073543537
            ]
          ]
        ]
      },
      "id": "f53d74e2-75e2-4361-9662-8c3f1375d4dd"
    },
    {
      "type": "Feature",
      "properties": {
        "id": "b8ab2f3a-5bad-4765-9982-9d1a2899327c",
        "name": "sketch219-7"
      },
      "geometry": {
        "type": "Polygon",
        "coordinates": [
          [
            [
              148.2816710356511,
              -0.2244193906874705
            ],
            [
              148.3604926847656,
              -0.423121397962472
            ],
            [
              148.3925790097997,
              -0.4958866374094222
            ],
            [
              148.09652739966302,
              -0.23717072033835657
            ],
            [
              147.95412535438635,
              -0.2127188744256867
            ],
            [
              147.72368329733612,
              -0.0235489807402936
            ],
            [
              148.09334255314602,
              -0.2084121361862557
            ],
            [
              148.06214840484446,
              -0.18155016088894077
            ],
            [
              147.9289480909862,
              -0.04096199641398876
            ],
            [
              147.86833626706047,
              0.12233203077728533
            ],
            [
              148.2816710356511,
              -0.2244193906874705
            ]
          ]
        ]
      },
      "id": "b8ab2f3a-5bad-4765-9982-9d1a2899327c"
    },
    {
      "type": "Feature",
      "properties": {
        "id": "ac122509-2d8c-429c-8483-7793741dc174",
        "name": "sketch219-8"
      },
      "geometry": {
        "type": "Polygon",
        "coordinates": [
          [
            [
              162.2633929823594,
              13.594043316555924
            ],
            [
              162.479542085191,
              13.46594561061395
            ],
            [
              162.51637191629044,
              13.188730795700952
            ],
            [
              162.33867170308628,
              13.065838752880396
            ],
            [
              162.1255538224614,
              13.009749959906985
            ],
            [
              162.12846544966354,
              13.266129721805221
            ],
            [
              161.80177759066365,
              13.145534147365442
            ],
            [
              161.73870810379924,
              13.276433576592702
            ],
            [
              161.9785283841383,
              13.359893268582475
            ],
            [
              162.11404994351554,
              13.377475218504479
            ],
            [
              162.2633929823594,
              13.594043316555924
            ]
          ]
        ]
      },
      "id": "ac122509-2d8c-429c-8483-7793741dc174"
    }
  ],
  "bbox": [
    136.32924217558005,
    -0.4958866374094222,
    163.60971389832275,
    13.594043316555924
  ]
}
