{
  "type": "FeatureCollection",
  "features": [
    {
      "type": "Feature",
      "properties": {
        "id": "8df4a563-b228-4e90-951d-0e36b0fe239e",
        "name": "sketch42-0"
      },
      "geometry": {
        "type": "Polygon",
        "coordinates": [
          [
            [
              157.42885749387764,
              3.975777184694414
            ],
            [
              157.44663589214113,
              3.8446399319305153
            ],
            [
              157.4718417793644,
              3.687824633193493
            ],
            [
              157.28699745104808,
              3.703332489493943
            ],
            [
              157.26404043777762,
              3.806259772885071
            ],
            [
              157.18115781941057,
              3.660855222842987
            ],
            [
              157.13212138970056,
              3.741887284902207
            ],
            [
              157.1411805891593,
              3.8172672420129397
            ],
            [
              156.9612764399243,
              4.183440914405865
            ],
            [
              157.17626173998863,
              3.958538321743159
            ],
            [
              157.42885749387764,
              3.975777184694414
            ]
          ]
        ]
      },
      "id": "8df4a563-b228-4e90-951d-0e36b0fe239e"
    },
    {
      "type": "Feature",
      "properties": {
        "id": "3088de90-c111-42c9-8831-17452a88b91a",
        "name": "sketch42-1"
      },
      "geometry": {
        "type": "Polygon",
        "coordinates": [
          [
            [
              150.38555891338686,
              7.722866737077754
            ],
            [
              150.1152861551572,
              7.4748463192691545
            ],
            [
              150.21920241057234,
              7.38570870852562
            ],
            [
              150.09881654788882,
              7.44827437859797
            ],
            [
              150.17759616078004,
              7.179516170244891
            ],
            [
              150.12682491591022,
              7.286031246751649
            ],
            [
              149.98217248913855,
              7.024809018707037
            ],
            [
              149.8983064501859,
              7.319434542932025
            ],
            [
              149.64584434463137,
              7.559010759681055
            ],
            [
              149.77412916486932,
              7.732701313423492
            ],
            [
              150.38555891338686,
              7.722866737077754
            ]
          ]
        ]
      },
      "id": "3088de90-c111-42c9-8831-17452a88b91a"
    }
  ],
  "bbox": [
    149.64584434463137,
    3.660855222842987,
    157.4718417793644,
    7.732701313423492
  ]
}
