{
  "type": "FeatureCollection",
  "features": [
    {
      "type": "Feature",
      "properties": {
        "id": "7038c66f-f256-419a-a705-4377047dc2f3",
        "name": "sketch345-0"
      },
      "geometry": {
        "type": "Polygon",
        "coordinates": [
          [
            [
              151.6435813058241,
              12.372463358162785
            ],
            [
              151.54960131859073,
              12.223561560894748
            ],
            [
              151.60485828480844,
              11.93332618514469
            ],
            [
              151.2269790173122,
              11.927469891497067
            ],
            [
              151.16854465584402,
              12.097777850904373
            ],
            [
              151.01928338833574,
              12.39449522856692
            ],
            [
              151.06269003320023,
              12.448027810205602
            ],
            [
              151.18642986286446,
              12.422852242778173
            ],
            [
              151.34544865226118,
              12.457299452964289
            ],
            [
              151.3630748215617,
              12.568424947231636
            ],
            [
              151.6435813058241,
              12.372463358162785
            ]
          ]
        ]
      },
      "id": "7038c66f-f256-419a-a705-4377047dc2f3"
    },
    {
      "type": "Feature",
      "properties": {
        "id": "114cedbf-f4e7-4320-a664-c15aeaf761e2",
        "name": "sketch345-1"
      },
      "geometry": {
        "type": "Polygon",
        "coordinates": [
          [
            [
              136.618927034807,
              4.198568840600522
            ],
            [
              136.7695550388734,
              4.2562540781884035
            ],
            [
              137.10800949919434,
              4.154503669818864
            ],
            [
              136.68507386665718,
              4.0364744641590224
            ],
            [
              136.60401919945633,
              4.154370559247235
            ],
            [
              136.44866629302658,
              3.7706675077482865
            ],
            [
              136.42970611711272,
              4.047313412186815
            ],
            [
              136.3077401191012,
              3.9925815204206794
            ],
            [
              136.2577441512749,
              4.468348626642926
            ],
            [
              136.53318681395888,
              4.437612279180434
            ],
            [
              136.618927034807,
              4.198568840600522
            ]
          ]
        ]
      },
      "id": "114cedbf-f4e7-4320-a664-c15aeaf761e2"
    },
    {
      "type": "Feature",
      "properties": {
        "id": "4cd8c70a-70e6-4fb8-8eb2-52badcaddc72",
        "name": "sketch345-2"
      },
      "geometry": {
        "type": "Polygon",
        "coordinates": [
          [
            [
              150.4107513870656,
              7.321957897671993
            ],
            [
              150.49046572072933,
              7.320625394008016
            ],
            [
              150.52106311403824,
              7.193717936099344
            ],
            [
              150.51863741175367,
              7.131354238604027
            ],
            [
              150.5061835018578,
              7.06291532183666
            ],
            [
              150.36205093333808,
              7.0171458291004605
            ],
            [
              150.00560187453638,
              7.145871892860078
            ],
            [
              150.3001662673359,
              7.358333036251837
            ],
            [
              150.29922213473318,
              7.4491643488602595
            ],
            [
              150.24124118899843,
              7.696260076920432
            ],
            [
              150.4107513870656,
              7.321957897671993
            ]
          ]
        ]
      },
      "id": "4cd8c70a-70e6-4fb8-8eb2-52badcaddc72"
    },
    {
      "type": "Feature",
      "properties": {
        "id": "67873178-7b5c-4205-b946-be4eaa8e701a",
        "name": "sketch345-3"
      },
      "geometry": {
        "type": "Polygon",
        "coordinates": [
          [
            [
              163.58356849619642,
              1.5611405888388445
            ],
            [
              163.70562256866478,
              1.3209021023292584
            ],
            [
              163.75197424192103,
              1.311392010964018
            ],
            [
              163.68010472928577,
              1.2527362392868717
            ],
            [
              163.84915554207163,
              0.9396941539322154
            ],
            [
              163.7332623216026,
              1.03073490049456
            ],
            [
              163.50829100734995,
              1.1468872632165341
            ],
            [
              163.3347866444603,
              1.070510100295095
            ],
            [
              163.42354826146976,
              1.2521940080249896
            ],
            [
              163.44311647350014,
              1.4261785130490114
            ],
            [
              163.58356849619642,
              1.5611405888388445
            ]
          ]
        ]
      },
      "id": "67873178-7b5c-4205-b946-be4eaa8e701a"
    },
    {
      "type": "Feature",
      "properties": {
        "id": "23b93435-06ec-4e83-85bd-c41ae0ab122d",
        "name": "sketch345-4"
      },
      "geometry": {
        "type": "Polygon",
        "coordinates": [
          [
            [
              159.70563933286988,
              3.18568357450297
            ],
            [
              159.5782968174869,
              2.9757491707636947
            ],
            [
              159.44758896562962,
              2.8786257107085427
            ],
            [
              159.35693909506716,
              2.504932048486408
            ],
            [
              159.21216153106073,
              2.7685606066323825
            ],
            [
              159.1315837433802,
              2.7226107401284136
            ],
            [
              159.13575963554166,
              2.783876949165482
            ],
            [
              158.92265424769445,
              2.8223768568628778
            ],
            [
              159.19643256932466,
              3.1263204827703643
            ],
            [
              159.35562720111125,
              3.1116338852218877
            ],
            [
              159.70563933286988,
              3.18568357450297
            ]
          ]
        ]
      },
      "id": "23b93435-06ec-4e83-85bd-c41ae0ab122d"
    }
  ],
  "bbox": [
    136.2577441512749,
    0.9396941539322154,
    163.84915554207163,
    12.568424947231636
  ]
}
