{
  "type": "FeatureCollection",
  "features": [
    {
      "type": "Feature",
      "properties": {
        "id": "4bae9b9d-956d-4bb9-bd42-b45e42b5f6be",
        "name": "sketch396-0"
      },
      "geometry": {
        "type": "Polygon",
        "coordinates": [
          [
            [
              141.48356659724854,
              7.479580443260063
            ],
            [
              141.56368064652244,
              7.197448367370684
            ],
            [
              141.25975747194755,
              7.126622563300593
            ],
            [
              141.27646067453065,
              6.843416972675142
            ],
            [
              141.20535373906145,
              7.079024242799185
            ],
            [
              140.96984914364378,
              6.880520545039401
            ],
            [
              140.83768950032396,
              6.880156827406174
            ],
            [
              141.0762190977531,
              7.204797298255942
            ],
            [
              140.86945918128805,
              7.381421942926137
            ],
            [
              141.18310943993504,
              7.262289381817726
            ],
            [
              141.48356659724854,
              7.479580443260063
            ]
          ]
        ]
      },
      "id": "4bae9b9d-956d-4bb9-bd42-b45e42b5f6be"
    },
    {
      "type": "Feature",
      "properties": {
        "id": "18c8d9f6-fe89-4a77-95a9-9ca458df5d3f",
        "name": "sketch396-1"
      },
      "geometry": {
        "type": "Polygon",
        "coordinates": [
          [
            [
              140.71201253195892,
              0.7851087154436959
            ],
            [
              141.04906023539897,
              0.9116269018668268
            ],
            [
              140.95942851933452,
              0.7575158992614004
            ],
            [
              140.84286462398492,
              0.7013795356554561
            ],
            [
              141.01039240952605,
              0.5930768862368234
            ],
            [
              140.71103123492676,
              0.7079447536591763
            ],
            [
              140.68901482147922,
              0.7604942569593961
            ],
            [
              140.60881236287756,
              0.712736628187738
            ],
            [
              140.3766262436517,
              0.8566299990170455
            ],
            [
              140.59482808687162,
              0.9739750355945148
            ],
            [
              140.71201253195892,
              0.7851087154436959
            ]
          ]
        ]
      },
      "id": "18c8d9f6-fe89-4a77-95a9-9ca458df5d3f"
    },
    {
      "type": "Feature",
      "properties": {
        "id": "db338932-31de-4f53-afb3-420889e01957",
        "name": "sketch396-2"
      },
      "geometry": {
        "type": "Polygon",
        "coordinates": [
          [
            [
              139.39470899559277,
              9.95730559758846
            ],
            [
              139.32007564635865,
              9.729199928323458
            ],
            [
              139.64579073676236,
              9.730784843744582
            ],
            [
              139.61423021268914,
              9.312692323597641
            ],
            [
              139.34091446947593,
              9.22823159525283
            ],
            [
              139.1755676894064,
              9.371995923788973
            ],
            [
              139.1383164365714,
              9.388476131280322
            ],
            [
              139.0186843243071,
              9.463612260685842
            ],
            [
              139.10202834278104,
              9.67581322556865
            ],
            [
              139.15950524848276,
              9.788325539530241
            ],
            [
              139.39470899559277,
              9.95730559758846
            ]
          ]
        ]
      },
      "id": "db338932-31de-4f53-afb3-420889e01957"
    },
    {
      "type": "Feature",
      "properties": {
        "id": "90b279b0-6f14-4951-bdaf-e3c7186a99ab",
        "name": "sketch396-3"
      },
      "geometry": {
        "type": "Polygon",
        "coordinates": [
          [
            [
              159.86319351672154,
              3.443832254511406
            ],
            [
              159.52152296723537,
              3.171613886343018
            ],
            [
              159.58043861400526,
              3.1434399938292796
            ],
            [
              159.50623879993472,
              3.0147138430062865
            ],
            [
              159.4427902538343,
              3.1338938859539947
            ],
            [
              159.3566383200975,
              3.0070898802187473
            ],
            [
              159.08900860444658,
              3.0551339637464174
            ],
            [
              159.3893204916496,
              3.196002096445074
            ],
            [
              159.44879086030943,
              3.2009101682637393
            ],
            [
              159.2634299759245,
              3.4850287130304727
            ],
            [
              159.86319351672154,
              3.443832254511406
            ]
          ]
        ]
      },
      "id": "90b279b0-6f14-4951-bdaf-e3c7186a99ab"
    },
    {
      "type": "Feature",
      "properties": {
        "id": "e1efb488-3f57-4c5a-9188-52245a07c319",
        "name": "sketch396-4"
      },
      "geometry": {
        "type": "Polygon",
        "coordinates": [
          [
            [
              137.45984558902234,
              3.8120526151301264
            ],
            [
              137.5891593454168,
              3.962180305753431
            ],
            [
              137.8911957151633,
              3.8734970293705375
            ],
            [
              137.62913866596185,
              3.6424544317062106
            ],
            [
              137.52764236227102,
              3.6846152538501786
            ],
            [
              137.40958409672314,
              3.597532504092694
            ],
            [
              137.31095837530387,
              3.506305844476353
            ],
            [
              137.05829226744146,
              3.531981612714419
            ],
            [
              137.22742548043612,
              3.7138007224118654
            ],
            [
              137.02729872221175,
              3.9363853485585603
            ],
            [
              137.45984558902234,
              3.8120526151301264
            ]
          ]
        ]
      },
      "id": "e1efb488-3f57-4c5a-9188-52245a07c319"
    },
    {
      "type": "Feature",
      "properties": {
        "id": "801c7605-b282-46cc-a750-f029578d7103",
        "name": "sketch396-5"
      },
      "geometry": {
        "type": "Polygon",
        "coordinates": [
          [
            [
              165.5854568706042,
              9.645266693317437
            ],
            [
              165.7585253741087,
              9.602446940603667
            ],
            [
              165.8221427919933,
              9.557018126113327
            ],
            [
              165.70479164394126,
              9.363726471904046
            ],
            [
              165.67155132034628,
              9.331874894223084
            ],
            [
              165.45757555592047,
              9.065086701024669
            ],
            [
              165.4217852623043,
              9.128128992516908
            ],
            [
              165.1268738150814,
              9.20614243003509
            ],
            [
              165.3684780387008,
              9.482666636334995
            ],
            [
              165.31200454468404,
              9.887741273745334
            ],
            [
              165.5854568706042,
              9.645266693317437
            ]
          ]
        ]
      },
      "id": "801c7605-b282-46cc-a750-f029578d7103"
    }
  ],
  "bbox": [
    137.02729872221175,
    0.5930768862368234,
    165.8221427919933,
    9.95730559758846
  ]
}
