{
  "type": "FeatureCollection",
  "features": [
    {
      "type": "Feature",
      "properties": {
        "id": "c6e442db-eb63-4b45-b0c6-fa6dd9e4e10f",
        "name": "sketch214-0"
      },
      "geometry": {
        "type": "Polygon",
        "coordinates": [
          [
            [
              151.90189453765393,
              -0.44571878262029396
            ],
            [
              152.1102139769915,
              -0.4498610410285836
            ],
            [
              152.0954753811774,
              -0.8279488827139967
            ],
            [
              151.80010918197578,
              -0.5977218814312856
            ],
            [
              151.74184765541463,
              -0.5392937621710303
            ],
            [
              151.67658285255376,
              -0.537916769256893
            ],
            [
              151.5635566943457,
              -0.5457077435864494
            ],
            [
              151.6479798383005,
              -0.4032362884814406
            ],
            [
              151.63822051200077,
              -0.3365710037111236
            ],
            [
              151.762186405214,
              -0.23123811173841385
            ],
            [
              151.90189453765393,
              -0.44571878262029396
            ]
          ]
        ]
      },
      "id": "c6e442db-eb63-4b45-b0c6-fa6dd9e4e10f"
    },
    {
      "type": "Feature",
      "properties": {
        "id": "ca3d15ee-d04d-429e-84a9-95611b64c993",
        "name": "sketch214-1"
      },
      "geometry": {
        "type": "Polygon",
        "coordinates": [
          [
            [
              148.0527547922434,
              2.591913693097459
            ],
            [
              147.94956263652992,
              2.455968507122063
            ],
            [
              148.1149161304981,
              2.407620647401619
            ],
            [
              147.81664681161595,
              2.3131460900253606
            ],
            [
              147.9310229463435,
              2.269898687210335
            ],
            [
              148.02830541689457,
              2.138669537890028
            ],
            [
              147.66376994294927,
              2.11014496827901
            ],
            [
              147.5149827783339,
              2.0109734479230332
            ],
            [
              147.48868195080615,
              2.065280791662932
            ],
            [
              147.22558917163735,
              2.5026927440761924
            ],
            [
              148.0527547922434,
              2.591913693097459
            ]
          ]
        ]
      },
      "id": "ca3d15ee-d04d-429e-84a9-95611b64c993"
    },
    {
      "type": "Feature",
      "properties": {
        "id": "e447116c-3a0e-4b8c-bf10-9317b65d97d9",
        "name": "sketch214-2"
      },
      "geometry": {
        "type": "Polygon",
        "coordinates": [
          [
            [
              147.71006766795867,
              1.913577435874901
            ],
            [
              147.80403693394032,
              1.8163816034187525
            ],
            [
              147.7333490350691,
              1.7262796947241392
            ],
            [
              147.70832839923773,
              1.7057699249742628
            ],
            [
              147.75341532985473,
              1.441324889422779
            ],
            [
              147.50624861066748,
              1.4441328784310636
            ],
            [
              147.56931750679595,
              1.6986684004173391
            ],
            [
              147.60540681677932,
              1.7805858036390907
            ],
            [
              147.5232481508498,
              1.8285515268569792
            ],
            [
              147.5740253145435,
              1.9860153172415684
            ],
            [
              147.71006766795867,
              1.913577435874901
            ]
          ]
        ]
      },
      "id": "e447116c-3a0e-4b8c-bf10-9317b65d97d9"
    },
    {
      "type": "Feature",
      "properties": {
        "id": "8348370b-92cb-4f14-9988-31da676dd733",
        "name": "sketch214-3"
      },
      "geometry": {
        "type": "Polygon",
        "coordinates": [
          [
            [
              164.56471969881144,
              -0.8757110296793854
            ],
            [
              164.3425338794929,
              -1.1150799022820264
            ],
            [
              164.65395619563108,
              -1.1605022939880083
            ],
            [
              164.34644739724635,
              -1.196481446982033
            ],
            [
              164.31463128535344,
              -1.5485101936268864
            ],
            [
              163.93531788829037,
              -1.4250784489885335
            ],
            [
              164.273626817515,
              -1.1306335044707707
            ],
            [
              164.1586928799557,
              -1.0358502805721241
            ],
            [
              164.25981417199674,
              -1.0831543935421246
            ],
            [
              164.3005926405394,
              -0.7047644432976614
            ],
            [
              164.56471969881144,
              -0.8757110296793854
            ]
          ]
        ]
      },
      "id": "8348370b-92cb-4f14-9988-31da676dd733"
    }
  ],
  "bbox": [
    147.22558917163735,
    -1.5485101936268864,
    164.65395619563108,
    2.591913693097459
  ]
}
