{
  "type": "FeatureCollection",
  "features": [
    {
      "type": "Feature",
      "properties": {
        "id": "972d140b-f21b-4992-8dd5-cf0c5b2221b4",
        "name": "sketch96-0"
      },
      "geometry": {
        "type": "Polygon",
        "coordinates": [
          [
            [
              159.80469312846532,
              1.0025001587015394
            ],
            [
              159.9318774726287,
              1.1111265626379818
            ],
            [
              159.9765057853071,
              0.7160654407112329
            ],
            [
              159.6789840173706,
              0.7992685244846889
            ],
            [
              159.70184790115457,
              0.7670941692105684
            ],
            [
              159.8867244926731,
              0.3632107998036706
            ],
            [
              159.6485635273436,
              0.781069062121134
            ],
            [
              159.3501442157319,
              0.6608621131706979
            ],
            [
              159.36433431963493,
              1.0026071914554775
            ],
            [
              159.6173805013038,
              0.8722257316626789
            ],
            [
              159.80469312846532,
              1.0025001587015394
            ]
          ]
        ]
      },
      "id": "972d140b-f21b-4992-8dd5-cf0c5b2221b4"
    },
    {
      "type": "Feature",
      "properties": {
        "id": "34b04256-3724-4cd2-a59b-f0c97e365ba5",
        "name": "sketch96-1"
      },
      "geometry": {
        "type": "Polygon",
        "coordinates": [
          [
            [
              156.30167201778673,
              3.0953251234905315
            ],
            [
              156.31750744335187,
              3.0687479104650333
            ],
            [
              156.32019107069473,
              3.023407187213787
            ],
            [
              156.72341143120195,
              3.174142451883161
            ],
            [
              156.45322884691734,
              2.795935898947295
            ],
            [
              156.25716283557037,
              2.972916097122531
            ],
            [
              156.06222301598595,
              2.734306792837425
            ],
            [
              155.93024295111758,
              2.8797412409577965
            ],
            [
              156.26025918423676,
              3.0013112748309765
            ],
            [
              156.09259865030563,
              3.3059459820013744
            ],
            [
              156.30167201778673,
              3.0953251234905315
            ]
          ]
        ]
      },
      "id": "34b04256-3724-4cd2-a59b-f0c97e365ba5"
    },
    {
      "type": "Feature",
      "properties": {
        "id": "e4265e70-6a7b-4991-ad79-bd54ef40e25e",
        "name": "sketch96-2"
      },
      "geometry": {
        "type": "Polygon",
        "coordinates": [
          [
            [
              137.25420619127152,
              3.1021277868536954
            ],
            [
              137.5278274467881,
              3.1783396610889665
            ],
            [
              137.45268281072072,
              3.111401549277285
            ],
            [
              137.57658212492058,
              2.754446472691963
            ],
            [
              137.2345944633297,
              3.0493696511835986
            ],
            [
              137.06451126946183,
              2.9395082937359627
            ],
            [
              136.82093901665655,
              3.087809432217269
            ],
            [
              137.18691710577647,
              3.128705913923183
            ],
            [
              136.9759397063349,
              3.449333044479766
            ],
            [
              137.09345320154264,
              3.297100149579601
            ],
            [
              137.25420619127152,
              3.1021277868536954
            ]
          ]
        ]
      },
      "id": "e4265e70-6a7b-4991-ad79-bd54ef40e25e"
    },
    {
      "type": "Feature",
      "properties": {
        "id": "df5b8dc2-3675-486c-8925-90cce23b4f26",
        "name": "sketch96-3"
      },
      "geometry": {
        "type": "Polygon",
        "coordinates": [
          [
            [
              163.38877229429144,
              13.200262546172208
            ],
            [
              163.47934749758795,
              13.201093400592917
            ],
            [
              163.4294319638141,
              13.082384386109693
            ],
            [
              163.70620334924467,
              12.864891433105802
            ],
            [
              163.4316401463936,
              12.775690932209207
            ],
            [
              163.3331723593982,
              12.981540252524628
            ],
            [
              163.23494710630843,
              12.865507983711034
            ],
            [
              163.15941872915602,
              12.934913809843898
            ],
            [
              163.03642446611218,
              13.169098248540555
            ],
            [
              163.14532804334107,
              13.39110641317393
            ],
            [
              163.38877229429144,
              13.200262546172208
            ]
          ]
        ]
      },
      "id": "df5b8dc2-3675-486c-8925-90cce23b4f26"
    },
    {
      "type": "Feature",
      "properties": {
        "id": "50e5fcf3-64b3-4c98-b81f-d03a09530636",
        "name": "sketch96-4"
      },
      "geometry": {
        "type": "Polygon",
        "coordinates": [
          [
            [
              141.03303648956685,
              -0.6287399108338376
            ],
            [
              141.3175775272374,
              -0.9143215003400695
            ],
            [
              141.1928832939868,
              -1.3982885404591252
            ],
            [
              140.9433311278502,
              -1.129387276453667
            ],
            [
              140.8167901178935,
              -1.295085197033476
            ],
            [
              140.65548602047176,
              -1.1830161448453969
            ],
            [
              140.7802359973996,
              -0.9806716243564012
            ],
            [
              140.9006108695665,
              -0.9733117770872726
            ],
            [
              140.8304331773098,
              -0.699498693383112
            ],
            [
              140.92655293719545,
              -0.9411489468104667
            ],
            [
              141.03303648956685,
              -0.6287399108338376
            ]
          ]
        ]
      },
      "id": "50e5fcf3-64b3-4c98-b81f-d03a09530636"
    },
    {
      "type": "Feature",
      "properties": {
        "id": "78064273-93c3-4e39-873b-bf9bd5a3bc5d",
        "name": "sketch96-5"
      },
      "geometry": {
        "type": "Polygon",
        "coordinates": [
          [
            [
              152.94213907889792,
              7.546612206579812
            ],
            [
              153.2096990958281,
              7.799830680223495
            ],
            [
              153.3751659323442,
              7.545955727588041
            ],
            [
              153.2144554289354,
              7.349711240618003
            ],
            [
              152.85696255867953,
              7.3246994189592325
            ],
            [
              152.77796430262393,
              7.350989623722535
            ],
            [
              152.78967625729243,
              7.387631644322579
            ],
            [
              152.8738871355731,
              7.458763022589042
            ],
            [
              152.62607141816753,
              7.635420351376954
            ],
            [
              152.70832160105886,
              7.590840380238123
            ],
            [
              152.94213907889792,
              7.546612206579812
            ]
          ]
        ]
      },
      "id": "78064273-93c3-4e39-873b-bf9bd5a3bc5d"
    }
  ],
  "bbox": [
    136.82093901665655,
    -1.3982885404591252,
    163.70620334924467,
    13.39110641317393
  ]
}
