{
  "type": "FeatureCollection",
  "features": [
    {
      "type": "Feature",
      "properties": {
        "id": "a03684a0-dc3f-407a-bf47-90edfd55c871",
        "name": "sketch10-0"
      },
      "geometry": {
        "type": "Polygon",
        "coordinates": [
          [
            [
              162.78484842784792,
              2.880393247920445
            ],
            [
              162.80841930462196,
              2.836537401144228
            ],
            [
              162.82895934829884,
              2.4982487306688483
            ],
            [
              162.5781622654727,
              2.1244593281068367
            ],
            [
              162.35022899360527,
              2.414051045112015
            ],
            [
              162.20830675665937,
              2.460796630942535
            ],
            [
              162.465210540265,
              2.5400220824327695
            ],
            [
              162.0920533261911,
              2.615743150051917
            ],
            [
              162.32076400475822,
              2.6223607288481143
            ],
            [
              162.43026394020572,
              2.6422352509999296
            ],
            [
              162.78484842784792,
              2.880393247920445
            ]
          ]
        ]
      },
      "id": "a03684a0-dc3f-407a-bf47-90edfd55c871"
    },
    {
      "type": "Feature",
      "properties": {
        "id": "5b261226-7290-4d12-a902-287e76d2dc75",
        "name": "sketch10-1"
      },
      "geometry": {
        "type": "Polygon",
        "coordinates": [
          [
            [
              157.022164212249,
              5.914895261110956
            ],
            [
              157.0884204349734,
              5.732272453539335
            ],
            [
              157.01214538633954,
              5.680023514106137
            ],
            [
              157.35484300035776,
              5.468328188431495
            ],
            [
              157.08393048490018,
              5.235105004870075
            ],
            [
              156.7293518080835,
              5.297497331831492
            ],
            [
              156.57396229027864,
              5.570902050854432
            ],
            [
              156.89786127956782,
              5.691966923681182
            ],
            [
              156.75906611836535,
              5.831400062025467
            ],
            [
              156.90985489806428,
              6.1421248297133335
            ],
            [
              157.022164212249,
              5.914895261110956
            ]
          ]
        ]
      },
      "id": "5b261226-7290-4d12-a902-287e76d2dc75"
    },
    {
      "type": "Feature",
      "properties": {
        "id": "c94b309b-7cfc-428f-8754-f73edd940cf2",
        "name": "sketch10-2"
      },
      "geometry": {
        "type": "Polygon",
        "coordinates": [
          [
            [
              152.94764400314554,
              10.745231100739277
            ],
            [
              152.79842160864854,
              10.498587952879772
            ],
            [
              152.85458026723967,
              10.363378340033638
            ],
            [
              152.72194718613923,
              10.27324946127018
            ],
            [
              152.5941734351103,
              9.863559270506565
            ],
            [
              152.53414848971414,
              10.293215237674344
            ],
            [
              152.21427983182792,
              10.354627142721059
            ],
            [
              152.44832340413757,
              10.372158515187524
            ],
            [
              152.50449493294673,
              10.503366662333951
            ],
            [
              152.68363054602347,
              10.576365421432651
            ],
            [
              152.94764400314554,
              10.745231100739277
            ]
          ]
        ]
      },
      "id": "c94b309b-7cfc-428f-8754-f73edd940cf2"
    },
    {
      "type": "Feature",
      "properties": {
        "id": "81e589e1-8b66-4811-8669-480cf3b31543",
        "name": "sketch10-3"
      },
      "geometry": {
        "type": "Polygon",
        "coordinates": [
          [
            [
              140.24306423631646,
              3.741469123038087
            ],
            [
              140.35420692016686,
              3.7679515504520777
            ],
            [
              140.25599686893557,
              3.6475164930138053
            ],
            [
              140.06545199807837,
              3.456979323148294
            ],
            [
              140.260069292898,
              3.2267462192417007
            ],
            [
              139.94710728949957,
              3.2740666027634933
            ],
            [
              139.83725311083063,
              3.210367495200224
            ],
            [
              139.82371846680823,
              3.4999797749405093
            ],
            [
              139.6041338242896,
              3.625869028158772
            ],
            [
              140.01765284622434,
              3.5257948665840115
            ],
            [
              140.24306423631646,
              3.741469123038087
            ]
          ]
        ]
      },
      "id": "81e589e1-8b66-4811-8669-480cf3b31543"
    },
    {
      "type": "Feature",
      "properties": {
        "id": "a252a33b-f856-416e-9b5e-36803bf848f1",
        "name": "sketch10-4"
      },
      "geometry": {
        "type": "Polygon",
        "coordinates": [
          [
            [
              142.05131667007754,
              0.21939494657023936
            ],
            [
              142.24219552760158,
              0.12044663710965231
            ],
            [
              142.1437952575346,
              -0.2729430991966758
            ],
            [
              141.94286668405994,
              -0.45589808704407264
            ],
            [
              141.89614969039624,
              -0.07957173425721167
            ],
            [
              141.62324493921358,
              -0.3972219452754925
            ],
            [
              141.6562797681275,
              0.010104629232170773
            ],
            [
              141.6598665007404,
              0.07361856788846168
            ],
            [
              141.92228192467974,
              0.048544193605005254
            ],
            [
              141.91242183262145,
              0.12643477299807077
            ],
            [
              142.05131667007754,
              0.21939494657023936
            ]
          ]
        ]
      },
      "id": "a252a33b-f856-416e-9b5e-36803bf848f1"
    },
    {
      "type": "Feature",
      "properties": {
        "id": "099c4eb9-b712-4b73-90ac-4c0926465731",
        "name": "sketch10-5"
      },
      "geometry": {
        "type": "Polygon",
        "coordinates": [
          [
            [
              143.80688245700694,
              12.682006617937036
            ],
            [
              144.1484766761164,
              12.547230943540766
            ],
            [
              143.85713063711268,
              12.534147551418577
            ],
            [
              143.96897435752635,
              12.282612012311038
            ],
            [
              143.65680159950614,
              12.515889092915609
            ],
            [
              143.44333384804528,
              12.470600296076512
            ],
            [
              143.7280571639316,
              12.61631510452443
            ],
            [
              143.3709825148211,
              12.56830280321875
            ],
            [
              143.7177747021603,
              12.626546390030564
            ],
            [
              143.43114487055757,
              12.811794567236555
            ],
            [
              143.80688245700694,
              12.682006617937036
            ]
          ]
        ]
      },
      "id": "099c4eb9-b712-4b73-90ac-4c0926465731"
    },
    {
      "type": "Feature",
      "properties": {
        "id": "36443bcf-11d0-41c7-a883-9e4535b1d289",
        "name": "sketch10-6"
      },
      "geometry": {
        "type": "Polygon",
        "coordinates": [
          [
            [
              144.52169098778427,
              7.786527871588941
            ],
            [
              144.53002269295058,
              7.519923347635976
            ],
            [
              144.75244768026025,
              7.320060254133812
            ],
            [
              144.51809688146923,
              7.223139960339411
            ],
            [
              144.35458006730718,
              7.216986063898049
            ],
            [
              144.29919895330806,
              7.359933846726456
            ],
            [
              144.05723492762348,
              7.2270338599280315
            ],
            [
              144.04010769787587,
              7.260880637306605
            ],
            [
              144.34356541986222,
              7.474000367565494
            ],
            [
              144.234320198238,
              7.862356963379326
            ],
            [
              144.52169098778427,
              7.786527871588941
            ]
          ]
        ]
      },
      "id": "36443bcf-11d0-41c7-a883-9e4535b1d289"
    },
    {
      "type": "Feature",
      "properties": {
        "id": "241a71d3-9805-482f-833d-5ba8535e45f3",
        "name": "sketch10-7"
      },
      "geometry": {
        "type": "Polygon",
        "coordinates": [
          [
            [
              140.56761426164823,
              8.840418705561108
            ],
            [
              140.55871210300086,
              8.6720525300904
            ],
            [
              140.54021311165874,
              8.498003459130048
            ],
            [
              140.68346402295137,
              8.374711286911301
            ],
            [
              140.44913692946864,
              8.362136513506654
            ],
            [
              140.20543487318056,
              8.05862429806026
            ],
            [
              140.1170083899393,
              8.376714429131306
            ],
            [
              140.3777943319668,
              8.477259379835068
            ],
            [
              140.14719371313134,
              8.47961554933126
            ],
            [
              140.38371222555037,
              8.501668788897174
            ],
            [
              140.56761426164823,
              8.840418705561108
            ]
          ]
        ]
      },
      "id": "241a71d3-9805-482f-833d-5ba8535e45f3"
    },
    {
      "type": "Feature",
      "properties": {
        "id": "a38122d3-601b-4be3-98ef-c053a111782c",
        "name": "sketch10-8"
      },
      "geometry": {
        "type": "Polygon",
        "coordinates": [
          [
            [
              143.23326371955017,
              5.651055375390642
            ],
            [
              143.26911542652044,
              5.569076127433203
            ],
            [
              143.37086184040174,
              5.586601302398768
            ],
            [
              143.50196976000134,
              5.473921649553038
            ],
            [
              143.23292080407649,
              5.408777519663232
            ],
            [
              143.20609289630545,
              5.452939725907126
            ],
            [
              143.03000237343994,
              5.531504821537545
            ],
            [
              143.11061180556047,
              5.629205504256694
            ],
            [
              143.13553872153963,
              5.602749353116115
            ],
            [
              143.13897573860854,
              5.613452011012298
            ],
            [
              143.23326371955017,
              5.651055375390642
            ]
          ]
        ]
      },
      "id": "a38122d3-601b-4be3-98ef-c053a111782c"
    },
    {
      "type": "Feature",
      "properties": {
        "id": "1cfea02a-c7b9-434f-846b-b940103ea666",
        "name": "sketch10-9"
      },
      "geometry": {
        "type": "Polygon",
        "coordinates": [
          [
            [
              159.95613428229376,
              8.109389057495015
            ],
            [
              160.15861298198786,
              8.192089237411118
            ],
            [
              160.0616679951321,
              8.043819343092403
            ],
            [
              160.1035977072316,
              7.688996630355564
            ],
            [
              159.7314948945015,
              7.58000400172802
            ],
            [
              159.46298084220976,
              7.668160604576959
            ],
            [
              159.73433247543207,
              7.957982508188924
            ],
            [
              159.67750639225636,
              7.973934637454756
            ],
            [
              159.39406673468824,
              8.262765440186033
            ],
            [
              159.49146907876244,
              8.214395594370231
            ],
            [
              159.95613428229376,
              8.109389057495015
            ]
          ]
        ]
      },
      "id": "1cfea02a-c7b9-434f-846b-b940103ea666"
    }
  ],
  "bbox": [
    139.6041338242896,
    -0.45589808704407264,
    162.82895934829884,
    12.811794567236555
  ]
}
