{
  "type": "FeatureCollection",
  "features": [
    {
      "type": "Feature",
      "properties": {
        "id": "a5cd0d96-0cf1-41a5-b4c8-25bce93f76f2",
        "name": "sketch275-0"
      },
      "geometry": {
        "type": "Polygon",
        "coordinates": [
          [
            [
              143.75647860615874,
              12.938564934850685
            ],
            [
              143.86138131656506,
              12.78863114722075
            ],
            [
              143.78155609174075,
              12.666269829268373
            ],
            [
              144.01654504154186,
              12.731070612622728
            ],
            [
              143.89470052468957,
              12.488651062153227
            ],
            [
              144.01550267147425,
              12.374175149942651
            ],
            [
              143.69638478111506,
              12.445407263190646
            ],
            [
              143.60746696376663,
              12.418614011416535
            ],
            [
              143.47429300709845,
              12.500756847677142
            ],
            [
              143.5352850486792,
              12.647479461645675
            ],
            [
              143.75647860615874,
              12.938564934850685
            ]
          ]
        ]
      },
      "id": "a5cd0d96-0cf1-41a5-b4c8-25bce93f76f2"
    },
    {
      "type": "Feature",
      "properties": {
        "id": "32535b7b-1e38-4f66-a3cb-a36b8ccceaea",
        "name": "sketch275-1"
      },
      "geometry": {
        "type": "Polygon",
        "coordinates": [
          [
            [
              154.2176652181629,
              7.541681767181859
            ],
            [
              154.1794044586384,
              7.341642092665963
            ],
            [
              154.3128964081789,
              7.092822026618723
            ],
            [
              154.1492276847256,
              7.100815575488454
            ],
            [
              154.11505834910736,
              6.996340500069385
            ],
            [
              153.8398363593123,
              6.904382100066977
            ],
            [
              153.73921924595183,
              6.966137944323936
            ],
            [
              153.74673518288833,
              7.332808541186686
            ],
            [
              154.01696471546956,
              7.368893571495099
            ],
            [
              153.78973537857323,
              7.566834472111847
            ],
            [
              154.2176652181629,
              7.541681767181859
            ]
          ]
        ]
      },
      "id": "32535b7b-1e38-4f66-a3cb-a36b8ccceaea"
    },
    {
      "type": "Feature",
      "properties": {
        "id": "fb2e38fd-e943-47cb-b327-3587e925fdd6",
        "name": "sketch275-2"
      },
      "geometry": {
        "type": "Polygon",
        "coordinates": [
          [
            [
              137.3435009310435,
              10.375488676089436
            ],
            [
              137.45757491592323,
              10.333134761081675
            ],
            [
              137.69694812941933,
              10.238705967541778
            ],
            [
              137.44734809962378,
              10.032475239586423
            ],
            [
              137.33674136658374,
              9.893620966000508
            ],
            [
              137.23764565950847,
              10.204936400176804
            ],
            [
              136.89417489490424,
              9.962915919663692
            ],
            [
              137.0255781208401,
              10.328636465303864
            ],
            [
              137.25030292774213,
              10.400015333646781
            ],
            [
              137.22698363617064,
              10.505049113525635
            ],
            [
              137.3435009310435,
              10.375488676089436
            ]
          ]
        ]
      },
      "id": "fb2e38fd-e943-47cb-b327-3587e925fdd6"
    },
    {
      "type": "Feature",
      "properties": {
        "id": "61fdfccc-18c5-47a8-9111-853b90664d18",
        "name": "sketch275-3"
      },
      "geometry": {
        "type": "Polygon",
        "coordinates": [
          [
            [
              147.57300910615467,
              10.04116778975872
            ],
            [
              147.63619445476832,
              9.707411620005626
            ],
            [
              147.52599671337654,
              9.438791152335579
            ],
            [
              147.5059593042865,
              9.265118458846807
            ],
            [
              147.11788096505043,
              9.386689183969683
            ],
            [
              146.97950189421087,
              9.672108516840206
            ],
            [
              146.91897497594505,
              9.955568677041034
            ],
            [
              146.8918421154004,
              10.014764206099452
            ],
            [
              147.27540194068618,
              9.725602690384692
            ],
            [
              147.2129986699571,
              10.065577780659444
            ],
            [
              147.57300910615467,
              10.04116778975872
            ]
          ]
        ]
      },
      "id": "61fdfccc-18c5-47a8-9111-853b90664d18"
    },
    {
      "type": "Feature",
      "properties": {
        "id": "acb6ccd2-fb73-4ca0-b651-188b9bfbd582",
        "name": "sketch275-4"
      },
      "geometry": {
        "type": "Polygon",
        "coordinates": [
          [
            [
              138.93746925823538,
              0.22330131296628336
            ],
            [
              139.17657090188288,
              0.3743720870316725
            ],
            [
              139.36212814838527,
              0.410242073067511
            ],
            [
              139.2846552857046,
              0.18426732326965534
            ],
            [
              139.27355422232756,
              -0.14832659461937114
            ],
            [
              138.9417735067637,
              0.13947505727098836
            ],
            [
              138.79719196284103,
              -0.04367655479109048
            ],
            [
              138.59095057979206,
              0.015553176690399073
            ],
            [
              138.89186299092694,
              0.20843075847124212
            ],
            [
              138.8600314301191,
              0.29862716028096353
            ],
            [
              138.93746925823538,
              0.22330131296628336
            ]
          ]
        ]
      },
      "id": "acb6ccd2-fb73-4ca0-b651-188b9bfbd582"
    }
  ],
  "bbox": [
    136.89417489490424,
    -0.14832659461937114,
    154.3128964081789,
    12.938564934850685
  ]
}
