{
  "type": "FeatureCollection",
  "features": [
    {
      "type": "Feature",
      "properties": {
        "id": "42f6f824-cb42-406e-9212-cade8b41bb11",
        "name": "sketch438-0"
      },
      "geometry": {
        "type": "Polygon",
        "coordinates": [
          [
            [
              145.92029642414332,
              10.598988764629905
            ],
            [
              146.06752524622627,
              10.958837640184846
            ],
            [
              146.32029050153866,
              10.618011640514373
            ],
            [
              146.2422572201115,
              10.397481227147756
            ],
            [
              145.92691227736913,
              10.477533585519245
            ],
            [
              145.86169243513143,
              10.412028584479632
            ],
            [
              145.70291222591698,
              10.374969797267319
            ],
            [
              145.84126671547725,
              10.559978103704502
            ],
            [
              145.89875857589442,
              10.546716285286884
            ],
            [
              145.8728005362807,
              10.56831887695415
            ],
            [
              145.92029642414332,
              10.598988764629905
            ]
          ]
        ]
      },
      "id": "42f6f824-cb42-406e-9212-cade8b41bb11"
    },
    {
      "type": "Feature",
      "properties": {
        "id": "c9e2d095-66f3-45fc-9e2b-846cde79a8b5",
        "name": "sketch438-1"
      },
      "geometry": {
        "type": "Polygon",
        "coordinates": [
          [
            [
              141.8103601267795,
              5.600308515828721
            ],
            [
              141.98588754713458,
              5.512088890346728
            ],
            [
              141.84955569893037,
              5.303077226843511
            ],
            [
              142.01107666147396,
              5.163451854964233
            ],
            [
              141.74713399592622,
              5.123715108144052
            ],
            [
              141.7533693419164,
              5.012910758117124
            ],
            [
              141.6763786577096,
              5.295443767592403
            ],
            [
              141.31457111537787,
              5.051277665258293
            ],
            [
              141.52020863918298,
              5.384547727769854
            ],
            [
              141.57783402134373,
              5.723939677025005
            ],
            [
              141.8103601267795,
              5.600308515828721
            ]
          ]
        ]
      },
      "id": "c9e2d095-66f3-45fc-9e2b-846cde79a8b5"
    },
    {
      "type": "Feature",
      "properties": {
        "id": "a566e41a-af9b-4c4d-b874-3b40fa032089",
        "name": "sketch438-2"
      },
      "geometry": {
        "type": "Polygon",
        "coordinates": [
          [
            [
              137.81035008589632,
              1.8982898447732632
            ],
            [
              137.8072301325007,
              1.7698066759861877
            ],
            [
              137.81279382636728,
              1.7561939392451085
            ],
            [
              137.9659700333008,
              1.5294575832370174
            ],
            [
              137.73384264634237,
              1.3893839074209422
            ],
            [
              137.459823886192,
              1.095583121785986
            ],
            [
              137.44537689458693,
              1.3957183434265845
            ],
            [
              137.4684003953778,
              1.5057748195201182
            ],
            [
              137.42428402890505,
              1.7579535392982784
            ],
            [
              137.59013412940718,
              1.7805442080784535
            ],
            [
              137.81035008589632,
              1.8982898447732632
            ]
          ]
        ]
      },
      "id": "a566e41a-af9b-4c4d-b874-3b40fa032089"
    },
    {
      "type": "Feature",
      "properties": {
        "id": "77408caa-cd9a-4e2b-92da-465bfaf679fe",
        "name": "sketch438-3"
      },
      "geometry": {
        "type": "Polygon",
        "coordinates": [
          [
            [
              152.4485821889048,
              0.30484306700993713
            ],
            [
              152.6507123933108,
              0.31708854745807413
            ],
            [
              152.57231532491758,
              0.28443691837329954
            ],
            [
              152.48242953524152,
              0.14871390691000086
            ],
            [
              152.41858253757317,
              0.0798354307434613
            ],
            [
              152.31728438019948,
              -0.05344688029471828
            ],
            [
              152.1343917865494,
              0.00892501589997724
            ],
            [
              152.23657353541486,
              0.34324994654852325
            ],
            [
              152.30175139627875,
              0.3458209919075195
            ],
            [
              152.38227252877658,
              0.399542808777837
            ],
            [
              152.4485821889048,
              0.30484306700993713
            ]
          ]
        ]
      },
      "id": "77408caa-cd9a-4e2b-92da-465bfaf679fe"
    },
    {
      "type": "Feature",
      "properties": {
        "id": "02e1571f-9db3-4c67-bc2f-4fa17adcc0cc",
        "name": "sketch438-4"
      },
      "geometry": {
        "type": "Polygon",
        "coordinates": [
          [
            [
              141.77288489887817,
              2.4870038776815826
            ],
            [
              141.77390429664027,
              2.20644725446601
            ],
            [
              142.17566587259935,
              2.19290236882386
            ],
            [
              141.68244496620386,
              2.176978297447428
            ],
            [
              141.6429878012213,
              2.091960199843289
            ],
            [
              141.68074045748395,
              2.17952092106274
            ],
            [
              141.45592361016205,
              1.8372284198143058
            ],
            [
              141.64017604103816,
              2.1340059520499177
            ],
            [
              141.22048390037003,
              2.273380013147405
            ],
            [
              141.54815541399455,
              2.621983864507093
            ],
            [
              141.77288489887817,
              2.4870038776815826
            ]
          ]
        ]
      },
      "id": "02e1571f-9db3-4c67-bc2f-4fa17adcc0cc"
    },
    {
      "type": "Feature",
      "properties": {
        "id": "d7da583a-7176-4aaa-ba3f-05ab6ff03483",
        "name": "sketch438-5"
      },
      "geometry": {
        "type": "Polygon",
        "coordinates": [
          [
            [
              148.18202473742664,
              2.8771503138010783
            ],
            [
              148.51077985235185,
              2.7573160461159087
            ],
            [
              148.1494053727378,
              2.7322159493463607
            ],
            [
              148.20833499269054,
              2.668264376542691
            ],
            [
              148.15732775238197,
              2.5554210461550495
            ],
            [
              148.07022939597778,
              2.649627593524491
            ],
            [
              147.96449581829432,
              2.633604669371796
            ],
            [
              147.87355652416466,
              2.7621263887531797
            ],
            [
              147.71040852913742,
              3.058631741882283
            ],
            [
              147.90509212161186,
              2.956516514881379
            ],
            [
              148.18202473742664,
              2.8771503138010783
            ]
          ]
        ]
      },
      "id": "d7da583a-7176-4aaa-ba3f-05ab6ff03483"
    },
    {
      "type": "Feature",
      "properties": {
        "id": "31c0f493-657f-435c-b978-4f9cba2eb802",
        "name": "sketch438-6"
      },
      "geometry": {
        "type": "Polygon",
        "coordinates": [
          [
            [
              164.66809339384875,
              2.9991569490899055
            ],
            [
              164.79170313383906,
              3.0845284633522776
            ],
            [
              164.72219299378318,
              2.768985132268356
            ],
            [
              164.5189601954129,
              2.7651096638260406
            ],
            [
              164.5081022284017,
              2.7018220362980947
            ],
            [
              164.4195264106751,
              2.7430434276608575
            ],
            [
              164.34084984784909,
              2.7880323253461796
            ],
            [
              164.15859676995115,
              2.828640106660308
            ],
            [
              164.23640643747598,
              3.1597558594846977
            ],
            [
              164.36850327233748,
              3.161566985364326
            ],
            [
              164.66809339384875,
              2.9991569490899055
            ]
          ]
        ]
      },
      "id": "31c0f493-657f-435c-b978-4f9cba2eb802"
    },
    {
      "type": "Feature",
      "properties": {
        "id": "e8e25493-3456-4deb-aa05-2147a839b7f0",
        "name": "sketch438-7"
      },
      "geometry": {
        "type": "Polygon",
        "coordinates": [
          [
            [
              147.418310958255,
              5.5904619984466954
            ],
            [
              147.48614612151633,
              5.457120707839816
            ],
            [
              147.48144664147645,
              5.153402247245478
            ],
            [
              147.32150262729527,
              4.946820572812681
            ],
            [
              147.28620389831198,
              5.20854604453847
            ],
            [
              147.04085355940907,
              5.1108459853872965
            ],
            [
              146.87580808350296,
              5.306250761533843
            ],
            [
              147.1797988857032,
              5.440524307845911
            ],
            [
              147.32978329653665,
              5.456282019532143
            ],
            [
              147.13678398469673,
              5.8219791854078835
            ],
            [
              147.418310958255,
              5.5904619984466954
            ]
          ]
        ]
      },
      "id": "e8e25493-3456-4deb-aa05-2147a839b7f0"
    }
  ],
  "bbox": [
    137.42428402890505,
    -0.05344688029471828,
    164.79170313383906,
    10.958837640184846
  ]
}
