{
  "type": "FeatureCollection",
  "features": [
    {
      "type": "Feature",
      "properties": {
        "id": "01a9de7c-fa4f-44da-b6e1-6cd20add5b0a",
        "name": "sketch194-0"
      },
      "geometry": {
        "type": "Polygon",
        "coordinates": [
          [
            [
              164.18168262535025,
              13.102412081603623
            ],
            [
              163.96069986319145,
              12.86669197849185
            ],
            [
              164.29510168067114,
              12.834842823064095
            ],
            [
              164.14764738879225,
              12.61919822906255
            ],
            [
              164.0314142044726,
              12.624272917475281
            ],
            [
              163.88455969726334,
              12.540973465100762
            ],
            [
              163.75587448704508,
              12.58102371906435
            ],
            [
              163.86461143833367,
              12.822538133505008
            ],
            [
              163.72376370824796,
              12.909712665452572
            ],
            [
              163.78914179225018,
              13.154079850691046
            ],
            [
              164.18168262535025,
              13.102412081603623
            ]
          ]
        ]
      },
      "id": "01a9de7c-fa4f-44da-b6e1-6cd20add5b0a"
    },
    {
      "type": "Feature",
      "properties": {
        "id": "8dfd824f-ce21-4df5-8db2-abf6ed0e802d",
        "name": "sketch194-1"
      },
      "geometry": {
        "type": "Polygon",
        "coordinates": [
          [
            [
              162.74722869677672,
              4.454979029615786
            ],
            [
              162.85720146671162,
              4.11359173469226
            ],
            [
              162.6651608164156,
              3.879643747367994
            ],
            [
              162.44955063029917,
              3.9960573320433936
            ],
            [
              162.43211211160704,
              4.099107338131384
            ],
            [
              162.20119925242784,
              3.7754967240385175
            ],
            [
              162.23907515835197,
              3.9324001802330972
            ],
            [
              162.42771258166977,
              4.180655767182638
            ],
            [
              162.20275993594808,
              4.386508186446659
            ],
            [
              162.12748455232438,
              4.548888286484925
            ],
            [
              162.74722869677672,
              4.454979029615786
            ]
          ]
        ]
      },
      "id": "8dfd824f-ce21-4df5-8db2-abf6ed0e802d"
    },
    {
      "type": "Feature",
      "properties": {
        "id": "2c06569d-ea27-4423-8e73-a40ed245ffe2",
        "name": "sketch194-2"
      },
      "geometry": {
        "type": "Polygon",
        "coordinates": [
          [
            [
              150.27266720973685,
              9.518947175581774
            ],
            [
              150.4835079439532,
              9.304973520516373
            ],
            [
              150.37504627532613,
              9.210619971094655
            ],
            [
              150.08646516275365,
              9.210692673699832
            ],
            [
              150.08600191029223,
              9.139532119328846
            ],
            [
              149.92707584460757,
              8.844620814388325
            ],
            [
              149.78012534149622,
              8.892583092863173
            ],
            [
              149.67653739973434,
              9.184951936940987
            ],
            [
              149.92355795343843,
              9.314262504878815
            ],
            [
              149.92292134674403,
              9.549368500381155
            ],
            [
              150.27266720973685,
              9.518947175581774
            ]
          ]
        ]
      },
      "id": "2c06569d-ea27-4423-8e73-a40ed245ffe2"
    },
    {
      "type": "Feature",
      "properties": {
        "id": "ce6ecfab-d16a-4b5b-90a1-5f93fa2ea8f8",
        "name": "sketch194-3"
      },
      "geometry": {
        "type": "Polygon",
        "coordinates": [
          [
            [
              152.02398700423998,
              4.048171698561237
            ],
            [
              152.17499130582357,
              3.7775749725684395
            ],
            [
              151.92335911542213,
              3.6420340127111928
            ],
            [
              151.98956951200586,
              3.639953623422307
            ],
            [
              151.93054263253657,
              3.633872084446405
            ],
            [
              151.9143322893924,
              3.2384545941005687
            ],
            [
              151.8859720801093,
              3.548823936543889
            ],
            [
              151.70597407284856,
              3.6257352333763366
            ],
            [
              151.67724995164005,
              3.82630847699156
            ],
            [
              151.9124463093029,
              3.7199324326363055
            ],
            [
              152.02398700423998,
              4.048171698561237
            ]
          ]
        ]
      },
      "id": "ce6ecfab-d16a-4b5b-90a1-5f93fa2ea8f8"
    }
  ],
  "bbox": [
    149.67653739973434,
    3.2384545941005687,
    164.29510168067114,
    13.154079850691046
  ]
}
