{
  "type": "FeatureCollection",
  "features": [
    {
      "type": "Feature",
      "properties": {
        "id": "6e1ad516-81e9-46cd-b6cf-80f3dd190447",
        "name": "sketch212-0"
      },
      "geometry": {
        "type": "Polygon",
        "coordinates": [
          [
            [
              164.9046076746717,
              2.268276395094112
            ],
            [
              165.00684757488972,
              2.135528925905886
            ],
            [
              164.99298580755394,
              1.9751814526408542
            ],
            [
              164.98245553359192,
              1.9715317449872258
            ],
            [
              164.78321481268404,
              1.9623854718849347
            ],
            [
              164.53988976854603,
              1.8291844471937406
            ],
            [
              164.80496939341688,
              2.1239158829438627
            ],
            [
              164.49167912728103,
              2.170172073523745
            ],
            [
              164.81333114031654,
              2.1675225364793747
            ],
            [
              164.47768543501516,
              2.436040169267306
            ],
            [
              164.9046076746717,
              2.268276395094112
            ]
          ]
        ]
      },
      "id": "6e1ad516-81e9-46cd-b6cf-80f3dd190447"
    },
    {
      "type": "Feature",
      "properties": {
        "id": "ec550e73-bd4d-4ae7-90f9-8387f66338d2",
        "name": "sketch212-1"
      },
      "geometry": {
        "type": "Polygon",
        "coordinates": [
          [
            [
              147.98792779994562,
              7.8075516112944054
            ],
            [
              148.09523914818874,
              7.848751374905775
            ],
            [
              148.04893684768203,
              7.748465476935037
            ],
            [
              148.21227386318253,
              7.400425154163656
            ],
            [
              147.93235072255078,
              7.426200434523287
            ],
            [
              147.9315691528534,
              7.6498557604269966
            ],
            [
              147.7970956087269,
              7.66883883622408
            ],
            [
              147.6257283100261,
              7.790865536626577
            ],
            [
              147.73057434774572,
              8.105155620954893
            ],
            [
              147.9419448242791,
              7.867643882583208
            ],
            [
              147.98792779994562,
              7.8075516112944054
            ]
          ]
        ]
      },
      "id": "ec550e73-bd4d-4ae7-90f9-8387f66338d2"
    }
  ],
  "bbox": [
    147.6257283100261,
    1.8291844471937406,
    165.00684757488972,
    8.105155620954893
  ]
}
