{
  "type": "FeatureCollection",
  "features": [
    {
      "type": "Feature",
      "properties": {
        "id": "afbb205a-ed2d-458b-91f3-bd88ea141160",
        "name": "sketch287-0"
      },
      "geometry": {
        "type": "Polygon",
        "coordinates": [
          [
            [
              159.55491669528936,
              0.3628476567465767
            ],
            [
              159.72845885968377,
              0.09338172558616017
            ],
            [
              159.5661251011058,
              -0.15872577172384528
            ],
            [
              159.3213766009155,
              0.005839177033205037
            ],
            [
              159.28237835388052,
              0.0728552216759138
            ],
            [
              159.23278607377134,
              -0.033436310563466354
            ],
            [
              159.11542335564076,
              -0.14701593254533737
            ],
            [
              158.88975580785078,
              -0.008591506389616976
            ],
            [
              159.1078949403769,
              0.1008328358305578
            ],
            [
              159.0374226032877,
              0.17700447002038205
            ],
            [
              159.55491669528936,
              0.3628476567465767
            ]
          ]
        ]
      },
      "id": "afbb205a-ed2d-458b-91f3-bd88ea141160"
    },
    {
      "type": "Feature",
      "properties": {
        "id": "19143a7a-9124-4746-8ec5-176439e6af3b",
        "name": "sketch287-1"
      },
      "geometry": {
        "type": "Polygon",
        "coordinates": [
          [
            [
              156.36978496736563,
              -0.10115610647617451
            ],
            [
              156.3611523911302,
              -0.2782937972374377
            ],
            [
              156.66578077209266,
              -0.3199523611775339
            ],
            [
              156.67479264779075,
              -0.38328775698616524
            ],
            [
              156.49135463565813,
              -0.34753849854406593
            ],
            [
              156.64297968380427,
              -0.5848998969049632
            ],
            [
              156.26330971698457,
              -0.5873304667054005
            ],
            [
              156.11525061937544,
              -0.3804090651106578
            ],
            [
              155.9460659046858,
              -0.1508385405835
            ],
            [
              156.13304953671727,
              -0.0035291514879663977
            ],
            [
              156.36978496736563,
              -0.10115610647617451
            ]
          ]
        ]
      },
      "id": "19143a7a-9124-4746-8ec5-176439e6af3b"
    },
    {
      "type": "Feature",
      "properties": {
        "id": "dfe10942-9539-41ce-ab4f-bd59bda2c4d4",
        "name": "sketch287-2"
      },
      "geometry": {
        "type": "Polygon",
        "coordinates": [
          [
            [
              162.35095663450213,
              2.776204017004166
            ],
            [
              162.5381089319009,
              2.787061886304731
            ],
            [
              162.5214662301128,
              2.6950823464422355
            ],
            [
              162.56873021255637,
              2.428413471042371
            ],
            [
              162.53329092797279,
              2.3032648293969467
            ],
            [
              162.43802175834654,
              2.355424243198065
            ],
            [
              162.08109426255143,
              2.583633815061359
            ],
            [
              162.14723812815356,
              2.897552040906174
            ],
            [
              162.0402545674632,
              3.050936059417795
            ],
            [
              162.28188947345132,
              3.1824096511862545
            ],
            [
              162.35095663450213,
              2.776204017004166
            ]
          ]
        ]
      },
      "id": "dfe10942-9539-41ce-ab4f-bd59bda2c4d4"
    },
    {
      "type": "Feature",
      "properties": {
        "id": "6ad5ae9a-f10a-459b-8c26-d9968e2a9c50",
        "name": "sketch287-3"
      },
      "geometry": {
        "type": "Polygon",
        "coordinates": [
          [
            [
              140.15788669268272,
              6.397528363585756
            ],
            [
              140.06632381230895,
              6.1582065805690505
            ],
            [
              140.1486015625998,
              6.148822714062952
            ],
            [
              140.17544430138963,
              5.964662270219295
            ],
            [
              140.14052085165605,
              5.963340028929918
            ],
            [
              140.15763792005876,
              5.7004561777920095
            ],
            [
              139.89646657551265,
              5.95603646352827
            ],
            [
              139.77805692000322,
              5.988713810006458
            ],
            [
              139.53731432630246,
              6.1551104472711025
            ],
            [
              139.61594080708983,
              6.413363037540884
            ],
            [
              140.15788669268272,
              6.397528363585756
            ]
          ]
        ]
      },
      "id": "6ad5ae9a-f10a-459b-8c26-d9968e2a9c50"
    },
    {
      "type": "Feature",
      "properties": {
        "id": "b703bda7-6811-4bea-b994-0330e54ad22d",
        "name": "sketch287-4"
      },
      "geometry": {
        "type": "Polygon",
        "coordinates": [
          [
            [
              154.76532528771367,
              6.9057426206763886
            ],
            [
              155.1286510919003,
              6.703840630376073
            ],
            [
              154.7848464214071,
              6.683800188985527
            ],
            [
              154.86658878073024,
              6.495815499592914
            ],
            [
              154.72313721218416,
              6.400315949507726
            ],
            [
              154.3116515715454,
              6.463588430553815
            ],
            [
              154.3778270141355,
              6.796794724060406
            ],
            [
              154.18969453697395,
              6.898909101103395
            ],
            [
              154.35887784045568,
              6.989263874991895
            ],
            [
              154.46726164589631,
              6.982415268779101
            ],
            [
              154.76532528771367,
              6.9057426206763886
            ]
          ]
        ]
      },
      "id": "b703bda7-6811-4bea-b994-0330e54ad22d"
    },
    {
      "type": "Feature",
      "properties": {
        "id": "2aab2aff-18fd-445f-8018-ceee6e875d50",
        "name": "sketch287-5"
      },
      "geometry": {
        "type": "Polygon",
        "coordinates": [
          [
            [
              146.55923709418053,
              5.716910349971288
            ],
            [
              146.66708571878593,
              5.494305697837262
            ],
            [
              146.73538734993,
              5.39064169565251
            ],
            [
              146.41600643234165,
              5.41995676068867
            ],
            [
              146.5356102167147,
              4.989997645552165
            ],
            [
              146.30948608538023,
              5.347678288818396
            ],
            [
              146.34317717716158,
              5.412291966105978
            ],
            [
              145.97800973649498,
              5.51970904972557
            ],
            [
              146.19350463338313,
              5.741335758008162
            ],
            [
              146.38254186053751,
              5.5252457346355195
            ],
            [
              146.55923709418053,
              5.716910349971288
            ]
          ]
        ]
      },
      "id": "2aab2aff-18fd-445f-8018-ceee6e875d50"
    },
    {
      "type": "Feature",
      "properties": {
        "id": "1f305490-6023-4e63-9333-9e0dd511fe77",
        "name": "sketch287-6"
      },
      "geometry": {
        "type": "Polygon",
        "coordinates": [
          [
            [
              163.60713400971716,
              1.783150773737735
            ],
            [
              163.64388265451134,
              1.494313114609595
            ],
            [
              163.85140554005335,
              1.3909536243166756
            ],
            [
              163.67461818579213,
              1.3406378857315209
            ],
            [
              163.71279068634962,
              1.1954602005763741
            ],
            [
              163.59753523887622,
              1.4152731291070684
            ],
            [
              163.38886744167607,
              1.267259424447471
            ],
            [
              163.38735438425087,
              1.3053470862738399
            ],
            [
              163.47102674487502,
              1.5125271508301943
            ],
            [
              163.55245762883203,
              1.835950981285297
            ],
            [
              163.60713400971716,
              1.783150773737735
            ]
          ]
        ]
      },
      "id": "1f305490-6023-4e63-9333-9e0dd511fe77"
    }
  ],
  "bbox": [
    139.53731432630246,
    -0.5873304667054005,
    163.85140554005335,
    6.989263874991895
  ]
}
