{
  "type": "FeatureCollection",
  "features": [
    {
      "type": "Feature",
      "properties": {
        "id": "76c18c48-f974-4109-82b0-caefcf91a6c0",
        "name": "sketch203-0"
      },
      "geometry": {
        "type": "Polygon",
        "coordinates": [
          [
            [
              162.109177333673,
              10.008905169804263
            ],
            [
              162.160898219825,
              9.638052575603766
            ],
            [
              162.40872886102125,
              9.507324757856685
            ],
            [
              162.30446992368383,
              9.352426786078667
            ],
            [
              162.06529514409746,
              9.548149582169374
            ],
            [
              162.01268607137638,
              9.403906459323968
            ],
            [
              161.82881622518232,
              9.417087079090377
            ],
            [
              161.77799229978166,
              9.585530439464808
            ],
            [
              161.96833887574718,
              9.6099367714253
            ],
            [
              161.79192350821984,
              9.781223219160319
            ],
            [
              162.109177333673,
              10.008905169804263
            ]
          ]
        ]
      },
      "id": "76c18c48-f974-4109-82b0-caefcf91a6c0"
    },
    {
      "type": "Feature",
      "properties": {
        "id": "329effeb-bc3e-41f4-af4b-55645f2f1b48",
        "name": "sketch203-1"
      },
      "geometry": {
        "type": "Polygon",
        "coordinates": [
          [
            [
              162.78004035227175,
              3.517773357913632
            ],
            [
              162.7786344270683,
              3.301038798957585
            ],
            [
              162.84375896572462,
              3.6903079774921768
            ],
            [
              162.9502340029377,
              3.309274405862457
            ],
            [
              163.06414419204683,
              3.0895858963570513
            ],
            [
              163.05314272008627,
              2.934032606588514
            ],
            [
              162.78431641455325,
              3.2081294199118577
            ],
            [
              162.55504384920823,
              2.953847985549289
            ],
            [
              162.6113463810671,
              3.2093336486870365
            ],
            [
              162.52501165212874,
              3.3881615673860908
            ],
            [
              162.78004035227175,
              3.517773357913632
            ]
          ]
        ]
      },
      "id": "329effeb-bc3e-41f4-af4b-55645f2f1b48"
    },
    {
      "type": "Feature",
      "properties": {
        "id": "6309daef-a01a-4923-9063-c94ce9647818",
        "name": "sketch203-2"
      },
      "geometry": {
        "type": "Polygon",
        "coordinates": [
          [
            [
              140.54746671597485,
              0.6888720449039044
            ],
            [
              140.81968294484602,
              0.7617941221959574
            ],
            [
              140.79289517931062,
              0.6906446994624925
            ],
            [
              140.7479207469587,
              0.6008527221358487
            ],
            [
              140.96654198868288,
              0.46316439301388296
            ],
            [
              140.62139693153784,
              0.3182710130674295
            ],
            [
              140.4216086587466,
              0.4971647883620597
            ],
            [
              140.39265221218852,
              0.5512248703761085
            ],
            [
              140.35476101811412,
              0.7401604938869717
            ],
            [
              140.5155783952064,
              0.7290377186407261
            ],
            [
              140.54746671597485,
              0.6888720449039044
            ]
          ]
        ]
      },
      "id": "6309daef-a01a-4923-9063-c94ce9647818"
    }
  ],
  "bbox": [
    140.35476101811412,
    0.3182710130674295,
    163.06414419204683,
    10.008905169804263
  ]
}
