{
  "type": "FeatureCollection",
  "features": [
    {
      "type": "Feature",
      "properties": {
        "id": "4b18aeb7-39ef-4f3d-82e6-8b367d02a4e4",
        "name": "sketch406-0"
      },
      "geometry": {
        "type": "Polygon",
        "coordinates": [
          [
            [
              158.28049081937135,
              8.732737290693095
            ],
            [
              158.45630814513098,
              9.082986052593906
            ],
            [
              158.3127497755258,
              8.746368523640825
            ],
            [
              158.4814726466725,
              8.811644219394509
            ],
            [
              158.6537459232209,
              8.61293337504802
            ],
            [
              158.30660180705289,
              8.62614305338112
            ],
            [
              158.18185476644305,
              8.498461177569867
            ],
            [
              158.00464366066052,
              8.391501561798766
            ],
            [
              158.2590579711238,
              8.705244430090712
            ],
            [
              158.0845874534661,
              8.76455305917534
            ],
            [
              158.28049081937135,
              8.732737290693095
            ]
          ]
        ]
      },
      "id": "4b18aeb7-39ef-4f3d-82e6-8b367d02a4e4"
    },
    {
      "type": "Feature",
      "properties": {
        "id": "9977aca9-683f-4361-9345-20385874e32a",
        "name": "sketch406-1"
      },
      "geometry": {
        "type": "Polygon",
        "coordinates": [
          [
            [
              140.34217193610894,
              4.572094129957784
            ],
            [
              140.50802620275442,
              4.4110403672489165
            ],
            [
              140.08104815200457,
              4.300110899349842
            ],
            [
              140.36955090049594,
              3.9614867794779647
            ],
            [
              140.1007277342012,
              4.210531417264258
            ],
            [
              140.04234337025036,
              4.0471771385384505
            ],
            [
              140.03024261807153,
              4.2760723207693045
            ],
            [
              140.01213256633483,
              4.285049815980147
            ],
            [
              139.877287481845,
              4.4028562264469695
            ],
            [
              140.00553019314873,
              4.463871155288922
            ],
            [
              140.34217193610894,
              4.572094129957784
            ]
          ]
        ]
      },
      "id": "9977aca9-683f-4361-9345-20385874e32a"
    },
    {
      "type": "Feature",
      "properties": {
        "id": "9b706020-6789-45ec-93a4-db239eac4ef3",
        "name": "sketch406-2"
      },
      "geometry": {
        "type": "Polygon",
        "coordinates": [
          [
            [
              151.99230808585068,
              3.7805347610620923
            ],
            [
              152.09923865375464,
              3.778981696826677
            ],
            [
              152.0397997962239,
              3.7290945381679306
            ],
            [
              152.32842707722926,
              3.4709442161466195
            ],
            [
              152.21182269597398,
              3.5112977005877983
            ],
            [
              152.1539473001736,
              3.432625988263408
            ],
            [
              152.14799670227538,
              3.363913914501639
            ],
            [
              151.74904839415274,
              3.307057721080149
            ],
            [
              151.72226906621503,
              3.738858918896011
            ],
            [
              151.84184139412284,
              3.9236037927884433
            ],
            [
              151.99230808585068,
              3.7805347610620923
            ]
          ]
        ]
      },
      "id": "9b706020-6789-45ec-93a4-db239eac4ef3"
    },
    {
      "type": "Feature",
      "properties": {
        "id": "c9517b47-e3b8-4280-92ec-781a8548849b",
        "name": "sketch406-3"
      },
      "geometry": {
        "type": "Polygon",
        "coordinates": [
          [
            [
              160.02487844535818,
              10.94790208492945
            ],
            [
              160.00776221623332,
              10.658607472776058
            ],
            [
              159.94962704204247,
              10.623219556545825
            ],
            [
              159.95461956245774,
              10.55071872161074
            ],
            [
              159.8291474654123,
              10.341124911014852
            ],
            [
              159.78868955789974,
              10.61264194916623
            ],
            [
              159.43312144278846,
              10.413359328663578
            ],
            [
              159.56628741350576,
              10.820203670294239
            ],
            [
              159.80036664201168,
              10.67711831119733
            ],
            [
              159.66017710407783,
              10.846894788151742
            ],
            [
              160.02487844535818,
              10.94790208492945
            ]
          ]
        ]
      },
      "id": "c9517b47-e3b8-4280-92ec-781a8548849b"
    },
    {
      "type": "Feature",
      "properties": {
        "id": "b306accf-5737-43f6-894a-47ffc0ee0fa6",
        "name": "sketch406-4"
      },
      "geometry": {
        "type": "Polygon",
        "coordinates": [
          [
            [
              144.0573378358779,
              -0.27932670949129773
            ],
            [
              144.1384802629827,
              -0.2856342395938663
            ],
            [
              144.43604912175232,
              -0.3877336412336315
            ],
            [
              144.14158491534414,
              -0.44882343129586805
            ],
            [
              144.03029348647587,
              -0.5005031678631768
            ],
            [
              143.8914057554912,
              -0.5125247499889303
            ],
            [
              143.92408759735267,
              -0.48021326926631497
            ],
            [
              143.87317706017183,
              -0.4847065818338636
            ],
            [
              143.60289675681838,
              -0.4336796949352425
            ],
            [
              143.97615470629353,
              -0.26018856605848684
            ],
            [
              144.0573378358779,
              -0.27932670949129773
            ]
          ]
        ]
      },
      "id": "b306accf-5737-43f6-894a-47ffc0ee0fa6"
    },
    {
      "type": "Feature",
      "properties": {
        "id": "7c83f6d0-e10d-4bb7-aab9-ead090e866d6",
        "name": "sketch406-5"
      },
      "geometry": {
        "type": "Polygon",
        "coordinates": [
          [
            [
              165.33124750043058,
              7.695317237331007
            ],
            [
              165.24456020296446,
              7.491953548357791
            ],
            [
              165.70523947324637,
              7.553599624755483
            ],
            [
              165.30613880853838,
              7.445034620508991
            ],
            [
              165.23588357944567,
              7.456350061974406
            ],
            [
              164.9941898025197,
              7.1967168799392764
            ],
            [
              165.14727181764323,
              7.388034084816327
            ],
            [
              164.90682935424144,
              7.238966399072542
            ],
            [
              165.06180263155318,
              7.570358249482557
            ],
            [
              165.19776885293777,
              7.718199918508952
            ],
            [
              165.33124750043058,
              7.695317237331007
            ]
          ]
        ]
      },
      "id": "7c83f6d0-e10d-4bb7-aab9-ead090e866d6"
    }
  ],
  "bbox": [
    139.877287481845,
    -0.5125247499889303,
    165.70523947324637,
    10.94790208492945
  ]
}
