{
  "type": "FeatureCollection",
  "features": [
    {
      "type": "Feature",
      "properties": {
        "id": "f1f87fbc-14a8-4c44-b0e3-6fb3d60797e7",
        "name": "sketch252-0"
      },
      "geometry": {
        "type": "Polygon",
        "coordinates": [
          [
            [
              149.90821872677566,
              6.297897475666744
            ],
            [
              149.94431669129293,
              6.161186423937953
            ],
            [
              150.01485476291936,
              6.031023804029425
            ],
            [
              149.8272132842437,
              6.091307397004618
            ],
            [
              149.77138793632656,
              5.852598382186591
            ],
            [
              149.43230590780252,
              5.86431610015742
            ],
            [
              149.73550441085874,
              6.100437589653433
            ],
            [
              149.42883609310078,
              6.097114360681315
            ],
            [
              149.61381632121896,
              6.15442538884503
            ],
            [
              149.76203646922588,
              6.175350285450885
            ],
            [
              149.90821872677566,
              6.297897475666744
            ]
          ]
        ]
      },
      "id": "f1f87fbc-14a8-4c44-b0e3-6fb3d60797e7"
    },
    {
      "type": "Feature",
      "properties": {
        "id": "40b10065-6cf8-45d0-8804-9213d87b30d6",
        "name": "sketch252-1"
      },
      "geometry": {
        "type": "Polygon",
        "coordinates": [
          [
            [
              149.41753242916022,
              5.315084286521557
            ],
            [
              149.7305743708926,
              5.52986658495152
            ],
            [
              149.566996308987,
              5.2504561937982315
            ],
            [
              149.65280293406016,
              5.08677509500448
            ],
            [
              149.5604844559119,
              4.899942350304868
            ],
            [
              149.29247722334168,
              4.923688370669618
            ],
            [
              149.30544836551877,
              4.990983947409398
            ],
            [
              149.3763158594751,
              5.2591850329537175
            ],
            [
              149.08149621777252,
              5.3419952477670165
            ],
            [
              149.4037180480567,
              5.289747738439696
            ],
            [
              149.41753242916022,
              5.315084286521557
            ]
          ]
        ]
      },
      "id": "40b10065-6cf8-45d0-8804-9213d87b30d6"
    }
  ],
  "bbox": [
    149.08149621777252,
    4.899942350304868,
    150.01485476291936,
    6.297897475666744
  ]
}
