{
  "type": "FeatureCollection",
  "features": [
    {
      "type": "Feature",
      "properties": {
        "id": "518daab7-51de-414f-8d50-945535417f33",
        "name": "sketch76-0"
      },
      "geometry": {
        "type": "Polygon",
        "coordinates": [
          [
            [
              147.60443489985244,
              7.1913987217524715
            ],
            [
              147.92473191611066,
              7.089241172592543
            ],
            [
              147.70212235945814,
              6.9533292936870446
            ],
            [
              147.72213730895064,
              6.854666501145352
            ],
            [
              147.50284298661848,
              6.877393347240775
            ],
            [
              147.46629593066322,
              7.019303425495732
            ],
            [
              147.26272149894538,
              7.070561877495018
            ],
            [
              147.3351315075114,
              7.168660930700733
            ],
            [
              147.06192409618077,
              7.226373479208119
            ],
            [
              147.43468766665464,
              7.246563993982931
            ],
            [
              147.60443489985244,
              7.1913987217524715
            ]
          ]
        ]
      },
      "id": "518daab7-51de-414f-8d50-945535417f33"
    },
    {
      "type": "Feature",
      "properties": {
        "id": "ba0746fc-d322-4b62-86ab-56f0d909ae40",
        "name": "sketch76-1"
      },
      "geometry": {
        "type": "Polygon",
        "coordinates": [
          [
            [
              165.22945274777652,
              9.235832054230013
            ],
            [
              165.05606301012423,
              9.10488223702912
            ],
            [
              165.32762022625354,
              9.065347914564093
            ],
            [
              164.90693766751468,
              8.893088223034729
            ],
            [
              164.79139710180215,
              8.929077344795063
            ],
            [
              164.79561996747245,
              9.051370563317365
            ],
            [
              164.8316022330902,
              9.078097514994553
            ],
            [
              164.593962922267,
              9.462903212751176
            ],
            [
              164.63185840460838,
              9.492237991853758
            ],
            [
              164.83587382971712,
              9.118687334343834
            ],
            [
              165.22945274777652,
              9.235832054230013
            ]
          ]
        ]
      },
      "id": "ba0746fc-d322-4b62-86ab-56f0d909ae40"
    },
    {
      "type": "Feature",
      "properties": {
        "id": "201a0e2a-3ad4-474b-bdc3-dca95007de43",
        "name": "sketch76-2"
      },
      "geometry": {
        "type": "Polygon",
        "coordinates": [
          [
            [
              143.58338764711084,
              10.396732884973048
            ],
            [
              143.9106098292889,
              10.575687856673365
            ],
            [
              143.68280029175142,
              10.293216642536924
            ],
            [
              143.73102031579646,
              10.210743927034198
            ],
            [
              143.55868559826646,
              10.119771588435126
            ],
            [
              143.3356487965223,
              10.078921655041587
            ],
            [
              143.20172747768132,
              10.027546899876047
            ],
            [
              143.48108999089865,
              10.259097165727804
            ],
            [
              143.44197842875155,
              10.335122941400462
            ],
            [
              143.16961214689252,
              10.492295921823821
            ],
            [
              143.58338764711084,
              10.396732884973048
            ]
          ]
        ]
      },
      "id": "201a0e2a-3ad4-474b-bdc3-dca95007de43"
    },
    {
      "type": "Feature",
      "properties": {
        "id": "dcab9676-9431-48d1-bcf3-0d403a3f70b4",
        "name": "sketch76-3"
      },
      "geometry": {
        "type": "Polygon",
        "coordinates": [
          [
            [
              158.60380518964936,
              5.001442194538212
            ],
            [
              158.89334437764091,
              4.975342648250581
            ],
            [
              158.60200802576153,
              4.936270183767666
            ],
            [
              158.89296978634962,
              4.751210627923017
            ],
            [
              158.67680958789117,
              4.67525655343675
            ],
            [
              158.64582128666794,
              4.467652209303251
            ],
            [
              158.47764805029274,
              4.861510871697366
            ],
            [
              158.16470458612514,
              4.737842243223169
            ],
            [
              158.3709998572274,
              5.038493596086987
            ],
            [
              158.35648689660002,
              5.156988761774382
            ],
            [
              158.60380518964936,
              5.001442194538212
            ]
          ]
        ]
      },
      "id": "dcab9676-9431-48d1-bcf3-0d403a3f70b4"
    },
    {
      "type": "Feature",
      "properties": {
        "id": "5f620c4f-e770-473b-84fd-ead4b026b1f3",
        "name": "sketch76-4"
      },
      "geometry": {
        "type": "Polygon",
        "coordinates": [
          [
            [
              138.55553578885645,
              7.673769629453376
            ],
            [
              138.44339873085406,
              7.394888662672714
            ],
            [
              138.68040512748766,
              7.282553098123397
            ],
            [
              138.58487228936667,
              7.141359462022398
            ],
            [
              138.61787047731002,
              7.0870141020541455
            ],
            [
              138.31711908311613,
              7.311248056482441
            ],
            [
              138.23170401734595,
              7.121897469477859
            ],
            [
              138.23990787674654,
              7.3149639257347
            ],
            [
              138.07908764234682,
              7.449966356940433
            ],
            [
              138.31044069050617,
              7.4150627094815
            ],
            [
              138.55553578885645,
              7.673769629453376
            ]
          ]
        ]
      },
      "id": "5f620c4f-e770-473b-84fd-ead4b026b1f3"
    },
    {
      "type": "Feature",
      "properties": {
        "id": "89634545-65fb-4374-b7b6-624c6d100df1",
        "name": "sketch76-5"
      },
      "geometry": {
        "type": "Polygon",
        "coordinates": [
          [
            [
              141.4011209553306,
              8.596262093456364
            ],
            [
              141.41173503058698,
              8.296564341794323
            ],
            [
              141.6904632791838,
              8.204676554543429
            ],
            [
              141.56246469919742,
              7.945351221299171
            ],
            [
              141.33093815330025,
              7.79630570410038
            ],
            [
              141.2112637523469,
              7.936320597513207
            ],
            [
              140.90692631163364,
              7.88508395624473
            ],
            [
              140.79207942189495,
              8.102095113342223
            ],
            [
              141.11754717016953,
              8.271090981238263
            ],
            [
              141.1717775433254,
              8.40599064718348
            ],
            [
              141.4011209553306,
              8.596262093456364
            ]
          ]
        ]
      },
      "id": "89634545-65fb-4374-b7b6-624c6d100df1"
    }
  ],
  "bbox": [
    138.07908764234682,
    4.467652209303251,
    165.32762022625354,
    10.575687856673365
  ]
}
