{
  "type": "FeatureCollection",
  "features": [
    {
      "type": "Feature",
      "properties": {
        "id": "a53e02a4-b438-4142-80aa-aad9f318b2b9",
        "name": "sketch424-0"
      },
      "geometry": {
        "type": "Polygon",
        "coordinates": [
          [
            [
              143.60697601620984,
              12.653537094588037
            ],
            [
              143.44904172375766,
              12.44136186700016
            ],
            [
              143.4384227519075,
              12.418213112902679
            ],
            [
              143.47115829672887,
              12.362740496267907
            ],
            [
              143.59996893996055,
              12.15434692210942
            ],
            [
              143.25440775548898,
              12.048083173091767
            ],
            [
              143.10090746284837,
              12.318015746160397
            ],
            [
              143.236917315147,
              12.399358927512175
            ],
            [
              143.03298187066392,
              12.556423687073687
            ],
            [
              143.09047390124024,
              12.749784877215768
            ],
            [
              143.60697601620984,
              12.653537094588037
            ]
          ]
        ]
      },
      "id": "a53e02a4-b438-4142-80aa-aad9f318b2b9"
    },
    {
      "type": "Feature",
      "properties": {
        "id": "20346f64-8db0-4198-aef1-67a7153d00f3",
        "name": "sketch424-1"
      },
      "geometry": {
        "type": "Polygon",
        "coordinates": [
          [
            [
              147.46083882338996,
              5.6657240346694095
            ],
            [
              147.6214922088403,
              5.81735434600582
            ],
            [
              147.82204794732743,
              5.598494465693084
            ],
            [
              147.52949685249382,
              5.418654239405171
            ],
            [
              147.518521767465,
              5.216362877109247
            ],
            [
              147.3122491204835,
              5.352561839254663
            ],
            [
              147.33299474489039,
              5.431682266996219
            ],
            [
              146.99168673302,
              5.576441411544048
            ],
            [
              147.41836453841643,
              5.624435736130547
            ],
            [
              147.21312590899308,
              5.9642298586168865
            ],
            [
              147.46083882338996,
              5.6657240346694095
            ]
          ]
        ]
      },
      "id": "20346f64-8db0-4198-aef1-67a7153d00f3"
    },
    {
      "type": "Feature",
      "properties": {
        "id": "d73cf3b3-9ed7-4568-ac14-5c43a1b9a8ad",
        "name": "sketch424-2"
      },
      "geometry": {
        "type": "Polygon",
        "coordinates": [
          [
            [
              156.02060734624143,
              6.847592176567997
            ],
            [
              156.07790716614443,
              6.7118992012342975
            ],
            [
              156.01574493156429,
              6.45435765387981
            ],
            [
              155.94832147861146,
              6.654431436900961
            ],
            [
              155.90042369665449,
              6.6954804566778785
            ],
            [
              155.95687156773806,
              6.775605699405962
            ],
            [
              155.88731486359416,
              6.767438161057847
            ],
            [
              155.8643443812688,
              6.803638310637432
            ],
            [
              155.5203075211361,
              6.939196694117741
            ],
            [
              155.87619828778892,
              7.199006340765261
            ],
            [
              156.02060734624143,
              6.847592176567997
            ]
          ]
        ]
      },
      "id": "d73cf3b3-9ed7-4568-ac14-5c43a1b9a8ad"
    },
    {
      "type": "Feature",
      "properties": {
        "id": "3ea15832-e04d-4e66-a40f-371f4719a30d",
        "name": "sketch424-3"
      },
      "geometry": {
        "type": "Polygon",
        "coordinates": [
          [
            [
              136.41138151799512,
              0.6738816544523107
            ],
            [
              136.72977175736122,
              0.7175411522943721
            ],
            [
              136.66047642102922,
              0.3882260091190879
            ],
            [
              136.50430000075133,
              0.43581728344742443
            ],
            [
              136.27126991603785,
              0.3269152227589423
            ],
            [
              136.2714792647728,
              0.5875012308671995
            ],
            [
              136.2063369677206,
              0.7157828984262045
            ],
            [
              136.07230516238494,
              0.8951749332720733
            ],
            [
              136.21082248658666,
              0.9024297863232291
            ],
            [
              136.32216914384372,
              0.6684160515217187
            ],
            [
              136.41138151799512,
              0.6738816544523107
            ]
          ]
        ]
      },
      "id": "3ea15832-e04d-4e66-a40f-371f4719a30d"
    }
  ],
  "bbox": [
    136.07230516238494,
    0.3269152227589423,
    156.07790716614443,
    12.749784877215768
  ]
}
