{
  "type": "FeatureCollection",
  "features": [
    {
      "type": "Feature",
      "properties": {
        "id": "a311aacb-0e55-46ea-aaa7-08f331b5877c",
        "name": "sketch260-0"
      },
      "geometry": {
        "type": "Polygon",
        "coordinates": [
          [
            [
              159.58252644782485,
              9.847530708550405
            ],
            [
              159.42065464551953,
              9.748339744127703
            ],
            [
              159.467309027795,
              9.690108445606823
            ],
            [
              159.29678271617007,
              9.306477098951701
            ],
            [
              159.39502091973097,
              9.755086917179753
            ],
            [
              159.18159296231363,
              9.671682410391563
            ],
            [
              158.97790573350088,
              9.721787047504442
            ],
            [
              159.04855492395748,
              9.96134862527945
            ],
            [
              159.23079949499567,
              9.866904816974786
            ],
            [
              159.1358577095549,
              10.146185235249895
            ],
            [
              159.58252644782485,
              9.847530708550405
            ]
          ]
        ]
      },
      "id": "a311aacb-0e55-46ea-aaa7-08f331b5877c"
    },
    {
      "type": "Feature",
      "properties": {
        "id": "796560e9-ceb1-450b-8752-06e7d9247768",
        "name": "sketch260-1"
      },
      "geometry": {
        "type": "Polygon",
        "coordinates": [
          [
            [
              148.59251565715437,
              9.229420326662618
            ],
            [
              148.61759063426805,
              9.231864447004705
            ],
            [
              149.00294952788812,
              9.139260943286196
            ],
            [
              148.89828039996095,
              8.76033253189113
            ],
            [
              148.72934623469095,
              8.622147654437779
            ],
            [
              148.5049784171125,
              8.652586947873933
            ],
            [
              148.43119706274095,
              8.910047519452318
            ],
            [
              148.07658961517635,
              9.034766788655105
            ],
            [
              148.442800866943,
              9.139471534603853
            ],
            [
              148.50089582301763,
              9.090507672438243
            ],
            [
              148.59251565715437,
              9.229420326662618
            ]
          ]
        ]
      },
      "id": "796560e9-ceb1-450b-8752-06e7d9247768"
    },
    {
      "type": "Feature",
      "properties": {
        "id": "9aae9e76-059e-40f4-a050-3178499def48",
        "name": "sketch260-2"
      },
      "geometry": {
        "type": "Polygon",
        "coordinates": [
          [
            [
              140.69530803664486,
              3.292053603178508
            ],
            [
              140.74476588240228,
              3.4970821431879164
            ],
            [
              141.14065612793425,
              3.1246124148298233
            ],
            [
              140.85302214200908,
              2.8720966361399203
            ],
            [
              140.54312786541405,
              2.6443104820051513
            ],
            [
              140.52969196861952,
              2.840457924921674
            ],
            [
              140.33693206507485,
              2.840202662848404
            ],
            [
              140.37898941007256,
              3.2185879783648823
            ],
            [
              140.53944489335413,
              3.146021900380716
            ],
            [
              140.3687711337528,
              3.3261539649518137
            ],
            [
              140.69530803664486,
              3.292053603178508
            ]
          ]
        ]
      },
      "id": "9aae9e76-059e-40f4-a050-3178499def48"
    },
    {
      "type": "Feature",
      "properties": {
        "id": "1d32f3de-4405-453e-9181-701af813efde",
        "name": "sketch260-3"
      },
      "geometry": {
        "type": "Polygon",
        "coordinates": [
          [
            [
              136.7821782176932,
              7.086315825525585
            ],
            [
              136.97279616300943,
              7.2075768817898025
            ],
            [
              137.1942827061516,
              7.329915454655665
            ],
            [
              137.24576549732396,
              7.138849155544192
            ],
            [
              136.7825615382394,
              7.061631925177198
            ],
            [
              136.85623636416707,
              6.960787012774141
            ],
            [
              136.77901003327477,
              6.750504136636539
            ],
            [
              136.7317901621014,
              7.0129990917344855
            ],
            [
              136.45505304335782,
              7.027565720150451
            ],
            [
              136.66822320749105,
              7.156432081871315
            ],
            [
              136.7821782176932,
              7.086315825525585
            ]
          ]
        ]
      },
      "id": "1d32f3de-4405-453e-9181-701af813efde"
    },
    {
      "type": "Feature",
      "properties": {
        "id": "0798edd6-cd16-4435-9501-b182f096220d",
        "name": "sketch260-4"
      },
      "geometry": {
        "type": "Polygon",
        "coordinates": [
          [
            [
              164.2220108453757,
              7.778836115780445
            ],
            [
              164.41453905782026,
              7.79756999095809
            ],
            [
              164.24520371915625,
              7.588974444591503
            ],
            [
              164.5822853410604,
              7.586084219257598
            ],
            [
              164.38833021668466,
              7.317430271597761
            ],
            [
              164.27668374604383,
              7.472177733905274
            ],
            [
              164.0905354358377,
              7.367382575164825
            ],
            [
              163.71654006936024,
              7.561943011469392
            ],
            [
              163.94608172012732,
              7.655774475208361
            ],
            [
              164.1737405883957,
              7.603699271520475
            ],
            [
              164.2220108453757,
              7.778836115780445
            ]
          ]
        ]
      },
      "id": "0798edd6-cd16-4435-9501-b182f096220d"
    },
    {
      "type": "Feature",
      "properties": {
        "id": "aca55b1e-526d-49cf-a3e9-fb58088c4aa3",
        "name": "sketch260-5"
      },
      "geometry": {
        "type": "Polygon",
        "coordinates": [
          [
            [
              145.25016986270342,
              7.1877890618933415
            ],
            [
              145.22326109090403,
              6.828958682602155
            ],
            [
              145.19515713779316,
              6.796362203700818
            ],
            [
              145.5997896246869,
              6.567318576903819
            ],
            [
              145.425497898292,
              6.585182232661794
            ],
            [
              145.19279428542666,
              6.687710432895536
            ],
            [
              145.04584245737195,
              6.323000996394136
            ],
            [
              145.18223988788188,
              6.782151906929185
            ],
            [
              144.89890835762785,
              6.719124464306487
            ],
            [
              145.02643610805177,
              6.891355550636197
            ],
            [
              145.25016986270342,
              7.1877890618933415
            ]
          ]
        ]
      },
      "id": "aca55b1e-526d-49cf-a3e9-fb58088c4aa3"
    },
    {
      "type": "Feature",
      "properties": {
        "id": "1c9c9d69-631a-470b-b0e4-91f004f2ceae",
        "name": "sketch260-6"
      },
      "geometry": {
        "type": "Polygon",
        "coordinates": [
          [
            [
              146.4230977236239,
              0.5306383954550233
            ],
            [
              146.31083247166526,
              0.19659566254676203
            ],
            [
              146.6138797014425,
              0.06688642718200488
            ],
            [
              146.2338424189076,
              -0.15650117877773406
            ],
            [
              146.1525846267739,
              -0.014967680479868059
            ],
            [
              146.10222480271844,
              -0.11688083010295083
            ],
            [
              146.1213004152108,
              -0.02366167640169542
            ],
            [
              145.77749614768555,
              -0.019779256060956332
            ],
            [
              146.14471642553008,
              0.11998735038021655
            ],
            [
              145.91899794017957,
              0.32438171494751966
            ],
            [
              146.4230977236239,
              0.5306383954550233
            ]
          ]
        ]
      },
      "id": "1c9c9d69-631a-470b-b0e4-91f004f2ceae"
    },
    {
      "type": "Feature",
      "properties": {
        "id": "a4152289-4759-438d-9cfb-d37da17f626c",
        "name": "sketch260-7"
      },
      "geometry": {
        "type": "Polygon",
        "coordinates": [
          [
            [
              149.8750125136357,
              2.5605750312769455
            ],
            [
              149.9764397018885,
              2.501764515948615
            ],
            [
              150.17018469797048,
              2.471211467139825
            ],
            [
              149.9603639562722,
              2.331064235450081
            ],
            [
              150.00173892783337,
              2.2093839110494735
            ],
            [
              149.75798389457174,
              2.092974799654659
            ],
            [
              149.69479637188388,
              2.3624531027878137
            ],
            [
              149.43180455552357,
              2.3709821886625724
            ],
            [
              149.53773359900813,
              2.533628954446793
            ],
            [
              149.79238058639206,
              2.483836294921214
            ],
            [
              149.8750125136357,
              2.5605750312769455
            ]
          ]
        ]
      },
      "id": "a4152289-4759-438d-9cfb-d37da17f626c"
    },
    {
      "type": "Feature",
      "properties": {
        "id": "48253619-1ef2-4bc6-9617-80045e3d0649",
        "name": "sketch260-8"
      },
      "geometry": {
        "type": "Polygon",
        "coordinates": [
          [
            [
              160.51968979468228,
              9.942338431544806
            ],
            [
              160.62989440749746,
              9.902073159662644
            ],
            [
              160.76594044276584,
              9.74869662387687
            ],
            [
              160.48773270704487,
              9.638818324822216
            ],
            [
              160.47396834164263,
              9.767485285168762
            ],
            [
              160.4228902220343,
              9.696828481419187
            ],
            [
              160.32885015591967,
              9.837399946562266
            ],
            [
              160.0874090187662,
              9.846334204582794
            ],
            [
              160.29106656996166,
              9.983448331264135
            ],
            [
              160.50683959140235,
              9.947178426232195
            ],
            [
              160.51968979468228,
              9.942338431544806
            ]
          ]
        ]
      },
      "id": "48253619-1ef2-4bc6-9617-80045e3d0649"
    },
    {
      "type": "Feature",
      "properties": {
        "id": "c8f4121d-be34-43d9-ac35-99cdb24430bf",
        "name": "sketch260-9"
      },
      "geometry": {
        "type": "Polygon",
        "coordinates": [
          [
            [
              157.40376338010182,
              11.610628024010738
            ],
            [
              157.46569848563675,
              11.43727482994222
            ],
            [
              157.527386214151,
              11.384390684990775
            ],
            [
              157.4941740906044,
              11.283488727700004
            ],
            [
              157.51172172373356,
              11.197655316685593
            ],
            [
              157.2003274563658,
              10.931290890883371
            ],
            [
              157.1647816243938,
              11.150533143944825
            ],
            [
              157.32347896703658,
              11.390502293697953
            ],
            [
              157.21962429429135,
              11.608606805385548
            ],
            [
              157.40066183731224,
              11.748778568076574
            ],
            [
              157.40376338010182,
              11.610628024010738
            ]
          ]
        ]
      },
      "id": "c8f4121d-be34-43d9-ac35-99cdb24430bf"
    }
  ],
  "bbox": [
    136.45505304335782,
    -0.15650117877773406,
    164.5822853410604,
    11.748778568076574
  ]
}
