{
  "type": "FeatureCollection",
  "features": [
    {
      "type": "Feature",
      "properties": {
        "id": "f197c8a9-368f-4dec-affd-bbec8b74e4a7",
        "name": "sketch84-0"
      },
      "geometry": {
        "type": "Polygon",
        "coordinates": [
          [
            [
              160.43599836136033,
              2.5812316664208805
            ],
            [
              160.440476858004,
              2.474511567990981
            ],
            [
              160.48197602768863,
              2.55082529631959
            ],
            [
              160.49493053733286,
              2.331409475167635
            ],
            [
              160.57175109501475,
              2.3564419713303786
            ],
            [
              160.88839826537796,
              2.1690513512607748
            ],
            [
              160.70538045164986,
              1.9065748432761063
            ],
            [
              160.41450191280157,
              2.2704351265024494
            ],
            [
              160.31371612225658,
              2.2915513698761867
            ],
            [
              160.1698667927104,
              2.6783861606333623
            ],
            [
              160.43599836136033,
              2.5812316664208805
            ]
          ]
        ]
      },
      "id": "f197c8a9-368f-4dec-affd-bbec8b74e4a7"
    },
    {
      "type": "Feature",
      "properties": {
        "id": "1ba8bb59-1ff7-4118-88e4-518f53eef079",
        "name": "sketch84-1"
      },
      "geometry": {
        "type": "Polygon",
        "coordinates": [
          [
            [
              153.57023367695453,
              3.841487840430462
            ],
            [
              153.59499835848484,
              3.7684548763174366
            ],
            [
              153.66782978080354,
              3.67219180052194
            ],
            [
              153.67685903628802,
              3.573613533925119
            ],
            [
              153.6190286119818,
              3.582286970599659
            ],
            [
              153.64131254449435,
              3.293129472693093
            ],
            [
              153.3483323708896,
              3.3046795555963695
            ],
            [
              153.47984961566624,
              3.6884168813763347
            ],
            [
              153.38633897123165,
              3.6943626100045095
            ],
            [
              153.45190845938933,
              3.742137131817608
            ],
            [
              153.57023367695453,
              3.841487840430462
            ]
          ]
        ]
      },
      "id": "1ba8bb59-1ff7-4118-88e4-518f53eef079"
    },
    {
      "type": "Feature",
      "properties": {
        "id": "b0f6293d-5911-43e9-9ab7-46d557b8114f",
        "name": "sketch84-2"
      },
      "geometry": {
        "type": "Polygon",
        "coordinates": [
          [
            [
              154.66018345324886,
              13.179252475953561
            ],
            [
              154.78392280483843,
              13.270820955643432
            ],
            [
              155.05148560043762,
              13.423909677176363
            ],
            [
              155.12289319601226,
              13.028793587406337
            ],
            [
              154.93480209657585,
              12.76991698446447
            ],
            [
              154.67745088863003,
              13.045762992646894
            ],
            [
              154.60378471873153,
              13.0213086791394
            ],
            [
              154.418606120388,
              12.982284622556683
            ],
            [
              154.53884095791358,
              13.124293013649472
            ],
            [
              154.34271359467664,
              13.442033546844522
            ],
            [
              154.66018345324886,
              13.179252475953561
            ]
          ]
        ]
      },
      "id": "b0f6293d-5911-43e9-9ab7-46d557b8114f"
    },
    {
      "type": "Feature",
      "properties": {
        "id": "648d7f1d-6953-4841-bae3-6e837123a3be",
        "name": "sketch84-3"
      },
      "geometry": {
        "type": "Polygon",
        "coordinates": [
          [
            [
              137.46103590220133,
              1.920246668689669
            ],
            [
              137.49945400831984,
              1.8566684689826631
            ],
            [
              137.58782753656166,
              1.8329029667275785
            ],
            [
              137.7150096243637,
              1.476090915997759
            ],
            [
              137.47040741561196,
              1.7141683088574688
            ],
            [
              137.28455219822933,
              1.4837145567687895
            ],
            [
              137.22679987427122,
              1.505098867513941
            ],
            [
              137.43378283692437,
              1.8488942434565938
            ],
            [
              137.44136714407918,
              1.8622049300289283
            ],
            [
              137.29801911872087,
              2.0674715516557396
            ],
            [
              137.46103590220133,
              1.920246668689669
            ]
          ]
        ]
      },
      "id": "648d7f1d-6953-4841-bae3-6e837123a3be"
    }
  ],
  "bbox": [
    137.22679987427122,
    1.476090915997759,
    160.88839826537796,
    13.442033546844522
  ]
}
