{
  "type": "FeatureCollection",
  "features": [
    {
      "type": "Feature",
      "properties": {
        "id": "ffb6971a-eabf-452c-a104-78d18adff4fb",
        "name": "sketch189-0"
      },
      "geometry": {
        "type": "Polygon",
        "coordinates": [
          [
            [
              151.6555203939983,
              3.578397857717837
            ],
            [
              151.90518340496777,
              3.6547181092067933
            ],
            [
              151.6452901477444,
              3.443447607220924
            ],
            [
              151.7008098356687,
              3.3063211755036277
            ],
            [
              151.77405825398984,
              3.1125903437739066
            ],
            [
              151.4754268383786,
              2.9175180390455226
            ],
            [
              151.41075650905395,
              3.291027784624699
            ],
            [
              151.45754535915472,
              3.3315905305193168
            ],
            [
              151.1211095321085,
              3.4288230448371455
            ],
            [
              151.31616489661258,
              3.522457629571827
            ],
            [
              151.6555203939983,
              3.578397857717837
            ]
          ]
        ]
      },
      "id": "ffb6971a-eabf-452c-a104-78d18adff4fb"
    },
    {
      "type": "Feature",
      "properties": {
        "id": "7871700d-557f-449a-9d0a-eeadc600f2ee",
        "name": "sketch189-1"
      },
      "geometry": {
        "type": "Polygon",
        "coordinates": [
          [
            [
              136.40825727232314,
              10.989981921925825
            ],
            [
              136.48685434870353,
              10.826644883026056
            ],
            [
              136.39471710082074,
              10.722314590725135
            ],
            [
              136.49148540803768,
              10.766039903243911
            ],
            [
              136.67408004891183,
              10.675140218672679
            ],
            [
              136.4424685834053,
              10.58220221397144
            ],
            [
              136.31909362054438,
              10.4697030167782
            ],
            [
              136.15553448887644,
              10.259383277838245
            ],
            [
              135.96864901196267,
              10.650382641630532
            ],
            [
              136.16962935959648,
              10.87180334848935
            ],
            [
              136.40825727232314,
              10.989981921925825
            ]
          ]
        ]
      },
      "id": "7871700d-557f-449a-9d0a-eeadc600f2ee"
    },
    {
      "type": "Feature",
      "properties": {
        "id": "285fce6a-f356-4c6a-92d3-c5baeb1bd3c6",
        "name": "sketch189-2"
      },
      "geometry": {
        "type": "Polygon",
        "coordinates": [
          [
            [
              156.59162337671157,
              4.60384172714979
            ],
            [
              156.72587900720862,
              4.403118689374833
            ],
            [
              156.66707485584143,
              4.195846010936946
            ],
            [
              156.6843525594336,
              4.12537630131328
            ],
            [
              156.3470194625174,
              4.294082791727138
            ],
            [
              156.33944927702385,
              4.3637778527279
            ],
            [
              156.1287627286314,
              4.26790873222188
            ],
            [
              156.1203653767005,
              4.73029055253021
            ],
            [
              156.40774823281868,
              4.552160329419074
            ],
            [
              156.3101446559513,
              4.734894276738978
            ],
            [
              156.59162337671157,
              4.60384172714979
            ]
          ]
        ]
      },
      "id": "285fce6a-f356-4c6a-92d3-c5baeb1bd3c6"
    },
    {
      "type": "Feature",
      "properties": {
        "id": "412b321e-78bc-400a-9e8c-0804e8915453",
        "name": "sketch189-3"
      },
      "geometry": {
        "type": "Polygon",
        "coordinates": [
          [
            [
              154.63123993690454,
              8.312756853280142
            ],
            [
              154.78853370018274,
              8.487725597685133
            ],
            [
              154.86496362333662,
              8.286214217745108
            ],
            [
              154.95642129375108,
              8.046066915939205
            ],
            [
              154.67806480248257,
              7.969703511432553
            ],
            [
              154.62283872845973,
              8.215801226292765
            ],
            [
              154.60052581263326,
              8.18441536059254
            ],
            [
              154.53919298100894,
              8.25039770949667
            ],
            [
              154.5698577887247,
              8.278395623462632
            ],
            [
              154.29859042811398,
              8.620228635773826
            ],
            [
              154.63123993690454,
              8.312756853280142
            ]
          ]
        ]
      },
      "id": "412b321e-78bc-400a-9e8c-0804e8915453"
    },
    {
      "type": "Feature",
      "properties": {
        "id": "7257c7ab-896a-4a2c-9d41-4ab3db3ce5e0",
        "name": "sketch189-4"
      },
      "geometry": {
        "type": "Polygon",
        "coordinates": [
          [
            [
              162.2157058798805,
              1.0460920762181114
            ],
            [
              162.4411311082254,
              1.1882005207547428
            ],
            [
              162.54068731774697,
              1.035138434370737
            ],
            [
              162.56803386633754,
              0.957783935126993
            ],
            [
              162.49877814790028,
              0.6462575380832143
            ],
            [
              162.24552542682142,
              0.8642688103423691
            ],
            [
              162.1366531606675,
              0.9252744360680463
            ],
            [
              161.9119566344606,
              0.9164827187949521
            ],
            [
              161.84428797543805,
              1.106065341917849
            ],
            [
              161.99713987196327,
              1.2894170149936877
            ],
            [
              162.2157058798805,
              1.0460920762181114
            ]
          ]
        ]
      },
      "id": "7257c7ab-896a-4a2c-9d41-4ab3db3ce5e0"
    },
    {
      "type": "Feature",
      "properties": {
        "id": "613e4a8c-d01b-408b-b94e-cc877029ceb3",
        "name": "sketch189-5"
      },
      "geometry": {
        "type": "Polygon",
        "coordinates": [
          [
            [
              141.76527669086715,
              -0.9488887930546278
            ],
            [
              141.8111672991828,
              -1.0480507241449732
            ],
            [
              141.97638777191435,
              -1.0251907758900223
            ],
            [
              141.74951663127925,
              -1.1012861107997802
            ],
            [
              141.93441097316392,
              -1.38727774328869
            ],
            [
              141.66592365223894,
              -1.103704180739446
            ],
            [
              141.55990885310246,
              -1.2566842928268986
            ],
            [
              141.29281621809267,
              -1.2220987769965124
            ],
            [
              141.31864527735024,
              -1.0321164148932611
            ],
            [
              141.46948502719874,
              -0.7735602153932064
            ],
            [
              141.76527669086715,
              -0.9488887930546278
            ]
          ]
        ]
      },
      "id": "613e4a8c-d01b-408b-b94e-cc877029ceb3"
    },
    {
      "type": "Feature",
      "properties": {
        "id": "ce25f57e-36cd-4a1d-b063-5331fe194eec",
        "name": "sketch189-6"
      },
      "geometry": {
        "type": "Polygon",
        "coordinates": [
          [
            [
              157.01748339861572,
              9.127415916070476
            ],
            [
              156.96527434253153,
              9.021314665767813
            ],
            [
              157.102801009471,
              8.887740559257141
            ],
            [
              157.02964972410948,
              8.650143274401408
            ],
            [
              156.8721466097318,
              8.920039802582771
            ],
            [
              156.86010766642715,
              8.933732615803883
            ],
            [
              156.9121075180413,
              8.988105412473285
            ],
            [
              156.74602210236029,
              8.955391407162821
            ],
            [
              156.85004735096007,
              8.991391532695431
            ],
            [
              156.85480572183795,
              9.05955562719741
            ],
            [
              157.01748339861572,
              9.127415916070476
            ]
          ]
        ]
      },
      "id": "ce25f57e-36cd-4a1d-b063-5331fe194eec"
    },
    {
      "type": "Feature",
      "properties": {
        "id": "f9592d41-c2af-47ab-bb9e-5e5a485f54c7",
        "name": "sketch189-7"
      },
      "geometry": {
        "type": "Polygon",
        "coordinates": [
          [
            [
              155.32701368963637,
              11.606630052299648
            ],
            [
              155.69703846481383,
              11.504330401726406
            ],
            [
              155.26958692698767,
              11.489269411924356
            ],
            [
              155.40947220186914,
              11.36861857070682
            ],
            [
              155.237796404314,
              11.162945111523022
            ],
            [
              155.08898283268448,
              11.40548066814872
            ],
            [
              155.19606704771132,
              11.475181332721291
            ],
            [
              154.94685418381476,
              11.459184042376068
            ],
            [
              154.88355729635876,
              11.545970896655719
            ],
            [
              154.93783728751905,
              11.764566280626216
            ],
            [
              155.32701368963637,
              11.606630052299648
            ]
          ]
        ]
      },
      "id": "f9592d41-c2af-47ab-bb9e-5e5a485f54c7"
    },
    {
      "type": "Feature",
      "properties": {
        "id": "ed4ed24a-2020-4851-97b1-80e736fa832d",
        "name": "sketch189-8"
      },
      "geometry": {
        "type": "Polygon",
        "coordinates": [
          [
            [
              145.44880484815542,
              -0.2077569139907276
            ],
            [
              145.22743358806397,
              -0.4845317557843845
            ],
            [
              145.2644024763603,
              -0.4896767494051037
            ],
            [
              145.23312393211648,
              -0.5411184896689933
            ],
            [
              145.25497444877203,
              -0.7303205794787977
            ],
            [
              145.12314377056077,
              -0.6011046690076449
            ],
            [
              144.8003566796493,
              -0.7937390926095208
            ],
            [
              144.9722992723249,
              -0.6357617345175461
            ],
            [
              145.05605280838546,
              -0.48650951795321973
            ],
            [
              145.01033408508084,
              -0.17665212696661914
            ],
            [
              145.44880484815542,
              -0.2077569139907276
            ]
          ]
        ]
      },
      "id": "ed4ed24a-2020-4851-97b1-80e736fa832d"
    }
  ],
  "bbox": [
    135.96864901196267,
    -1.38727774328869,
    162.56803386633754,
    11.764566280626216
  ]
}
