{
  "type": "FeatureCollection",
  "features": [
    {
      "type": "Feature",
      "properties": {
        "id": "ddaffa70-19a8-48c7-8dbd-dc5fe60099ce",
        "name": "sketch18-0"
      },
      "geometry": {
        "type": "Polygon",
        "coordinates": [
          [
            [
              158.39831250760218,
              3.703616697483018
            ],
            [
              158.2944426731664,
              3.397381645084135
            ],
            [
              158.31548384666905,
              3.289351894478554
            ],
            [
              158.1777162615606,
              3.3166708287324194
            ],
            [
              158.12300739521564,
              3.0623411147016046
            ],
            [
              158.16129631076578,
              3.3428557163166817
            ],
            [
              158.0482797719082,
              3.29530480668533
            ],
            [
              158.11304361177307,
              3.3679111399014254
            ],
            [
              158.10391638282678,
              3.4756605767999895
            ],
            [
              158.11822965419617,
              3.7663222637354634
            ],
            [
              158.39831250760218,
              3.703616697483018
            ]
          ]
        ]
      },
      "id": "ddaffa70-19a8-48c7-8dbd-dc5fe60099ce"
    },
    {
      "type": "Feature",
      "properties": {
        "id": "864f148d-e83f-486d-ad10-0dc0b0b19168",
        "name": "sketch18-1"
      },
      "geometry": {
        "type": "Polygon",
        "coordinates": [
          [
            [
              162.40917171690052,
              12.613044534590912
            ],
            [
              162.3684166253682,
              12.415037500406081
            ],
            [
              162.539627621203,
              12.365949835911547
            ],
            [
              162.53950986354218,
              12.076650352789438
            ],
            [
              162.32218125088173,
              12.278462418845185
            ],
            [
              162.02217619638557,
              12.100180528830874
            ],
            [
              162.173932228164,
              12.368927431506219
            ],
            [
              162.13044627142017,
              12.562882608970956
            ],
            [
              162.23821509537066,
              12.498716122506899
            ],
            [
              162.08854754468769,
              12.684070614646156
            ],
            [
              162.40917171690052,
              12.613044534590912
            ]
          ]
        ]
      },
      "id": "864f148d-e83f-486d-ad10-0dc0b0b19168"
    },
    {
      "type": "Feature",
      "properties": {
        "id": "de2c62c4-b202-4ddd-808a-22b29c346c71",
        "name": "sketch18-2"
      },
      "geometry": {
        "type": "Polygon",
        "coordinates": [
          [
            [
              155.71214435375506,
              -0.3744039169017993
            ],
            [
              155.72692727326364,
              -0.46415791039248455
            ],
            [
              155.9370040610052,
              -0.31909465830308664
            ],
            [
              155.80972716547024,
              -0.49859026122205363
            ],
            [
              155.9775894110982,
              -0.3891593340516408
            ],
            [
              155.8692978244783,
              -0.7764248532859455
            ],
            [
              155.86153805256762,
              -0.9103714359219022
            ],
            [
              155.50865791601936,
              -0.9052144624143443
            ],
            [
              155.43133640922792,
              -0.5409170746359728
            ],
            [
              155.44523592737062,
              -0.4701899243249369
            ],
            [
              155.71214435375506,
              -0.3744039169017993
            ]
          ]
        ]
      },
      "id": "de2c62c4-b202-4ddd-808a-22b29c346c71"
    },
    {
      "type": "Feature",
      "properties": {
        "id": "1a1f79bb-c2a3-4db0-9312-3ed956f20538",
        "name": "sketch18-3"
      },
      "geometry": {
        "type": "Polygon",
        "coordinates": [
          [
            [
              146.23953298058797,
              3.3387672254739917
            ],
            [
              146.27697608184334,
              3.2491614588367836
            ],
            [
              146.29609184387593,
              3.070944479675697
            ],
            [
              146.2456814171729,
              2.972216669433313
            ],
            [
              146.2857329082147,
              2.788912625765653
            ],
            [
              146.14405244537025,
              2.653937244334297
            ],
            [
              145.8448064646959,
              2.9146195148951275
            ],
            [
              146.03483004563688,
              3.061101544575813
            ],
            [
              146.11743759795078,
              3.1178330071013622
            ],
            [
              146.05537955144783,
              3.2828179066923324
            ],
            [
              146.23953298058797,
              3.3387672254739917
            ]
          ]
        ]
      },
      "id": "1a1f79bb-c2a3-4db0-9312-3ed956f20538"
    },
    {
      "type": "Feature",
      "properties": {
        "id": "b9aa1bce-b6f2-48b2-8814-aa914be92405",
        "name": "sketch18-4"
      },
      "geometry": {
        "type": "Polygon",
        "coordinates": [
          [
            [
              144.6800204203817,
              11.164273453131853
            ],
            [
              144.8063834485961,
              10.951486604698445
            ],
            [
              144.64250412600987,
              10.770253989561827
            ],
            [
              144.79221363363214,
              10.416574543878358
            ],
            [
              144.51146706233007,
              10.468348857036476
            ],
            [
              144.4612487135105,
              10.737152800606296
            ],
            [
              144.48836764947245,
              10.77892549425724
            ],
            [
              144.06245647682692,
              10.589588003726282
            ],
            [
              144.4700408472952,
              10.801231473626235
            ],
            [
              144.48960667208186,
              10.810614973651951
            ],
            [
              144.6800204203817,
              11.164273453131853
            ]
          ]
        ]
      },
      "id": "b9aa1bce-b6f2-48b2-8814-aa914be92405"
    },
    {
      "type": "Feature",
      "properties": {
        "id": "e257bb53-88d8-4414-a26c-11e0f3312f2d",
        "name": "sketch18-5"
      },
      "geometry": {
        "type": "Polygon",
        "coordinates": [
          [
            [
              152.41137023660906,
              11.645056588108526
            ],
            [
              152.76940690962695,
              11.68708590000157
            ],
            [
              152.62231532700585,
              11.399632489914326
            ],
            [
              152.4484808623316,
              11.545798707195019
            ],
            [
              152.54992713110542,
              11.171080760632348
            ],
            [
              152.48750119525155,
              11.249506493240833
            ],
            [
              152.33582778311396,
              11.180817352265443
            ],
            [
              152.1015533184691,
              11.43249519339583
            ],
            [
              152.3634949221375,
              11.651607953204639
            ],
            [
              152.2730112943975,
              11.825933938421763
            ],
            [
              152.41137023660906,
              11.645056588108526
            ]
          ]
        ]
      },
      "id": "e257bb53-88d8-4414-a26c-11e0f3312f2d"
    },
    {
      "type": "Feature",
      "properties": {
        "id": "e1653529-fcb5-458f-a986-6f4e47028e13",
        "name": "sketch18-6"
      },
      "geometry": {
        "type": "Polygon",
        "coordinates": [
          [
            [
              155.47921425364194,
              2.1051131972306534
            ],
            [
              155.4861425422923,
              2.067180608869375
            ],
            [
              155.4678918195384,
              1.9834561807887707
            ],
            [
              155.41342195965018,
              1.8380931744079145
            ],
            [
              155.3170826858768,
              1.9398649262351209
            ],
            [
              155.3176239934559,
              1.962271259440913
            ],
            [
              155.25790393996684,
              1.72852284604534
            ],
            [
              155.28908758134804,
              1.9155591378757775
            ],
            [
              155.0834632920232,
              1.6442120294910925
            ],
            [
              155.18683287326374,
              2.038901333727914
            ],
            [
              155.47921425364194,
              2.1051131972306534
            ]
          ]
        ]
      },
      "id": "e1653529-fcb5-458f-a986-6f4e47028e13"
    },
    {
      "type": "Feature",
      "properties": {
        "id": "8a7b3d4b-35df-4d88-b158-bded87b3825c",
        "name": "sketch18-7"
      },
      "geometry": {
        "type": "Polygon",
        "coordinates": [
          [
            [
              148.0093175685139,
              5.434185109332081
            ],
            [
              148.26988347960898,
              5.436438768301431
            ],
            [
              148.4635891197871,
              5.189557661307828
            ],
            [
              148.2328537505655,
              5.137410880876808
            ],
            [
              147.99525096232986,
              4.888035769676076
            ],
            [
              147.90286112062896,
              5.268362252278584
            ],
            [
              147.7762611652999,
              5.26902544815689
            ],
            [
              147.97292171086738,
              5.348573101298671
            ],
            [
              147.83608368319392,
              5.491410228175064
            ],
            [
              147.9778433865994,
              5.376850924720958
            ],
            [
              148.0093175685139,
              5.434185109332081
            ]
          ]
        ]
      },
      "id": "8a7b3d4b-35df-4d88-b158-bded87b3825c"
    }
  ],
  "bbox": [
    144.06245647682692,
    -0.9103714359219022,
    162.539627621203,
    12.684070614646156
  ]
}
