{
  "type": "FeatureCollection",
  "features": [
    {
      "type": "Feature",
      "properties": {
        "id": "10c20ae2-435f-410b-a742-da033e62ff31",
        "name": "sketch134-0"
      },
      "geometry": {
        "type": "Polygon",
        "coordinates": [
          [
            [
              136.37954789179133,
              11.236184910011325
            ],
            [
              136.59647568217392,
              11.01519409558001
            ],
            [
              136.6528262146701,
              10.737560676863508
            ],
            [
              136.47531542830757,
              10.802120991764143
            ],
            [
              136.4730058572311,
              10.417692442232763
            ],
            [
              136.0697111720135,
              10.525702887961575
            ],
            [
              135.88473418669233,
              10.829486623926146
            ],
            [
              136.23849500320276,
              10.88290913073484
            ],
            [
              136.17275673653597,
              11.037581046342641
            ],
            [
              136.25125275863684,
              11.003731198142836
            ],
            [
              136.37954789179133,
              11.236184910011325
            ]
          ]
        ]
      },
      "id": "10c20ae2-435f-410b-a742-da033e62ff31"
    },
    {
      "type": "Feature",
      "properties": {
        "id": "8776f6a4-0ae0-4fd8-8ccd-91a703b58c97",
        "name": "sketch134-1"
      },
      "geometry": {
        "type": "Polygon",
        "coordinates": [
          [
            [
              136.41018748881496,
              8.964023298540528
            ],
            [
              136.7182209457184,
              8.928011394724452
            ],
            [
              136.43913244814604,
              8.752172873076399
            ],
            [
              136.5084166992589,
              8.72375697152518
            ],
            [
              136.33942016894798,
              8.615431453698266
            ],
            [
              136.16500631767727,
              8.66867172863031
            ],
            [
              135.8956418145614,
              8.678003102477524
            ],
            [
              136.20554380056956,
              8.869814298387261
            ],
            [
              136.13735687728683,
              8.922214721211155
            ],
            [
              136.29181020873486,
              8.859484524919374
            ],
            [
              136.41018748881496,
              8.964023298540528
            ]
          ]
        ]
      },
      "id": "8776f6a4-0ae0-4fd8-8ccd-91a703b58c97"
    },
    {
      "type": "Feature",
      "properties": {
        "id": "2c2928ae-8cc0-4194-87e7-ff020442a156",
        "name": "sketch134-2"
      },
      "geometry": {
        "type": "Polygon",
        "coordinates": [
          [
            [
              139.61601103143104,
              6.34017981826002
            ],
            [
              139.78736631279364,
              6.323383023825159
            ],
            [
              139.68761626139968,
              6.220666852635888
            ],
            [
              139.60828888245086,
              6.033677506853138
            ],
            [
              139.41657335242294,
              6.062000714820761
            ],
            [
              139.31833309367397,
              5.991701077662821
            ],
            [
              139.08592096760646,
              6.043768153538088
            ],
            [
              139.06894354735516,
              6.058157778762372
            ],
            [
              139.4145893805907,
              6.284574239403033
            ],
            [
              139.44305575392437,
              6.29789666402967
            ],
            [
              139.61601103143104,
              6.34017981826002
            ]
          ]
        ]
      },
      "id": "2c2928ae-8cc0-4194-87e7-ff020442a156"
    },
    {
      "type": "Feature",
      "properties": {
        "id": "1563c456-3597-4600-9c32-7ceb3ea8d5be",
        "name": "sketch134-3"
      },
      "geometry": {
        "type": "Polygon",
        "coordinates": [
          [
            [
              147.5608769742629,
              4.284016081301011
            ],
            [
              147.89945434568372,
              4.185015397718843
            ],
            [
              147.71639361076535,
              3.806592506742256
            ],
            [
              147.57497564637723,
              3.713233327214241
            ],
            [
              147.50391219810433,
              3.8268935013393963
            ],
            [
              147.4246131265824,
              3.7931491304185863
            ],
            [
              147.48597881345415,
              3.881981182562551
            ],
            [
              147.16141877958125,
              3.799043172747505
            ],
            [
              147.09155547756518,
              4.079605430996584
            ],
            [
              147.22523360827032,
              4.068678461624814
            ],
            [
              147.5608769742629,
              4.284016081301011
            ]
          ]
        ]
      },
      "id": "1563c456-3597-4600-9c32-7ceb3ea8d5be"
    }
  ],
  "bbox": [
    135.88473418669233,
    3.713233327214241,
    147.89945434568372,
    11.236184910011325
  ]
}
