{
  "type": "FeatureCollection",
  "features": [
    {
      "type": "Feature",
      "properties": {
        "id": "16cabdc1-db00-481e-b2a6-d5748709a444",
        "name": "sketch53-0"
      },
      "geometry": {
        "type": "Polygon",
        "coordinates": [
          [
            [
              136.88333266448174,
              11.2538972723145
            ],
            [
              137.17674322914255,
              11.312383800701499
            ],
            [
              136.9720130013969,
              11.247198421214689
            ],
            [
              137.1775609821355,
              11.082784887746051
            ],
            [
              137.1463472679438,
              10.840767590993037
            ],
            [
              136.86382434370515,
              11.183862979251499
            ],
            [
              136.76147120168415,
              11.12338696906129
            ],
            [
              136.58661131723835,
              11.124627758808183
            ],
            [
              136.7417235814534,
              11.267225545067365
            ],
            [
              136.55991155770894,
              11.445829566009845
            ],
            [
              136.88333266448174,
              11.2538972723145
            ]
          ]
        ]
      },
      "id": "16cabdc1-db00-481e-b2a6-d5748709a444"
    },
    {
      "type": "Feature",
      "properties": {
        "id": "6be101c7-241b-4025-984a-7fc0f53813f6",
        "name": "sketch53-1"
      },
      "geometry": {
        "type": "Polygon",
        "coordinates": [
          [
            [
              137.2924860477252,
              13.76583840633764
            ],
            [
              137.46964909085182,
              13.607039091788709
            ],
            [
              137.54761507774626,
              13.59387620017397
            ],
            [
              137.35523084012442,
              13.254627586940796
            ],
            [
              137.43286075395716,
              13.078157597513073
            ],
            [
              137.15690462411308,
              13.407728442872992
            ],
            [
              137.13440729152438,
              13.422878771387948
            ],
            [
              136.76915868074883,
              13.334733989467463
            ],
            [
              137.06835806521573,
              13.465305825611873
            ],
            [
              137.13861565582232,
              13.443147402750963
            ],
            [
              137.2924860477252,
              13.76583840633764
            ]
          ]
        ]
      },
      "id": "6be101c7-241b-4025-984a-7fc0f53813f6"
    },
    {
      "type": "Feature",
      "properties": {
        "id": "ad0fdd66-91e8-4ccc-8ca4-07f381d17827",
        "name": "sketch53-2"
      },
      "geometry": {
        "type": "Polygon",
        "coordinates": [
          [
            [
              154.85751641185936,
              7.047437399503137
            ],
            [
              154.71345598756955,
              6.832963440541698
            ],
            [
              154.83050736835392,
              6.8653233581416755
            ],
            [
              154.84137922589426,
              6.729947060201321
            ],
            [
              154.77997043485485,
              6.536601074745535
            ],
            [
              154.69245358875384,
              6.595069665494314
            ],
            [
              154.51248149215186,
              6.638098110564494
            ],
            [
              154.53624347709254,
              6.745730651946177
            ],
            [
              154.35562495882198,
              6.998600153195238
            ],
            [
              154.65757177352404,
              6.8757017165144045
            ],
            [
              154.85751641185936,
              7.047437399503137
            ]
          ]
        ]
      },
      "id": "ad0fdd66-91e8-4ccc-8ca4-07f381d17827"
    }
  ],
  "bbox": [
    136.55991155770894,
    6.536601074745535,
    154.85751641185936,
    13.76583840633764
  ]
}
