{
  "type": "FeatureCollection",
  "features": [
    {
      "type": "Feature",
      "properties": {
        "id": "49e0d888-6031-4d0c-91da-308b35e566c8",
        "name": "sketch77-0"
      },
      "geometry": {
        "type": "Polygon",
        "coordinates": [
          [
            [
              143.28032017258266,
              -0.10712155955837113
            ],
            [
              143.55340077357815,
              -0.09533340261461126
            ],
            [
              143.2966894299603,
              -0.3123842111811043
            ],
            [
              143.22415627839337,
              -0.36340592260842564
            ],
            [
              143.1981686661917,
              -0.36189412964755935
            ],
            [
              143.12209406962762,
              -0.4089024533790202
            ],
            [
              142.75825925853343,
              -0.42361948766528573
            ],
            [
              142.84878050417075,
              -0.19462377218826818
            ],
            [
              143.111457806835,
              -0.1911694639969363
            ],
            [
              143.0464833322585,
              0.17890421448182198
            ],
            [
              143.28032017258266,
              -0.10712155955837113
            ]
          ]
        ]
      },
      "id": "49e0d888-6031-4d0c-91da-308b35e566c8"
    },
    {
      "type": "Feature",
      "properties": {
        "id": "4d42dd3b-800a-4b3d-9903-b632c1258484",
        "name": "sketch77-1"
      },
      "geometry": {
        "type": "Polygon",
        "coordinates": [
          [
            [
              144.99851890474955,
              8.871355021754418
            ],
            [
              144.7301511891918,
              8.596203120443072
            ],
            [
              145.14192803938073,
              8.436147371578954
            ],
            [
              144.75733444779982,
              8.369545547321438
            ],
            [
              144.67533524877348,
              8.268930528210653
            ],
            [
              144.66345836254874,
              8.475459334343373
            ],
            [
              144.59106075854035,
              8.459085118018393
            ],
            [
              144.42900831991875,
              8.465020623749117
            ],
            [
              144.3673027135441,
              8.445399930725458
            ],
            [
              144.6444167522061,
              8.698478959613766
            ],
            [
              144.99851890474955,
              8.871355021754418
            ]
          ]
        ]
      },
      "id": "4d42dd3b-800a-4b3d-9903-b632c1258484"
    },
    {
      "type": "Feature",
      "properties": {
        "id": "f4b11711-e7a1-4078-bf0e-5193ae207231",
        "name": "sketch77-2"
      },
      "geometry": {
        "type": "Polygon",
        "coordinates": [
          [
            [
              135.60370700641585,
              13.395087576824912
            ],
            [
              135.51606781570928,
              13.114089024900407
            ],
            [
              135.41581137197815,
              13.060670886191636
            ],
            [
              135.3257852304512,
              13.110920290251915
            ],
            [
              135.19098504571073,
              12.966418825520408
            ],
            [
              135.1592658659458,
              13.193575880528108
            ],
            [
              135.15472071783805,
              13.216094253944265
            ],
            [
              135.2200866372793,
              13.311600355431741
            ],
            [
              135.18767470404515,
              13.392021417299558
            ],
            [
              135.25056904300166,
              13.344891255326878
            ],
            [
              135.60370700641585,
              13.395087576824912
            ]
          ]
        ]
      },
      "id": "f4b11711-e7a1-4078-bf0e-5193ae207231"
    },
    {
      "type": "Feature",
      "properties": {
        "id": "e89dad91-1f53-43f9-988a-7f1ec239b6ce",
        "name": "sketch77-3"
      },
      "geometry": {
        "type": "Polygon",
        "coordinates": [
          [
            [
              152.93633946928594,
              -0.25336646746176217
            ],
            [
              152.93602313421908,
              -0.31632097408635906
            ],
            [
              153.1940803344886,
              -0.3969885863554784
            ],
            [
              152.83538626428046,
              -0.4271531635077426
            ],
            [
              153.02765702396698,
              -0.7281788048893225
            ],
            [
              152.78012983046807,
              -0.4672836618374729
            ],
            [
              152.57506548538657,
              -0.5914891231707289
            ],
            [
              152.7782288905302,
              -0.38618183449757504
            ],
            [
              152.56733293932055,
              -0.42887472665376464
            ],
            [
              152.48111098848935,
              -0.0884545566930422
            ],
            [
              152.93633946928594,
              -0.25336646746176217
            ]
          ]
        ]
      },
      "id": "e89dad91-1f53-43f9-988a-7f1ec239b6ce"
    },
    {
      "type": "Feature",
      "properties": {
        "id": "e82760c3-0e01-48cc-b033-b04608130e7f",
        "name": "sketch77-4"
      },
      "geometry": {
        "type": "Polygon",
        "coordinates": [
          [
            [
              157.0249400736525,
              12.573684082287507
            ],
            [
              157.11855284883,
              12.520044393236523
            ],
            [
              157.36767941023547,
              12.36021211449522
            ],
            [
              157.24174465921183,
              12.040843006588936
            ],
            [
              157.18670065109788,
              11.871258720165278
            ],
            [
              156.89087861265844,
              12.089959244907414
            ],
            [
              156.79019834781988,
              11.821614178311929
            ],
            [
              156.6859257450198,
              12.173406737908113
            ],
            [
              156.52750499934925,
              12.328595420921857
            ],
            [
              156.81924072776545,
              12.431187114047809
            ],
            [
              157.0249400736525,
              12.573684082287507
            ]
          ]
        ]
      },
      "id": "e82760c3-0e01-48cc-b033-b04608130e7f"
    },
    {
      "type": "Feature",
      "properties": {
        "id": "b03fa708-6b39-47a2-8bc5-a852107e6807",
        "name": "sketch77-5"
      },
      "geometry": {
        "type": "Polygon",
        "coordinates": [
          [
            [
              159.75692687808794,
              2.4651352492037
            ],
            [
              159.82630243871822,
              2.352805273585859
            ],
            [
              159.7496252691884,
              2.0098142986626635
            ],
            [
              159.6525269945859,
              2.0222174393243986
            ],
            [
              159.59237166152985,
              2.0620359242807043
            ],
            [
              159.38643794980518,
              1.9673611604477936
            ],
            [
              159.24381369004377,
              2.141300142219658
            ],
            [
              159.49162124792733,
              2.19058045578571
            ],
            [
              159.2175923793502,
              2.5206772997178843
            ],
            [
              159.4889935929615,
              2.358318512811878
            ],
            [
              159.75692687808794,
              2.4651352492037
            ]
          ]
        ]
      },
      "id": "b03fa708-6b39-47a2-8bc5-a852107e6807"
    },
    {
      "type": "Feature",
      "properties": {
        "id": "1cfe3451-e1a6-4610-99df-0b3eac3902b6",
        "name": "sketch77-6"
      },
      "geometry": {
        "type": "Polygon",
        "coordinates": [
          [
            [
              159.25297972066525,
              2.243301183314344
            ],
            [
              159.1063514217043,
              2.1418485259626485
            ],
            [
              159.10706717382942,
              2.1274587861595826
            ],
            [
              159.2191736545623,
              1.9807164826694652
            ],
            [
              159.19058888378,
              1.8568262102684645
            ],
            [
              159.1654409519176,
              1.810129141527381
            ],
            [
              158.72102897674665,
              1.870712150407246
            ],
            [
              158.85843492854227,
              2.1482996770627647
            ],
            [
              158.82602465757097,
              2.3396307722651595
            ],
            [
              158.9164668365101,
              2.4253039075294343
            ],
            [
              159.25297972066525,
              2.243301183314344
            ]
          ]
        ]
      },
      "id": "1cfe3451-e1a6-4610-99df-0b3eac3902b6"
    }
  ],
  "bbox": [
    135.15472071783805,
    -0.7281788048893225,
    159.82630243871822,
    13.395087576824912
  ]
}
