{
  "type": "FeatureCollection",
  "features": [
    {
      "type": "Feature",
      "properties": {
        "id": "e0285908-6704-4624-8970-1265429bfba9",
        "name": "sketch99-0"
      },
      "geometry": {
        "type": "Polygon",
        "coordinates": [
          [
            [
              149.79130305849375,
              5.835613411605731
            ],
            [
              150.0104122852351,
              6.013592392047232
            ],
            [
              149.97238601228815,
              5.726176652415044
            ],
            [
              150.0219268159301,
              5.398790254646537
            ],
            [
              149.78950778204285,
              5.394869922274921
            ],
            [
              149.75106972014396,
              5.443769467691717
            ],
            [
              149.72064848143023,
              5.556066798042192
            ],
            [
              149.43000952920536,
              5.579778334075481
            ],
            [
              149.7305337360526,
              5.734638685325585
            ],
            [
              149.60050499394245,
              5.77949450985452
            ],
            [
              149.79130305849375,
              5.835613411605731
            ]
          ]
        ]
      },
      "id": "e0285908-6704-4624-8970-1265429bfba9"
    },
    {
      "type": "Feature",
      "properties": {
        "id": "24baf6f6-b081-41d4-b4c0-19ba1fcb8776",
        "name": "sketch99-1"
      },
      "geometry": {
        "type": "Polygon",
        "coordinates": [
          [
            [
              145.20438627599972,
              6.269198197978707
            ],
            [
              145.39058312191855,
              6.234617093927879
            ],
            [
              145.53369307604348,
              5.973425342116805
            ],
            [
              145.34340325444504,
              5.878259822743748
            ],
            [
              145.1181443771907,
              6.105395683281591
            ],
            [
              144.90731832694073,
              5.897145626085321
            ],
            [
              144.88168224022186,
              6.140452782483984
            ],
            [
              145.06479121565766,
              6.232938261816398
            ],
            [
              145.06610261969809,
              6.255619570704804
            ],
            [
              145.09703329738616,
              6.452926894417422
            ],
            [
              145.20438627599972,
              6.269198197978707
            ]
          ]
        ]
      },
      "id": "24baf6f6-b081-41d4-b4c0-19ba1fcb8776"
    },
    {
      "type": "Feature",
      "properties": {
        "id": "419fccbb-4a23-4f25-8991-badadf9400e2",
        "name": "sketch99-2"
      },
      "geometry": {
        "type": "Polygon",
        "coordinates": [
          [
            [
              153.8075758000711,
              8.452403051899196
            ],
            [
              154.09249917432467,
              8.357995738228986
            ],
            [
              153.72262421839824,
              8.22488572583463
            ],
            [
              154.00935597123532,
              7.921607499533005
            ],
            [
              153.70664364068668,
              8.10740691487495
            ],
            [
              153.60230893882198,
              8.033690087055225
            ],
            [
              153.48087608952542,
              8.186595235610776
            ],
            [
              153.27530149522588,
              8.195192634073507
            ],
            [
              153.29107209035348,
              8.339710115406882
            ],
            [
              153.64477590393614,
              8.267174022446511
            ],
            [
              153.8075758000711,
              8.452403051899196
            ]
          ]
        ]
      },
      "id": "419fccbb-4a23-4f25-8991-badadf9400e2"
    },
    {
      "type": "Feature",
      "properties": {
        "id": "a17c2ed9-dfa2-4482-9ff7-374103ca86bb",
        "name": "sketch99-3"
      },
      "geometry": {
        "type": "Polygon",
        "coordinates": [
          [
            [
              138.69132659453558,
              11.005675181855246
            ],
            [
              138.7659665699951,
              10.784951366145753
            ],
            [
              138.95706278082082,
              10.647175501637316
            ],
            [
              138.67084509998878,
              10.66141759818699
            ],
            [
              138.61520803159584,
              10.492898785703611
            ],
            [
              138.58246503473495,
              10.564834033222867
            ],
            [
              138.58256526610828,
              10.706522066582293
            ],
            [
              138.47735855570588,
              10.67395666709942
            ],
            [
              138.35692627068423,
              10.751034191439432
            ],
            [
              138.49968710945242,
              10.939944041651744
            ],
            [
              138.69132659453558,
              11.005675181855246
            ]
          ]
        ]
      },
      "id": "a17c2ed9-dfa2-4482-9ff7-374103ca86bb"
    },
    {
      "type": "Feature",
      "properties": {
        "id": "154cb780-a9d8-4fa7-abb9-4caaa043b44f",
        "name": "sketch99-4"
      },
      "geometry": {
        "type": "Polygon",
        "coordinates": [
          [
            [
              165.73300677928614,
              3.4058885374845658
            ],
            [
              165.91427064956096,
              3.258998492420007
            ],
            [
              165.83566347516714,
              3.2313471078962985
            ],
            [
              166.06866354695822,
              3.1556334686031087
            ],
            [
              165.5946275886326,
              3.1600875724228152
            ],
            [
              165.63008666502242,
              2.917830672460725
            ],
            [
              165.31303183824517,
              2.8177323651378483
            ],
            [
              165.22727938292402,
              3.157129763964114
            ],
            [
              165.46950042883617,
              3.2525561070478166
            ],
            [
              165.20213000473112,
              3.455376799813918
            ],
            [
              165.73300677928614,
              3.4058885374845658
            ]
          ]
        ]
      },
      "id": "154cb780-a9d8-4fa7-abb9-4caaa043b44f"
    },
    {
      "type": "Feature",
      "properties": {
        "id": "6416ea05-bca9-4da4-ad93-5354eea9c3be",
        "name": "sketch99-5"
      },
      "geometry": {
        "type": "Polygon",
        "coordinates": [
          [
            [
              164.6869557878662,
              -0.16337263047998388
            ],
            [
              164.88072737053182,
              -0.4445244920343483
            ],
            [
              164.85475726482062,
              -0.47105462646774365
            ],
            [
              164.64981597133325,
              -0.45492690609636466
            ],
            [
              164.56268036543045,
              -0.4805301627299287
            ],
            [
              164.5846614761139,
              -0.7925307273129754
            ],
            [
              164.36785489786809,
              -0.5532606096897614
            ],
            [
              164.4955201786063,
              -0.3753086377442224
            ],
            [
              164.4805387243619,
              -0.3516857920860942
            ],
            [
              164.27568021193468,
              -0.11700169313011455
            ],
            [
              164.6869557878662,
              -0.16337263047998388
            ]
          ]
        ]
      },
      "id": "6416ea05-bca9-4da4-ad93-5354eea9c3be"
    },
    {
      "type": "Feature",
      "properties": {
        "id": "bc3a2a7f-76d0-49db-b670-96043c633148",
        "name": "sketch99-6"
      },
      "geometry": {
        "type": "Polygon",
        "coordinates": [
          [
            [
              163.6194579610421,
              7.952815160015907
            ],
            [
              163.69254930405828,
              7.905513183487198
            ],
            [
              163.69771559295674,
              7.560825344294512
            ],
            [
              163.51081586295726,
              7.56960080973025
            ],
            [
              163.33882606486802,
              7.363042105630176
            ],
            [
              163.25650925161943,
              7.533880005446184
            ],
            [
              163.2064718539203,
              7.607615972488536
            ],
            [
              163.36737335757437,
              7.852771083179722
            ],
            [
              163.03010454755895,
              8.124123224569503
            ],
            [
              163.35580745137202,
              8.150676546274331
            ],
            [
              163.6194579610421,
              7.952815160015907
            ]
          ]
        ]
      },
      "id": "bc3a2a7f-76d0-49db-b670-96043c633148"
    },
    {
      "type": "Feature",
      "properties": {
        "id": "e0496bff-8de7-467a-81db-8c78f24923b8",
        "name": "sketch99-7"
      },
      "geometry": {
        "type": "Polygon",
        "coordinates": [
          [
            [
              139.61238214205702,
              0.22879359818079853
            ],
            [
              139.66444146506475,
              -0.05450080524786248
            ],
            [
              139.63431792562753,
              -0.4226533931986499
            ],
            [
              139.4018552887715,
              -0.49493197407619416
            ],
            [
              139.2503343019976,
              -0.3420190403241386
            ],
            [
              139.08126760837885,
              -0.2932216728057255
            ],
            [
              138.9855986669484,
              -0.3313838290805266
            ],
            [
              139.04231504151667,
              -0.10197965573860243
            ],
            [
              139.07059892080744,
              0.17152423373083012
            ],
            [
              139.2357693530211,
              0.357024190561488
            ],
            [
              139.61238214205702,
              0.22879359818079853
            ]
          ]
        ]
      },
      "id": "e0496bff-8de7-467a-81db-8c78f24923b8"
    },
    {
      "type": "Feature",
      "properties": {
        "id": "5a7ac8ea-296a-4436-a319-c5d5c8351f06",
        "name": "sketch99-8"
      },
      "geometry": {
        "type": "Polygon",
        "coordinates": [
          [
            [
              155.18348503875342,
              -0.1628565874012956
            ],
            [
              155.34222474464144,
              -0.3193694712363408
            ],
            [
              155.5432119527329,
              -0.5423730223453633
            ],
            [
              155.09848375144327,
              -0.47393725878268045
            ],
            [
              155.10238523108725,
              -0.7084054858044597
            ],
            [
              154.85334646079878,
              -0.6779743966608235
            ],
            [
              154.87885222824383,
              -0.4304403186432779
            ],
            [
              154.90515455793275,
              -0.3637696606225482
            ],
            [
              154.8936164313062,
              -0.3218570113424474
            ],
            [
              155.04101766706026,
              -0.045740976969793234
            ],
            [
              155.18348503875342,
              -0.1628565874012956
            ]
          ]
        ]
      },
      "id": "5a7ac8ea-296a-4436-a319-c5d5c8351f06"
    }
  ],
  "bbox": [
    138.35692627068423,
    -0.7925307273129754,
    166.06866354695822,
    11.005675181855246
  ]
}
