{
  "type": "FeatureCollection",
  "features": [
    {
      "type": "Feature",
      "properties": {
        "id": "b910f83f-4ccb-45f3-aaf6-fc922cdf59aa",
        "name": "sketch490-0"
      },
      "geometry": {
        "type": "Polygon",
        "coordinates": [
          [
            [
              147.66536635031935,
              -0.518618483246887
            ],
            [
              147.68958058169903,
              -0.5984134783495182
            ],
            [
              147.24597850890882,
              -0.5311837766674952
            ],
            [
              147.25568593857997,
              -0.5467226699256732
            ],
            [
              147.26702820925786,
              -0.6157244418387445
            ],
            [
              147.1293093834393,
              -0.6622033357215504
            ],
            [
              147.02173724037547,
              -0.7201704010033558
            ],
            [
              146.91812106813848,
              -0.6275293213080688
            ],
            [
              146.82982152542715,
              -0.5784893749524971
            ],
            [
              147.22305133080738,
              -0.5077271295204888
            ],
            [
              147.66536635031935,
              -0.518618483246887
            ]
          ]
        ]
      },
      "id": "b910f83f-4ccb-45f3-aaf6-fc922cdf59aa"
    },
    {
      "type": "Feature",
      "properties": {
        "id": "08d06762-a379-432b-9692-410ab285bbab",
        "name": "sketch490-1"
      },
      "geometry": {
        "type": "Polygon",
        "coordinates": [
          [
            [
              139.1674768357882,
              9.491681291399559
            ],
            [
              139.12189758470987,
              9.229861036252737
            ],
            [
              139.01691249457366,
              9.056165140231524
            ],
            [
              138.9305633433181,
              9.049877650966945
            ],
            [
              138.7369379700823,
              8.980042175147965
            ],
            [
              138.6954921721584,
              9.080625970697394
            ],
            [
              138.8000919408361,
              9.161419591300495
            ],
            [
              138.670141160222,
              9.10736098533879
            ],
            [
              138.8349277410015,
              9.195004673089839
            ],
            [
              138.72113720605532,
              9.357941851962053
            ],
            [
              139.1674768357882,
              9.491681291399559
            ]
          ]
        ]
      },
      "id": "08d06762-a379-432b-9692-410ab285bbab"
    },
    {
      "type": "Feature",
      "properties": {
        "id": "4ffa624f-ab08-4f93-888d-a074e8bc7139",
        "name": "sketch490-2"
      },
      "geometry": {
        "type": "Polygon",
        "coordinates": [
          [
            [
              150.99385315044725,
              13.51193629124192
            ],
            [
              151.01518951051503,
              13.4951904395744
            ],
            [
              151.1476624120948,
              13.488506489881015
            ],
            [
              150.87886025735733,
              13.279644718691548
            ],
            [
              151.0282859656883,
              13.123536113429289
            ],
            [
              150.94880279751507,
              13.187950665725376
            ],
            [
              151.02673185191028,
              13.071031456741922
            ],
            [
              150.84526601540483,
              13.16014210490699
            ],
            [
              150.6858750882542,
              13.152213086287343
            ],
            [
              150.5480645565491,
              13.425801736919345
            ],
            [
              150.99385315044725,
              13.51193629124192
            ]
          ]
        ]
      },
      "id": "4ffa624f-ab08-4f93-888d-a074e8bc7139"
    },
    {
      "type": "Feature",
      "properties": {
        "id": "cbbf2c00-b5ce-4b4a-bcad-bad0020ee58c",
        "name": "sketch490-3"
      },
      "geometry": {
        "type": "Polygon",
        "coordinates": [
          [
            [
              165.35285701970656,
              13.195662692141847
            ],
            [
              165.461453998771,
              12.879178551617612
            ],
            [
              165.66028675443894,
              12.771790958569671
            ],
            [
              165.3306533976505,
              12.631976670250848
            ],
            [
              165.15867759880877,
              12.754200215393956
            ],
            [
              165.11867185742062,
              12.773221158073984
            ],
            [
              164.75384005454683,
              12.733787849028447
            ],
            [
              165.20983799575055,
              12.87897213161087
            ],
            [
              165.1899830900831,
              12.923654644349945
            ],
            [
              165.2249610800543,
              13.210132534959564
            ],
            [
              165.35285701970656,
              13.195662692141847
            ]
          ]
        ]
      },
      "id": "cbbf2c00-b5ce-4b4a-bcad-bad0020ee58c"
    },
    {
      "type": "Feature",
      "properties": {
        "id": "eeadcb1c-a5f9-4367-a430-b29b3296d626",
        "name": "sketch490-4"
      },
      "geometry": {
        "type": "Polygon",
        "coordinates": [
          [
            [
              149.25422948674256,
              13.665985577316397
            ],
            [
              149.49181276942414,
              13.52627358808635
            ],
            [
              149.49030087878623,
              13.359371255223142
            ],
            [
              149.59835715009166,
              13.239448668085243
            ],
            [
              149.3102901887579,
              13.301439080657957
            ],
            [
              149.18298511312193,
              13.296130134867408
            ],
            [
              149.1847805857306,
              13.125249640270791
            ],
            [
              148.94187135860557,
              13.223950754311689
            ],
            [
              148.82606623171225,
              13.379372151529639
            ],
            [
              149.02473831844586,
              13.586164912275613
            ],
            [
              149.25422948674256,
              13.665985577316397
            ]
          ]
        ]
      },
      "id": "eeadcb1c-a5f9-4367-a430-b29b3296d626"
    },
    {
      "type": "Feature",
      "properties": {
        "id": "5e70e0cf-6b84-4807-a796-643054c80616",
        "name": "sketch490-5"
      },
      "geometry": {
        "type": "Polygon",
        "coordinates": [
          [
            [
              146.62850980762587,
              7.7104192910965565
            ],
            [
              146.72080087916342,
              7.666705067831625
            ],
            [
              146.70363185385096,
              7.305933950290331
            ],
            [
              146.40195016562657,
              7.329502907268655
            ],
            [
              146.32866750941835,
              7.157080330374189
            ],
            [
              146.2790698154311,
              7.269090468540148
            ],
            [
              146.1873447705652,
              7.231852128929391
            ],
            [
              146.3518643049144,
              7.350631529273379
            ],
            [
              146.1557387658287,
              7.549166079621766
            ],
            [
              146.259826439747,
              7.543960460488517
            ],
            [
              146.62850980762587,
              7.7104192910965565
            ]
          ]
        ]
      },
      "id": "5e70e0cf-6b84-4807-a796-643054c80616"
    },
    {
      "type": "Feature",
      "properties": {
        "id": "69c9db7d-10ef-479d-ad38-651728666a82",
        "name": "sketch490-6"
      },
      "geometry": {
        "type": "Polygon",
        "coordinates": [
          [
            [
              158.74927958373223,
              11.718962878323385
            ],
            [
              158.84184684229646,
              11.72941831560948
            ],
            [
              158.7882991203462,
              11.527728951044194
            ],
            [
              158.98636500358356,
              11.691532447685562
            ],
            [
              158.85714896717724,
              11.41520299603642
            ],
            [
              159.10982335144607,
              11.494789898019956
            ],
            [
              158.66297249821895,
              11.325531756718556
            ],
            [
              158.64801621282479,
              11.078717077849694
            ],
            [
              158.51199838250355,
              11.17938222566462
            ],
            [
              158.45585937940942,
              11.57042750706863
            ],
            [
              158.74927958373223,
              11.718962878323385
            ]
          ]
        ]
      },
      "id": "69c9db7d-10ef-479d-ad38-651728666a82"
    },
    {
      "type": "Feature",
      "properties": {
        "id": "adcf9c73-91ec-4198-9da8-f6f52d5e0643",
        "name": "sketch490-7"
      },
      "geometry": {
        "type": "Polygon",
        "coordinates": [
          [
            [
              143.4384299552448,
              12.987617071588875
            ],
            [
              143.55126172122615,
              13.241710859146991
            ],
            [
              143.5960868417959,
              13.12149044497303
            ],
            [
              143.65385892348382,
              13.007139632995196
            ],
            [
              143.48682188433276,
              12.891515131419752
            ],
            [
              143.804028719247,
              13.019656249665793
            ],
            [
              143.60708643490963,
              12.703773367351591
            ],
            [
              143.4284480568243,
              12.697542485243169
            ],
            [
              143.15062118134034,
              12.664559219929696
            ],
            [
              143.16652548229993,
              13.081374401976753
            ],
            [
              143.4384299552448,
              12.987617071588875
            ]
          ]
        ]
      },
      "id": "adcf9c73-91ec-4198-9da8-f6f52d5e0643"
    },
    {
      "type": "Feature",
      "properties": {
        "id": "b59ee6e6-4194-44ff-8f5a-3498aa2187a3",
        "name": "sketch490-8"
      },
      "geometry": {
        "type": "Polygon",
        "coordinates": [
          [
            [
              163.57740740262565,
              12.741784760301117
            ],
            [
              163.50148115239915,
              12.344955769351698
            ],
            [
              163.59657794441628,
              12.201342350572032
            ],
            [
              163.20336145080165,
              12.135571499743945
            ],
            [
              163.2340541622618,
              12.457046081737888
            ],
            [
              163.0491901715355,
              12.332000055554646
            ],
            [
              163.05746231995394,
              12.37072223707097
            ],
            [
              163.25871105266233,
              12.51263961236143
            ],
            [
              163.07343825702318,
              12.632043063293073
            ],
            [
              163.02300874506744,
              12.83039349772597
            ],
            [
              163.57740740262565,
              12.741784760301117
            ]
          ]
        ]
      },
      "id": "b59ee6e6-4194-44ff-8f5a-3498aa2187a3"
    },
    {
      "type": "Feature",
      "properties": {
        "id": "33b69592-c567-4228-b858-3a71d7d4f3e0",
        "name": "sketch490-9"
      },
      "geometry": {
        "type": "Polygon",
        "coordinates": [
          [
            [
              154.87351978900705,
              4.075296417740313
            ],
            [
              154.97153999724702,
              4.202941548974577
            ],
            [
              155.0160626597316,
              4.058455972701982
            ],
            [
              154.98069874084965,
              3.9108364708581593
            ],
            [
              154.92904793561905,
              3.916639770131947
            ],
            [
              154.78364663530022,
              3.8915504469486493
            ],
            [
              154.55818876851544,
              3.6813477541112447
            ],
            [
              154.71317849754547,
              3.896694879618422
            ],
            [
              154.42135215696928,
              3.8545028735586664
            ],
            [
              154.58698369902342,
              4.160784995623828
            ],
            [
              154.87351978900705,
              4.075296417740313
            ]
          ]
        ]
      },
      "id": "33b69592-c567-4228-b858-3a71d7d4f3e0"
    }
  ],
  "bbox": [
    138.670141160222,
    -0.7201704010033558,
    165.66028675443894,
    13.665985577316397
  ]
}
