{
  "type": "FeatureCollection",
  "features": [
    {
      "type": "Feature",
      "properties": {
        "id": "e73616e9-5728-477c-915c-0129aa912e7b",
        "name": "sketch479-0"
      },
      "geometry": {
        "type": "Polygon",
        "coordinates": [
          [
            [
              156.0940461669941,
              7.655398061466188
            ],
            [
              156.01627166119917,
              7.519840403021466
            ],
            [
              156.39048227857137,
              7.674798061372674
            ],
            [
              156.4262193491386,
              7.582817658536678
            ],
            [
              156.18945228771577,
              7.352751619179698
            ],
            [
              156.03825499818524,
              7.339921145958687
            ],
            [
              155.87610737351972,
              7.347482385397644
            ],
            [
              155.63088415281263,
              7.291106997883459
            ],
            [
              155.9096813157596,
              7.514590917929255
            ],
            [
              155.9413337993529,
              7.607007415345277
            ],
            [
              156.0940461669941,
              7.655398061466188
            ]
          ]
        ]
      },
      "id": "e73616e9-5728-477c-915c-0129aa912e7b"
    },
    {
      "type": "Feature",
      "properties": {
        "id": "bf22b9fa-f64e-4e33-8828-124d6abcc677",
        "name": "sketch479-1"
      },
      "geometry": {
        "type": "Polygon",
        "coordinates": [
          [
            [
              164.15157997167006,
              4.129139656085529
            ],
            [
              163.99338838418467,
              4.039218073635945
            ],
            [
              164.45159469988403,
              4.085308763677431
            ],
            [
              164.17571709969639,
              4.004938232358526
            ],
            [
              164.1494349815821,
              3.858282520873111
            ],
            [
              163.9295027256641,
              3.66039177783283
            ],
            [
              163.77840025221107,
              3.930216010741466
            ],
            [
              163.86130333112104,
              4.06555292260189
            ],
            [
              163.6986911086856,
              4.3749130087496
            ],
            [
              163.83449228443837,
              4.448194061336014
            ],
            [
              164.15157997167006,
              4.129139656085529
            ]
          ]
        ]
      },
      "id": "bf22b9fa-f64e-4e33-8828-124d6abcc677"
    },
    {
      "type": "Feature",
      "properties": {
        "id": "550fae6a-a4e7-490f-9422-c53e6292ec0c",
        "name": "sketch479-2"
      },
      "geometry": {
        "type": "Polygon",
        "coordinates": [
          [
            [
              138.6646581763937,
              2.991402802738221
            ],
            [
              138.46077874313065,
              2.6841865750276663
            ],
            [
              138.42741985290562,
              2.6392660095564486
            ],
            [
              138.5188675047914,
              2.5791878138184163
            ],
            [
              138.50039724571042,
              2.5773609060120393
            ],
            [
              138.45530207729269,
              2.465023662637523
            ],
            [
              138.0666604453201,
              2.3620676815113533
            ],
            [
              138.27491603669654,
              2.54031936811913
            ],
            [
              137.98585956032665,
              2.8161454154927865
            ],
            [
              138.38341236817132,
              2.6724742086029996
            ],
            [
              138.6646581763937,
              2.991402802738221
            ]
          ]
        ]
      },
      "id": "550fae6a-a4e7-490f-9422-c53e6292ec0c"
    },
    {
      "type": "Feature",
      "properties": {
        "id": "1c6425ab-b951-46ba-9c4d-1b48e5b6372d",
        "name": "sketch479-3"
      },
      "geometry": {
        "type": "Polygon",
        "coordinates": [
          [
            [
              147.14031675536876,
              1.9264652804861009
            ],
            [
              147.2492339521163,
              1.9835949154932415
            ],
            [
              147.50935354914168,
              1.853474511496795
            ],
            [
              147.23433132085233,
              1.6048334722675401
            ],
            [
              147.0845517019439,
              1.8280758219585613
            ],
            [
              147.11619326651947,
              1.5602573979954237
            ],
            [
              147.05446405269922,
              1.8276270148911617
            ],
            [
              146.89057293236382,
              1.8338814453125718
            ],
            [
              146.8857803776045,
              1.9655328230184812
            ],
            [
              146.72410808256703,
              2.090576245160392
            ],
            [
              147.14031675536876,
              1.9264652804861009
            ]
          ]
        ]
      },
      "id": "1c6425ab-b951-46ba-9c4d-1b48e5b6372d"
    },
    {
      "type": "Feature",
      "properties": {
        "id": "8180efbc-743b-4897-ab20-265c4ddd5e78",
        "name": "sketch479-4"
      },
      "geometry": {
        "type": "Polygon",
        "coordinates": [
          [
            [
              163.52700033715053,
              6.684780355099557
            ],
            [
              163.6619740011184,
              6.317454965138489
            ],
            [
              163.41550032685146,
              6.217565577284646
            ],
            [
              163.34039543553274,
              6.099433368768191
            ],
            [
              163.20114229516017,
              6.15040908684921
            ],
            [
              163.02569962517677,
              6.318386728537338
            ],
            [
              163.34212877389572,
              6.304158413775414
            ],
            [
              163.25871810895538,
              6.324747143600044
            ],
            [
              163.27707433558683,
              6.403313024812515
            ],
            [
              163.35142729168675,
              6.359859623364716
            ],
            [
              163.52700033715053,
              6.684780355099557
            ]
          ]
        ]
      },
      "id": "8180efbc-743b-4897-ab20-265c4ddd5e78"
    },
    {
      "type": "Feature",
      "properties": {
        "id": "a59d91eb-5239-4e52-a277-a4eea69491bb",
        "name": "sketch479-5"
      },
      "geometry": {
        "type": "Polygon",
        "coordinates": [
          [
            [
              138.91238990567902,
              7.686494260904044
            ],
            [
              138.95804342389238,
              7.6330433532426225
            ],
            [
              138.88840193308457,
              7.621634928997801
            ],
            [
              138.8893664182689,
              7.594972313314543
            ],
            [
              138.8137606114362,
              7.543720011355232
            ],
            [
              138.78475938038815,
              7.571440305893579
            ],
            [
              138.68752617768607,
              7.709167502559243
            ],
            [
              138.5384237641354,
              7.985938609332975
            ],
            [
              138.8707480093578,
              7.670611105647948
            ],
            [
              138.71997718024164,
              7.950473700980762
            ],
            [
              138.91238990567902,
              7.686494260904044
            ]
          ]
        ]
      },
      "id": "a59d91eb-5239-4e52-a277-a4eea69491bb"
    },
    {
      "type": "Feature",
      "properties": {
        "id": "c5909049-8521-403b-96a2-d1a623b9fc60",
        "name": "sketch479-6"
      },
      "geometry": {
        "type": "Polygon",
        "coordinates": [
          [
            [
              149.47890580804668,
              6.591988082787696
            ],
            [
              149.66756679202757,
              6.610640836891186
            ],
            [
              149.91502266221673,
              6.622283632626529
            ],
            [
              149.8330112666622,
              6.348128805530069
            ],
            [
              149.5281738332938,
              6.512653493485731
            ],
            [
              149.450693219962,
              6.386411793851328
            ],
            [
              149.35333057831406,
              6.131471038204068
            ],
            [
              149.13531201207093,
              6.5437919454258475
            ],
            [
              149.1536393607257,
              6.744326400589576
            ],
            [
              149.39840772905362,
              6.811896777980019
            ],
            [
              149.47890580804668,
              6.591988082787696
            ]
          ]
        ]
      },
      "id": "c5909049-8521-403b-96a2-d1a623b9fc60"
    },
    {
      "type": "Feature",
      "properties": {
        "id": "12169280-4c7c-459a-8008-d37964767133",
        "name": "sketch479-7"
      },
      "geometry": {
        "type": "Polygon",
        "coordinates": [
          [
            [
              137.70556539160575,
              10.424454136207721
            ],
            [
              137.6008662723769,
              10.259394662975252
            ],
            [
              137.64410886804728,
              10.252348400284047
            ],
            [
              137.67926461094638,
              10.23621898345596
            ],
            [
              137.68385784007128,
              10.191269250002511
            ],
            [
              137.5755400745942,
              9.777968959872537
            ],
            [
              137.3452471383244,
              10.025729866210215
            ],
            [
              137.22606380208467,
              10.050825615762095
            ],
            [
              137.18443516314636,
              10.15668153652602
            ],
            [
              137.35409649059488,
              10.3611694684521
            ],
            [
              137.70556539160575,
              10.424454136207721
            ]
          ]
        ]
      },
      "id": "12169280-4c7c-459a-8008-d37964767133"
    },
    {
      "type": "Feature",
      "properties": {
        "id": "3377faf6-8250-4bb7-bc43-666d4d70f6ac",
        "name": "sketch479-8"
      },
      "geometry": {
        "type": "Polygon",
        "coordinates": [
          [
            [
              138.757592165326,
              -0.3494778463135966
            ],
            [
              139.0395934250491,
              -0.026525110935035123
            ],
            [
              139.00802383347002,
              -0.3760477996020498
            ],
            [
              139.13718648742648,
              -0.4341540184742909
            ],
            [
              138.87357643689484,
              -0.4705615215247162
            ],
            [
              138.61876535832639,
              -0.6550701699175007
            ],
            [
              138.73405878829536,
              -0.36264458977199365
            ],
            [
              138.3974391415924,
              -0.49771379616959677
            ],
            [
              138.40392122907832,
              -0.2974453034854523
            ],
            [
              138.72404322233953,
              -0.32442583705336814
            ],
            [
              138.757592165326,
              -0.3494778463135966
            ]
          ]
        ]
      },
      "id": "3377faf6-8250-4bb7-bc43-666d4d70f6ac"
    }
  ],
  "bbox": [
    137.18443516314636,
    -0.6550701699175007,
    164.45159469988403,
    10.424454136207721
  ]
}
