{
  "type": "FeatureCollection",
  "features": [
    {
      "type": "Feature",
      "properties": {
        "id": "dd501daf-1543-421e-8713-cf19b05074ed",
        "name": "sketch486-0"
      },
      "geometry": {
        "type": "Polygon",
        "coordinates": [
          [
            [
              165.07003322324834,
              5.663115219023122
            ],
            [
              165.04832933390583,
              5.456003864297904
            ],
            [
              165.1979984078074,
              5.4045123973526685
            ],
            [
              165.06855045830162,
              5.237963487557876
            ],
            [
              164.99990057949748,
              5.379219911903363
            ],
            [
              164.60591554433293,
              5.193716579909441
            ],
            [
              164.66712787567783,
              5.565220583352357
            ],
            [
              164.92482467912572,
              5.477083254447195
            ],
            [
              164.66763105415288,
              5.7795628506263155
            ],
            [
              164.89784083278062,
              5.543664403128628
            ],
            [
              165.07003322324834,
              5.663115219023122
            ]
          ]
        ]
      },
      "id": "dd501daf-1543-421e-8713-cf19b05074ed"
    },
    {
      "type": "Feature",
      "properties": {
        "id": "a3e7881f-f3b2-4c20-b7ef-20677fdf2d4b",
        "name": "sketch486-1"
      },
      "geometry": {
        "type": "Polygon",
        "coordinates": [
          [
            [
              144.74180642317586,
              10.16545550251358
            ],
            [
              144.62889947489887,
              10.091636088318564
            ],
            [
              144.76571080447408,
              10.069026152476034
            ],
            [
              144.69544358863996,
              9.939604020308794
            ],
            [
              144.67577118613562,
              9.929489365871907
            ],
            [
              144.43488063155104,
              9.650962229728949
            ],
            [
              144.5929320403153,
              10.085043676445983
            ],
            [
              144.14615842071566,
              9.996159042426978
            ],
            [
              144.28953492013105,
              10.381082038557668
            ],
            [
              144.51688935998192,
              10.18152575912154
            ],
            [
              144.74180642317586,
              10.16545550251358
            ]
          ]
        ]
      },
      "id": "a3e7881f-f3b2-4c20-b7ef-20677fdf2d4b"
    },
    {
      "type": "Feature",
      "properties": {
        "id": "da221e05-01dc-40a4-9ddf-11b247d323c9",
        "name": "sketch486-2"
      },
      "geometry": {
        "type": "Polygon",
        "coordinates": [
          [
            [
              151.4749546686373,
              11.450386201124779
            ],
            [
              151.41897093969055,
              11.012902527752333
            ],
            [
              151.35503323524958,
              10.995279753220224
            ],
            [
              151.4980182000366,
              10.73817385722106
            ],
            [
              151.30074027863566,
              10.960765593154772
            ],
            [
              151.10769912854087,
              10.704240583307923
            ],
            [
              151.2723578659471,
              10.982764499471
            ],
            [
              151.24966097892874,
              10.96533827039312
            ],
            [
              151.28581446742464,
              11.008297789571047
            ],
            [
              151.26986201017425,
              11.321300749777333
            ],
            [
              151.4749546686373,
              11.450386201124779
            ]
          ]
        ]
      },
      "id": "da221e05-01dc-40a4-9ddf-11b247d323c9"
    },
    {
      "type": "Feature",
      "properties": {
        "id": "ece9d6a6-3313-4c99-b4b1-543656d60086",
        "name": "sketch486-3"
      },
      "geometry": {
        "type": "Polygon",
        "coordinates": [
          [
            [
              163.6214740913175,
              5.291485155348758
            ],
            [
              163.76257378684298,
              5.375278568293612
            ],
            [
              163.91007786857975,
              5.175359695999022
            ],
            [
              163.68175315120442,
              5.1122807782141395
            ],
            [
              163.56314221000537,
              5.159651583423608
            ],
            [
              163.25580701265338,
              4.969981182758995
            ],
            [
              163.51925136662211,
              5.22293075383904
            ],
            [
              163.31331116869293,
              5.389299888442957
            ],
            [
              163.32715613519437,
              5.435566810197928
            ],
            [
              163.54418628948827,
              5.60732178995452
            ],
            [
              163.6214740913175,
              5.291485155348758
            ]
          ]
        ]
      },
      "id": "ece9d6a6-3313-4c99-b4b1-543656d60086"
    },
    {
      "type": "Feature",
      "properties": {
        "id": "12eb1353-f110-4026-949c-ca1fcb219230",
        "name": "sketch486-4"
      },
      "geometry": {
        "type": "Polygon",
        "coordinates": [
          [
            [
              144.08401675174574,
              1.85494305819344
            ],
            [
              144.16017622114236,
              1.7978452034088288
            ],
            [
              144.0113574697225,
              1.736389341726901
            ],
            [
              144.11606820137223,
              1.5259828676939438
            ],
            [
              144.0711876382921,
              1.4125697844743088
            ],
            [
              143.91018235908194,
              1.733319675682716
            ],
            [
              143.65515639781205,
              1.5174221538728088
            ],
            [
              143.93590970137382,
              1.8282145407901025
            ],
            [
              143.95545697839978,
              1.8533269387204803
            ],
            [
              143.8058693538741,
              2.241122024070783
            ],
            [
              144.08401675174574,
              1.85494305819344
            ]
          ]
        ]
      },
      "id": "12eb1353-f110-4026-949c-ca1fcb219230"
    },
    {
      "type": "Feature",
      "properties": {
        "id": "90b57e42-c4ac-400c-ba7a-b04a018f0ce0",
        "name": "sketch486-5"
      },
      "geometry": {
        "type": "Polygon",
        "coordinates": [
          [
            [
              136.46224382926425,
              1.746287795963369
            ],
            [
              136.65811811255676,
              1.498531721342527
            ],
            [
              136.5943184089548,
              1.1686990035206422
            ],
            [
              136.30938078543488,
              1.356056844035237
            ],
            [
              136.2256414969599,
              1.4146843460062357
            ],
            [
              135.9654680533787,
              1.3319541900205805
            ],
            [
              136.00115281297062,
              1.507210025568656
            ],
            [
              136.0956957503668,
              1.6128137185795695
            ],
            [
              135.975988600828,
              1.7248343118232754
            ],
            [
              136.26257747433334,
              1.883930107274293
            ],
            [
              136.46224382926425,
              1.746287795963369
            ]
          ]
        ]
      },
      "id": "90b57e42-c4ac-400c-ba7a-b04a018f0ce0"
    }
  ],
  "bbox": [
    135.9654680533787,
    1.1686990035206422,
    165.1979984078074,
    11.450386201124779
  ]
}
