{
  "type": "FeatureCollection",
  "features": [
    {
      "type": "Feature",
      "properties": {
        "id": "959e8390-1cef-41ba-9d09-c96a70173445",
        "name": "sketch174-0"
      },
      "geometry": {
        "type": "Polygon",
        "coordinates": [
          [
            [
              142.76365356090423,
              4.50959255892287
            ],
            [
              142.69565526557594,
              4.327423519181584
            ],
            [
              142.74511020127,
              4.299618841705968
            ],
            [
              143.06512661747982,
              4.1189664120005
            ],
            [
              142.57537081586705,
              3.7868909968973803
            ],
            [
              142.54934859234461,
              3.927286153572872
            ],
            [
              142.362207073289,
              4.034450191971333
            ],
            [
              142.26659414482123,
              3.9774532116741246
            ],
            [
              142.5194568238367,
              4.308883954329186
            ],
            [
              142.40354416651505,
              4.432791287973224
            ],
            [
              142.76365356090423,
              4.50959255892287
            ]
          ]
        ]
      },
      "id": "959e8390-1cef-41ba-9d09-c96a70173445"
    },
    {
      "type": "Feature",
      "properties": {
        "id": "59f0b79b-2afb-4e3b-96b2-8df485085e8c",
        "name": "sketch174-1"
      },
      "geometry": {
        "type": "Polygon",
        "coordinates": [
          [
            [
              140.9147741116794,
              7.835793051783351
            ],
            [
              140.9399141286809,
              7.85022050906042
            ],
            [
              141.11404157656685,
              7.915655944753172
            ],
            [
              141.3393131931411,
              7.670084907591676
            ],
            [
              141.04342763931453,
              7.782108364751124
            ],
            [
              140.94031782309358,
              7.528916200682428
            ],
            [
              140.7895007063896,
              7.497443600700171
            ],
            [
              140.63932244813827,
              7.744382167425736
            ],
            [
              140.51197604138818,
              7.749980243478659
            ],
            [
              140.7949659814609,
              7.944398974679081
            ],
            [
              140.9147741116794,
              7.835793051783351
            ]
          ]
        ]
      },
      "id": "59f0b79b-2afb-4e3b-96b2-8df485085e8c"
    },
    {
      "type": "Feature",
      "properties": {
        "id": "f18655e3-6345-4ec7-ae77-88f6311d5413",
        "name": "sketch174-2"
      },
      "geometry": {
        "type": "Polygon",
        "coordinates": [
          [
            [
              163.55857458222056,
              1.1310171359029502
            ],
            [
              163.4679791449667,
              0.9625707579976314
            ],
            [
              163.86677184388023,
              0.7723465636194271
            ],
            [
              163.5045053654609,
              0.8354445334420201
            ],
            [
              163.53058775971903,
              0.6468179070569032
            ],
            [
              163.2351795727105,
              0.6871627149616046
            ],
            [
              163.100707621355,
              0.8200823998803775
            ],
            [
              163.08869735049876,
              0.9065291997355107
            ],
            [
              163.10686222533508,
              1.0481359781332675
            ],
            [
              163.31799069901518,
              1.093346960506313
            ],
            [
              163.55857458222056,
              1.1310171359029502
            ]
          ]
        ]
      },
      "id": "f18655e3-6345-4ec7-ae77-88f6311d5413"
    },
    {
      "type": "Feature",
      "properties": {
        "id": "d39d5f8a-9a1d-4126-aa37-5959cd4f6466",
        "name": "sketch174-3"
      },
      "geometry": {
        "type": "Polygon",
        "coordinates": [
          [
            [
              146.43116193428048,
              4.328688583148789
            ],
            [
              146.48388461135949,
              4.148760979591668
            ],
            [
              146.21853519195264,
              3.959299956412334
            ],
            [
              146.28436968187142,
              3.8044814286650777
            ],
            [
              146.38402078264338,
              3.6152680354277384
            ],
            [
              146.10170455923696,
              3.552723047974374
            ],
            [
              145.70355701082477,
              3.8275503379957194
            ],
            [
              145.76936734260164,
              3.919426795050675
            ],
            [
              145.7965188108345,
              4.236403350271557
            ],
            [
              146.12624025690886,
              4.0237743047158405
            ],
            [
              146.43116193428048,
              4.328688583148789
            ]
          ]
        ]
      },
      "id": "d39d5f8a-9a1d-4126-aa37-5959cd4f6466"
    }
  ],
  "bbox": [
    140.51197604138818,
    0.6468179070569032,
    163.86677184388023,
    7.944398974679081
  ]
}
