{
  "type": "FeatureCollection",
  "features": [
    {
      "type": "Feature",
      "properties": {
        "id": "eb11a345-7fcd-429a-a661-a0e6a349212e",
        "name": "sketch157-0"
      },
      "geometry": {
        "type": "Polygon",
        "coordinates": [
          [
            [
              157.8619598663847,
              6.865459974223197
            ],
            [
              158.24533998971108,
              6.869827508696867
            ],
            [
              158.22106389361497,
              6.612477661058139
            ],
            [
              158.00856717416667,
              6.620035344739616
            ],
            [
              157.963182395821,
              6.686122821237023
            ],
            [
              157.7118065534074,
              6.532626000270203
            ],
            [
              157.60059880824093,
              6.662037346506797
            ],
            [
              157.81510905568484,
              6.871682812156932
            ],
            [
              157.50908514567544,
              7.058052101285716
            ],
            [
              157.84992050136813,
              6.909223511196517
            ],
            [
              157.8619598663847,
              6.865459974223197
            ]
          ]
        ]
      },
      "id": "eb11a345-7fcd-429a-a661-a0e6a349212e"
    },
    {
      "type": "Feature",
      "properties": {
        "id": "ba1865cd-9ada-4a65-840e-ea2505c6a18a",
        "name": "sketch157-1"
      },
      "geometry": {
        "type": "Polygon",
        "coordinates": [
          [
            [
              136.75284491119774,
              5.490599230503643
            ],
            [
              136.68195790165635,
              5.25131229041514
            ],
            [
              137.09598022506816,
              5.149521101693219
            ],
            [
              136.9299776188828,
              5.018293515116132
            ],
            [
              136.6698450278584,
              4.89510355397484
            ],
            [
              136.3647397505144,
              4.999957532436562
            ],
            [
              136.37732554780388,
              5.227472852588299
            ],
            [
              136.2435758392263,
              5.249862683512511
            ],
            [
              136.60814693104754,
              5.26977038914674
            ],
            [
              136.57780918674638,
              5.477381329061597
            ],
            [
              136.75284491119774,
              5.490599230503643
            ]
          ]
        ]
      },
      "id": "ba1865cd-9ada-4a65-840e-ea2505c6a18a"
    },
    {
      "type": "Feature",
      "properties": {
        "id": "42235a25-8292-45a9-b2c7-55c520da8950",
        "name": "sketch157-2"
      },
      "geometry": {
        "type": "Polygon",
        "coordinates": [
          [
            [
              156.98401914352985,
              -0.4730954248862665
            ],
            [
              157.23880090206674,
              -0.4247833343079299
            ],
            [
              157.43296609540903,
              -0.5900107651299538
            ],
            [
              157.29915555443475,
              -0.6620273968797187
            ],
            [
              157.1818405007182,
              -0.8224405266603985
            ],
            [
              156.9307889858167,
              -0.6994759891023596
            ],
            [
              156.76950158007782,
              -0.7536961182622325
            ],
            [
              156.76928696080122,
              -0.5929994597274247
            ],
            [
              156.67985670759447,
              -0.47804573919607996
            ],
            [
              156.83544105835497,
              -0.4306142184380031
            ],
            [
              156.98401914352985,
              -0.4730954248862665
            ]
          ]
        ]
      },
      "id": "42235a25-8292-45a9-b2c7-55c520da8950"
    },
    {
      "type": "Feature",
      "properties": {
        "id": "43b2fe3b-c810-4613-a5c5-fa4e02faee4b",
        "name": "sketch157-3"
      },
      "geometry": {
        "type": "Polygon",
        "coordinates": [
          [
            [
              151.11687266406207,
              6.108446915228896
            ],
            [
              151.08755815398425,
              6.0299870136453215
            ],
            [
              151.19466264368353,
              6.020879100112467
            ],
            [
              151.19005458448902,
              5.994868520942413
            ],
            [
              151.16134462714857,
              5.754635839302103
            ],
            [
              150.99080129496554,
              5.922584788739053
            ],
            [
              150.90268550163762,
              5.81836786122028
            ],
            [
              150.92399254591834,
              5.931062592936646
            ],
            [
              150.63011339095527,
              6.272079446130877
            ],
            [
              150.693420778855,
              6.289456575422013
            ],
            [
              151.11687266406207,
              6.108446915228896
            ]
          ]
        ]
      },
      "id": "43b2fe3b-c810-4613-a5c5-fa4e02faee4b"
    },
    {
      "type": "Feature",
      "properties": {
        "id": "c7f7b671-0766-4e7e-a1ce-773447cefd3d",
        "name": "sketch157-4"
      },
      "geometry": {
        "type": "Polygon",
        "coordinates": [
          [
            [
              157.92064573545662,
              3.7507940676443896
            ],
            [
              158.12672609592335,
              3.7088724624890155
            ],
            [
              157.9761919693995,
              3.7302364539082618
            ],
            [
              157.94547679502347,
              3.7356805553352475
            ],
            [
              157.90826956083302,
              3.6785155503948057
            ],
            [
              157.89690788804236,
              3.727340001215554
            ],
            [
              157.69302471804178,
              3.3381257091805208
            ],
            [
              157.5141911022869,
              3.711779266025231
            ],
            [
              157.8235282160347,
              3.7678703105275404
            ],
            [
              157.74494020184022,
              4.218186919026841
            ],
            [
              157.92064573545662,
              3.7507940676443896
            ]
          ]
        ]
      },
      "id": "c7f7b671-0766-4e7e-a1ce-773447cefd3d"
    },
    {
      "type": "Feature",
      "properties": {
        "id": "8dee2c23-cdac-45af-a797-9ab6bd270455",
        "name": "sketch157-5"
      },
      "geometry": {
        "type": "Polygon",
        "coordinates": [
          [
            [
              155.56182485604174,
              8.499831160203534
            ],
            [
              155.70756614450985,
              8.249258153166123
            ],
            [
              155.6446743937467,
              7.993599215224853
            ],
            [
              155.40120338153253,
              8.029532726496338
            ],
            [
              155.30624939857535,
              7.811274123332284
            ],
            [
              155.10753851589763,
              8.13607361002374
            ],
            [
              155.28311414606625,
              8.269835017048027
            ],
            [
              155.25017575813317,
              8.362360429867573
            ],
            [
              155.3157760114872,
              8.254547814180823
            ],
            [
              155.30321333156033,
              8.466541264829903
            ],
            [
              155.56182485604174,
              8.499831160203534
            ]
          ]
        ]
      },
      "id": "8dee2c23-cdac-45af-a797-9ab6bd270455"
    },
    {
      "type": "Feature",
      "properties": {
        "id": "0e0b8576-f486-4409-9291-67b639a5a3b4",
        "name": "sketch157-6"
      },
      "geometry": {
        "type": "Polygon",
        "coordinates": [
          [
            [
              145.16976701283565,
              8.790932675782768
            ],
            [
              144.98446764753828,
              8.475400668929991
            ],
            [
              144.9241086098939,
              8.43684626223656
            ],
            [
              145.13307362175107,
              8.269927957337517
            ],
            [
              144.95881782849273,
              8.173088843110836
            ],
            [
              144.83454869049075,
              8.156894917111151
            ],
            [
              144.77583112568487,
              8.27398776794141
            ],
            [
              144.6596568086661,
              8.415376980051706
            ],
            [
              144.5933925844503,
              8.587893225714518
            ],
            [
              144.8816730138144,
              8.447646527629827
            ],
            [
              145.16976701283565,
              8.790932675782768
            ]
          ]
        ]
      },
      "id": "0e0b8576-f486-4409-9291-67b639a5a3b4"
    }
  ],
  "bbox": [
    136.2435758392263,
    -0.8224405266603985,
    158.24533998971108,
    8.790932675782768
  ]
}
