{
  "type": "FeatureCollection",
  "features": [
    {
      "type": "Feature",
      "properties": {
        "id": "9900b1fb-988e-4ab4-ae50-cc05ff2f4a9b",
        "name": "sketch445-0"
      },
      "geometry": {
        "type": "Polygon",
        "coordinates": [
          [
            [
              137.6997778745087,
              6.869274593656458
            ],
            [
              137.88998307692333,
              6.852539543290243
            ],
            [
              137.84757905694053,
              6.628190346062728
            ],
            [
              137.87084967688162,
              6.560642385486762
            ],
            [
              137.5646569554626,
              6.8068238118589415
            ],
            [
              137.287105183684,
              6.66129975563775
            ],
            [
              137.4653064732917,
              6.7920116722759785
            ],
            [
              137.38714682994404,
              7.013484627243024
            ],
            [
              137.51492505066514,
              6.897798285289232
            ],
            [
              137.52009265375594,
              7.080897348498472
            ],
            [
              137.6997778745087,
              6.869274593656458
            ]
          ]
        ]
      },
      "id": "9900b1fb-988e-4ab4-ae50-cc05ff2f4a9b"
    },
    {
      "type": "Feature",
      "properties": {
        "id": "0dbc7e00-1942-4e6e-a341-2efe518fea00",
        "name": "sketch445-1"
      },
      "geometry": {
        "type": "Polygon",
        "coordinates": [
          [
            [
              139.23634195325198,
              9.943462553018973
            ],
            [
              139.39452854551385,
              9.761921505951372
            ],
            [
              139.49030591776568,
              9.726997398371322
            ],
            [
              139.42182875404285,
              9.575593653386829
            ],
            [
              139.3480825805758,
              9.266286393137024
            ],
            [
              139.06972048334052,
              9.471281154829066
            ],
            [
              139.127947427109,
              9.580597968927613
            ],
            [
              139.14235479054793,
              9.630130178373465
            ],
            [
              138.80731330737225,
              9.851579088503492
            ],
            [
              139.14035335114173,
              9.663773376595731
            ],
            [
              139.23634195325198,
              9.943462553018973
            ]
          ]
        ]
      },
      "id": "0dbc7e00-1942-4e6e-a341-2efe518fea00"
    },
    {
      "type": "Feature",
      "properties": {
        "id": "18f6235e-c11b-40f5-88e8-090cb637f001",
        "name": "sketch445-2"
      },
      "geometry": {
        "type": "Polygon",
        "coordinates": [
          [
            [
              156.25271121482797,
              6.768872547229488
            ],
            [
              156.3384362264424,
              6.692935326920369
            ],
            [
              156.27987278400556,
              6.518207470077854
            ],
            [
              156.16626120581407,
              6.551718033120409
            ],
            [
              156.30716007542335,
              6.407398850362738
            ],
            [
              155.97694713969852,
              6.139447149054769
            ],
            [
              155.747944668409,
              6.445688152080052
            ],
            [
              155.8598383542436,
              6.586131033692295
            ],
            [
              155.9363085080046,
              6.919194511837763
            ],
            [
              156.06361525721218,
              6.779049309752793
            ],
            [
              156.25271121482797,
              6.768872547229488
            ]
          ]
        ]
      },
      "id": "18f6235e-c11b-40f5-88e8-090cb637f001"
    },
    {
      "type": "Feature",
      "properties": {
        "id": "992d624b-6add-4c95-80b1-2ef42ce1724a",
        "name": "sketch445-3"
      },
      "geometry": {
        "type": "Polygon",
        "coordinates": [
          [
            [
              162.01323779896416,
              5.4561219348317485
            ],
            [
              162.36252531626758,
              5.335613039622114
            ],
            [
              162.237979507882,
              5.084155135610138
            ],
            [
              162.2456054542945,
              4.961548864061341
            ],
            [
              162.01966225629968,
              5.173406281515876
            ],
            [
              161.9503123913376,
              5.226913788245781
            ],
            [
              161.93319631813267,
              5.312325688277113
            ],
            [
              161.95968075904727,
              5.35181619907775
            ],
            [
              161.92164343077664,
              5.34295603186056
            ],
            [
              161.90118575646275,
              5.384907747636269
            ],
            [
              162.01323779896416,
              5.4561219348317485
            ]
          ]
        ]
      },
      "id": "992d624b-6add-4c95-80b1-2ef42ce1724a"
    },
    {
      "type": "Feature",
      "properties": {
        "id": "a543b6e7-d75f-487c-8f8c-b141a6e984e1",
        "name": "sketch445-4"
      },
      "geometry": {
        "type": "Polygon",
        "coordinates": [
          [
            [
              160.10860393940763,
              6.158453495140322
            ],
            [
              160.2254454930084,
              6.077677869060665
            ],
            [
              160.33638020217103,
              5.918664484133526
            ],
            [
              160.223730538714,
              5.6558892569828885
            ],
            [
              160.0115283606619,
              6.0539700019570715
            ],
            [
              159.767254520977,
              5.891764317953893
            ],
            [
              159.80973396795025,
              6.0079974495985695
            ],
            [
              159.82200633723448,
              6.1001263337803024
            ],
            [
              159.6849103496529,
              6.2235412807699015
            ],
            [
              159.8540420814242,
              6.36443034208358
            ],
            [
              160.10860393940763,
              6.158453495140322
            ]
          ]
        ]
      },
      "id": "a543b6e7-d75f-487c-8f8c-b141a6e984e1"
    }
  ],
  "bbox": [
    137.287105183684,
    4.961548864061341,
    162.36252531626758,
    9.943462553018973
  ]
}
