{
  "type": "FeatureCollection",
  "features": [
    {
      "type": "Feature",
      "properties": {
        "id": "cf46845c-1b6f-4563-9d5b-5470e4eeb5b2",
        "name": "sketch237-0"
      },
      "geometry": {
        "type": "Polygon",
        "coordinates": [
          [
            [
              137.42338489950913,
              10.193692674582506
            ],
            [
              137.41848406502194,
              10.136981125689363
            ],
            [
              137.86664274382392,
              10.2170575925525
            ],
            [
              137.72309231835519,
              9.797788349080228
            ],
            [
              137.3982685128118,
              10.012454460153702
            ],
            [
              137.36632619203556,
              9.931552110093268
            ],
            [
              137.11032944176782,
              9.889918039170352
            ],
            [
              137.1404503118535,
              10.001605353493378
            ],
            [
              137.01130366949943,
              10.037814583815337
            ],
            [
              137.34598706508694,
              10.145593160871758
            ],
            [
              137.42338489950913,
              10.193692674582506
            ]
          ]
        ]
      },
      "id": "cf46845c-1b6f-4563-9d5b-5470e4eeb5b2"
    },
    {
      "type": "Feature",
      "properties": {
        "id": "a5534486-730e-4f4e-9642-3d6d45164442",
        "name": "sketch237-1"
      },
      "geometry": {
        "type": "Polygon",
        "coordinates": [
          [
            [
              156.71279657496532,
              13.028950992490515
            ],
            [
              156.52050538927443,
              12.703752287082992
            ],
            [
              156.3856459793167,
              12.670599175455191
            ],
            [
              156.59080305288,
              12.530308180240729
            ],
            [
              156.38309162747063,
              12.65490153986086
            ],
            [
              156.32639883181722,
              12.546448509207766
            ],
            [
              156.35948723447524,
              12.661277421124039
            ],
            [
              156.04627516141053,
              12.506979791067126
            ],
            [
              155.9512019483906,
              12.84650278864699
            ],
            [
              156.29537341700168,
              12.893134229631166
            ],
            [
              156.71279657496532,
              13.028950992490515
            ]
          ]
        ]
      },
      "id": "a5534486-730e-4f4e-9642-3d6d45164442"
    },
    {
      "type": "Feature",
      "properties": {
        "id": "428e7b99-6dc0-42d1-830e-fdd67c3466a2",
        "name": "sketch237-2"
      },
      "geometry": {
        "type": "Polygon",
        "coordinates": [
          [
            [
              142.2159899648565,
              1.6936142477587175
            ],
            [
              142.2147581401478,
              1.4291660054060424
            ],
            [
              142.27080760899338,
              1.3079615924587584
            ],
            [
              142.19735437437222,
              1.1366443685625534
            ],
            [
              141.95447206169763,
              1.1203111589153907
            ],
            [
              141.842113795659,
              1.2896876438042417
            ],
            [
              142.0231584024546,
              1.3825062153912222
            ],
            [
              141.58846652161316,
              1.3151175503180126
            ],
            [
              141.7593751645098,
              1.6483771513577565
            ],
            [
              142.06564789049006,
              1.4007066997164694
            ],
            [
              142.2159899648565,
              1.6936142477587175
            ]
          ]
        ]
      },
      "id": "428e7b99-6dc0-42d1-830e-fdd67c3466a2"
    },
    {
      "type": "Feature",
      "properties": {
        "id": "1df15154-d41c-4b17-b217-40488a3fe2d5",
        "name": "sketch237-3"
      },
      "geometry": {
        "type": "Polygon",
        "coordinates": [
          [
            [
              153.21046673039663,
              8.20936966441132
            ],
            [
              153.51100891650967,
              8.273493995455388
            ],
            [
              153.19635585303678,
              8.05037278900202
            ],
            [
              153.21963932656533,
              8.022216986895781
            ],
            [
              153.201872957818,
              7.771203054202127
            ],
            [
              153.15505636804036,
              7.969063353067937
            ],
            [
              153.07246624068154,
              7.997252816971848
            ],
            [
              153.10555194249298,
              8.05671553964256
            ],
            [
              152.90641964978136,
              8.40263410226951
            ],
            [
              153.11172709076217,
              8.164898225622952
            ],
            [
              153.21046673039663,
              8.20936966441132
            ]
          ]
        ]
      },
      "id": "1df15154-d41c-4b17-b217-40488a3fe2d5"
    },
    {
      "type": "Feature",
      "properties": {
        "id": "40ad591d-4540-4bb0-b094-67cc766a870c",
        "name": "sketch237-4"
      },
      "geometry": {
        "type": "Polygon",
        "coordinates": [
          [
            [
              149.93775429043302,
              0.4923290659938049
            ],
            [
              150.22128592130602,
              0.24048905934512604
            ],
            [
              150.20101063220366,
              -0.005716830721667815
            ],
            [
              150.0262457378763,
              -0.051954055672531474
            ],
            [
              149.97311819691595,
              -0.039856489824292685
            ],
            [
              149.86914902232007,
              -0.1149591894340462
            ],
            [
              149.773924406895,
              -0.2953752314593725
            ],
            [
              149.87664169596354,
              0.15108656407718646
            ],
            [
              149.57892774899858,
              0.3340038159663363
            ],
            [
              149.85528394221896,
              0.24002558885720726
            ],
            [
              149.93775429043302,
              0.4923290659938049
            ]
          ]
        ]
      },
      "id": "40ad591d-4540-4bb0-b094-67cc766a870c"
    },
    {
      "type": "Feature",
      "properties": {
        "id": "718d43c6-41b3-4e0c-b984-c3b4f6590339",
        "name": "sketch237-5"
      },
      "geometry": {
        "type": "Polygon",
        "coordinates": [
          [
            [
              160.69476354527183,
              1.8252437146834195
            ],
            [
              160.6557937626746,
              1.701325973603339
            ],
            [
              160.8860575835455,
              1.7224671702606325
            ],
            [
              160.999178168629,
              1.629149410212071
            ],
            [
              160.77010761854248,
              1.5506256510056515
            ],
            [
              160.6085208920201,
              1.4613864594461756
            ],
            [
              160.26541116262496,
              1.4419774387981938
            ],
            [
              160.21817225034164,
              1.7611586660385796
            ],
            [
              160.39157328800425,
              1.8475045196887716
            ],
            [
              160.38585369179057,
              1.9137192470348667
            ],
            [
              160.69476354527183,
              1.8252437146834195
            ]
          ]
        ]
      },
      "id": "718d43c6-41b3-4e0c-b984-c3b4f6590339"
    },
    {
      "type": "Feature",
      "properties": {
        "id": "b3146c6e-f267-4a5d-a3b1-f825de89adbf",
        "name": "sketch237-6"
      },
      "geometry": {
        "type": "Polygon",
        "coordinates": [
          [
            [
              148.39280835266527,
              3.8556775730071347
            ],
            [
              148.67767712283953,
              3.7712273807387087
            ],
            [
              148.4939325601338,
              3.6122725662623756
            ],
            [
              148.54814983488927,
              3.3019757912822927
            ],
            [
              148.41405102452862,
              3.2877706243911113
            ],
            [
              148.1225130411612,
              3.2142964361940414
            ],
            [
              148.19886286606848,
              3.4221360805189502
            ],
            [
              147.95145464579852,
              3.4875149730327895
            ],
            [
              147.86335698058392,
              3.6424382014222583
            ],
            [
              147.96586983092192,
              3.7971357434228183
            ],
            [
              148.39280835266527,
              3.8556775730071347
            ]
          ]
        ]
      },
      "id": "b3146c6e-f267-4a5d-a3b1-f825de89adbf"
    }
  ],
  "bbox": [
    137.01130366949943,
    -0.2953752314593725,
    160.999178168629,
    13.028950992490515
  ]
}
