{
  "type": "FeatureCollection",
  "features": [
    {
      "type": "Feature",
      "properties": {
        "id": "1ad1f698-cd20-440f-bc43-03af81bb6ea7",
        "name": "sketch416-0"
      },
      "geometry": {
        "type": "Polygon",
        "coordinates": [
          [
            [
              161.32803185426894,
              10.715695273546892
            ],
            [
              161.277413253661,
              10.486186349878313
            ],
            [
              161.63921195304488,
              10.209864360873755
            ],
            [
              161.35441532581075,
              10.257806658951296
            ],
            [
              161.1789687218953,
              10.255547325782668
            ],
            [
              161.0984070056596,
              10.148072599876429
            ],
            [
              161.07298200323862,
              10.335684548760273
            ],
            [
              160.97559338977837,
              10.45056886882693
            ],
            [
              160.91143300561538,
              10.45332529744741
            ],
            [
              160.98133437346857,
              10.880158710937224
            ],
            [
              161.32803185426894,
              10.715695273546892
            ]
          ]
        ]
      },
      "id": "1ad1f698-cd20-440f-bc43-03af81bb6ea7"
    },
    {
      "type": "Feature",
      "properties": {
        "id": "85c7d31a-d509-4160-8c78-e6f3bb0e5ba3",
        "name": "sketch416-1"
      },
      "geometry": {
        "type": "Polygon",
        "coordinates": [
          [
            [
              163.0969458808845,
              1.25450179676567
            ],
            [
              163.19244066403314,
              1.0774569233295506
            ],
            [
              163.1027604680068,
              1.0521511655240021
            ],
            [
              163.2378417822815,
              0.8825531356115951
            ],
            [
              162.97137559750942,
              1.0060884219735329
            ],
            [
              162.95110240440212,
              0.7381717549894067
            ],
            [
              162.88063233765396,
              0.6010432889920128
            ],
            [
              162.5969176672572,
              0.7912053462029349
            ],
            [
              162.94658308474564,
              1.0210151149708575
            ],
            [
              162.8110470018779,
              1.092655715344662
            ],
            [
              163.0969458808845,
              1.25450179676567
            ]
          ]
        ]
      },
      "id": "85c7d31a-d509-4160-8c78-e6f3bb0e5ba3"
    },
    {
      "type": "Feature",
      "properties": {
        "id": "9bdeb1a0-8d53-4710-8742-e2c15e98e6cf",
        "name": "sketch416-2"
      },
      "geometry": {
        "type": "Polygon",
        "coordinates": [
          [
            [
              144.85065692055284,
              5.035113061821696
            ],
            [
              144.89882088670117,
              4.790560347965567
            ],
            [
              145.036290759106,
              4.726499276387717
            ],
            [
              144.76215398086103,
              4.711813092142243
            ],
            [
              144.80900999980437,
              4.595174186423191
            ],
            [
              144.57586151126452,
              4.249227786101577
            ],
            [
              144.6036017339138,
              4.661613304229234
            ],
            [
              144.37687468600438,
              4.715143994461509
            ],
            [
              144.74348907175732,
              4.719425713309346
            ],
            [
              144.71205946689986,
              4.764308963049414
            ],
            [
              144.85065692055284,
              5.035113061821696
            ]
          ]
        ]
      },
      "id": "9bdeb1a0-8d53-4710-8742-e2c15e98e6cf"
    },
    {
      "type": "Feature",
      "properties": {
        "id": "ec82bf56-6f67-4f89-8dc5-f1a48b9c8b5a",
        "name": "sketch416-3"
      },
      "geometry": {
        "type": "Polygon",
        "coordinates": [
          [
            [
              142.9755608727532,
              2.683320949772136
            ],
            [
              143.13027076909185,
              2.5472707647947184
            ],
            [
              143.19482844973072,
              2.268711166169007
            ],
            [
              142.85215743146162,
              2.118649872255072
            ],
            [
              142.69713274447025,
              2.1803196341772964
            ],
            [
              142.91609683032488,
              2.580997246822214
            ],
            [
              142.69993068134994,
              2.4505403348584482
            ],
            [
              142.8495515750773,
              2.6456397085054864
            ],
            [
              142.8286301685454,
              2.712033995940565
            ],
            [
              142.75410097130282,
              3.0360843138825198
            ],
            [
              142.9755608727532,
              2.683320949772136
            ]
          ]
        ]
      },
      "id": "ec82bf56-6f67-4f89-8dc5-f1a48b9c8b5a"
    },
    {
      "type": "Feature",
      "properties": {
        "id": "1c56d696-7f4e-4066-bdb5-32988dd41f46",
        "name": "sketch416-4"
      },
      "geometry": {
        "type": "Polygon",
        "coordinates": [
          [
            [
              157.76259539724708,
              5.576390857307605
            ],
            [
              157.84803062640225,
              5.728534721487868
            ],
            [
              158.16170612396513,
              5.52345778732574
            ],
            [
              157.80367131035507,
              5.442724568714581
            ],
            [
              157.83628447985978,
              5.375980495525439
            ],
            [
              157.70723608316487,
              5.161121441411543
            ],
            [
              157.572644307046,
              5.435109638949271
            ],
            [
              157.5402116865842,
              5.433915524151808
            ],
            [
              157.6794353803283,
              5.50097260032706
            ],
            [
              157.53665288936614,
              5.661739410192189
            ],
            [
              157.76259539724708,
              5.576390857307605
            ]
          ]
        ]
      },
      "id": "1c56d696-7f4e-4066-bdb5-32988dd41f46"
    },
    {
      "type": "Feature",
      "properties": {
        "id": "842f71a8-7911-44f0-9eae-781d46edc731",
        "name": "sketch416-5"
      },
      "geometry": {
        "type": "Polygon",
        "coordinates": [
          [
            [
              138.51190964138974,
              1.915496548686517
            ],
            [
              138.60687276884767,
              1.8272996414005678
            ],
            [
              138.82816279003416,
              1.584126311915701
            ],
            [
              138.46471101321887,
              1.7166392067970997
            ],
            [
              138.4220576337777,
              1.7450712264829864
            ],
            [
              138.3899427028124,
              1.7262691488206747
            ],
            [
              138.3574470557465,
              1.7055899018981975
            ],
            [
              138.43177659681982,
              1.7832782891920664
            ],
            [
              138.10086233231678,
              2.0393927710987394
            ],
            [
              138.19233333198,
              2.026869930626769
            ],
            [
              138.51190964138974,
              1.915496548686517
            ]
          ]
        ]
      },
      "id": "842f71a8-7911-44f0-9eae-781d46edc731"
    }
  ],
  "bbox": [
    138.10086233231678,
    0.6010432889920128,
    163.2378417822815,
    10.880158710937224
  ]
}
