{
  "type": "FeatureCollection",
  "features": [
    {
      "type": "Feature",
      "properties": {
        "id": "4f8b1229-e0ee-4ef8-bd92-e55bcbfe9fd8",
        "name": "sketch208-0"
      },
      "geometry": {
        "type": "Polygon",
        "coordinates": [
          [
            [
              160.33979941513675,
              13.690893645910915
            ],
            [
              160.54948182484412,
              13.477625915544603
            ],
            [
              160.26328691713647,
              13.329309965242594
            ],
            [
              160.3806399022299,
              13.16122838784764
            ],
            [
              160.14767962974958,
              12.934760600310556
            ],
            [
              159.94307865831647,
              13.228895700245085
            ],
            [
              160.10735119148393,
              13.367500796612841
            ],
            [
              159.6773980465352,
              13.59713174856482
            ],
            [
              160.0394808807991,
              13.550592470459982
            ],
            [
              160.10682111209348,
              13.391478488814931
            ],
            [
              160.33979941513675,
              13.690893645910915
            ]
          ]
        ]
      },
      "id": "4f8b1229-e0ee-4ef8-bd92-e55bcbfe9fd8"
    },
    {
      "type": "Feature",
      "properties": {
        "id": "130ab768-8f9d-4732-a73c-b9b1846f63be",
        "name": "sketch208-1"
      },
      "geometry": {
        "type": "Polygon",
        "coordinates": [
          [
            [
              136.15165316754943,
              8.941605174633283
            ],
            [
              135.89700111142875,
              8.559378971485488
            ],
            [
              136.127419972528,
              8.315865501585076
            ],
            [
              136.03942518090403,
              8.355190275806006
            ],
            [
              135.99082844034726,
              8.26953058982426
            ],
            [
              135.87594932989407,
              8.506227268306786
            ],
            [
              135.6990976763319,
              8.182510119808493
            ],
            [
              135.4883836846387,
              8.38437707354231
            ],
            [
              135.60425640493355,
              8.580511793261225
            ],
            [
              135.63917107578962,
              8.752708806007266
            ],
            [
              136.15165316754943,
              8.941605174633283
            ]
          ]
        ]
      },
      "id": "130ab768-8f9d-4732-a73c-b9b1846f63be"
    },
    {
      "type": "Feature",
      "properties": {
        "id": "0572d73e-3d1d-425f-8c23-bf3f64202e33",
        "name": "sketch208-2"
      },
      "geometry": {
        "type": "Polygon",
        "coordinates": [
          [
            [
              136.38337471569164,
              6.564377041952792
            ],
            [
              136.4272741212015,
              6.632603078125842
            ],
            [
              136.73727941222208,
              6.6171482638042445
            ],
            [
              136.46213680328944,
              6.498236700709324
            ],
            [
              136.40601653666283,
              6.225853035390002
            ],
            [
              136.18365891876272,
              6.181586014328068
            ],
            [
              136.27033409049474,
              6.434002721063135
            ],
            [
              136.21513198572967,
              6.561732316996776
            ],
            [
              136.24781545770725,
              6.60012424076516
            ],
            [
              136.35548862264653,
              6.714064709349786
            ],
            [
              136.38337471569164,
              6.564377041952792
            ]
          ]
        ]
      },
      "id": "0572d73e-3d1d-425f-8c23-bf3f64202e33"
    },
    {
      "type": "Feature",
      "properties": {
        "id": "325e3039-79ce-461e-b2b5-c37776181574",
        "name": "sketch208-3"
      },
      "geometry": {
        "type": "Polygon",
        "coordinates": [
          [
            [
              153.06586208204166,
              6.53591697634629
            ],
            [
              153.28974420172992,
              6.503685610638864
            ],
            [
              153.093149806119,
              6.4157859225297
            ],
            [
              152.92995026926755,
              6.210809307282127
            ],
            [
              152.83189971736988,
              6.058782066449824
            ],
            [
              152.91767555905716,
              6.4500533830863676
            ],
            [
              152.79518795177665,
              6.485445663164544
            ],
            [
              152.84699988133477,
              6.5549364251705935
            ],
            [
              152.88071281823667,
              6.694055224327464
            ],
            [
              152.84915042006506,
              6.914069373754198
            ],
            [
              153.06586208204166,
              6.53591697634629
            ]
          ]
        ]
      },
      "id": "325e3039-79ce-461e-b2b5-c37776181574"
    },
    {
      "type": "Feature",
      "properties": {
        "id": "8aa2cce7-f6e4-4e9e-81d1-69d9b79d14f9",
        "name": "sketch208-4"
      },
      "geometry": {
        "type": "Polygon",
        "coordinates": [
          [
            [
              155.6704457801467,
              11.545515657841124
            ],
            [
              155.55126279964773,
              11.191109269001174
            ],
            [
              155.31323836121743,
              11.285181447515221
            ],
            [
              155.48915777397983,
              10.951721797516951
            ],
            [
              155.35525718052693,
              11.075759934915734
            ],
            [
              155.16460133466515,
              11.028422610496825
            ],
            [
              155.1380887429811,
              11.129655350712754
            ],
            [
              154.84958425292587,
              11.3601070326443
            ],
            [
              155.20494725861045,
              11.355597830585921
            ],
            [
              155.2487295087355,
              11.333231211833395
            ],
            [
              155.6704457801467,
              11.545515657841124
            ]
          ]
        ]
      },
      "id": "8aa2cce7-f6e4-4e9e-81d1-69d9b79d14f9"
    },
    {
      "type": "Feature",
      "properties": {
        "id": "2dc82cf1-576b-4a8a-9c36-45748646c48c",
        "name": "sketch208-5"
      },
      "geometry": {
        "type": "Polygon",
        "coordinates": [
          [
            [
              136.41226071747275,
              12.459836300590773
            ],
            [
              136.4193175827671,
              12.489327307189145
            ],
            [
              136.45722271947537,
              12.544557372611418
            ],
            [
              136.54715317032316,
              12.51401700303885
            ],
            [
              136.88057378754752,
              12.38502604582733
            ],
            [
              136.43800526633777,
              12.39064009928061
            ],
            [
              136.19469369451417,
              12.154459572205733
            ],
            [
              136.1459303525976,
              12.40474865074479
            ],
            [
              136.0221793647371,
              12.70008595297581
            ],
            [
              136.10200826715814,
              12.834907312630506
            ],
            [
              136.41226071747275,
              12.459836300590773
            ]
          ]
        ]
      },
      "id": "2dc82cf1-576b-4a8a-9c36-45748646c48c"
    },
    {
      "type": "Feature",
      "properties": {
        "id": "3acc7b0d-da07-4768-9147-a2a8a536a3b6",
        "name": "sketch208-6"
      },
      "geometry": {
        "type": "Polygon",
        "coordinates": [
          [
            [
              150.00657305129636,
              8.511182677583527
            ],
            [
              150.16657352938165,
              8.499371713632446
            ],
            [
              149.82712789286637,
              8.28565467102851
            ],
            [
              149.99292911157676,
              8.150851213637198
            ],
            [
              149.8282555745048,
              7.852702746855255
            ],
            [
              149.7628400595151,
              8.225682260362909
            ],
            [
              149.73725205515632,
              8.271907156289549
            ],
            [
              149.6303731630258,
              8.211202822983697
            ],
            [
              149.7250648899839,
              8.33170499315324
            ],
            [
              149.76563612772063,
              8.336621576987653
            ],
            [
              150.00657305129636,
              8.511182677583527
            ]
          ]
        ]
      },
      "id": "3acc7b0d-da07-4768-9147-a2a8a536a3b6"
    },
    {
      "type": "Feature",
      "properties": {
        "id": "95888a9e-e41b-4d9a-b5b6-5cd96173c0c6",
        "name": "sketch208-7"
      },
      "geometry": {
        "type": "Polygon",
        "coordinates": [
          [
            [
              152.5465606166241,
              10.77662607044262
            ],
            [
              152.90824990313845,
              10.861179265884019
            ],
            [
              152.99058167473552,
              10.609166741420724
            ],
            [
              152.5824564131106,
              10.490843840951039
            ],
            [
              152.52956525310137,
              10.232302602595176
            ],
            [
              152.50450213300664,
              10.506798992060176
            ],
            [
              152.50014045415242,
              10.575142092449648
            ],
            [
              152.32911224765138,
              10.48502616725948
            ],
            [
              152.03116139891756,
              10.680959235140666
            ],
            [
              152.2409853553928,
              10.75607217838028
            ],
            [
              152.5465606166241,
              10.77662607044262
            ]
          ]
        ]
      },
      "id": "95888a9e-e41b-4d9a-b5b6-5cd96173c0c6"
    }
  ],
  "bbox": [
    135.4883836846387,
    6.058782066449824,
    160.54948182484412,
    13.690893645910915
  ]
}
