{
  "type": "FeatureCollection",
  "features": [
    {
      "type": "Feature",
      "properties": {
        "id": "70eed120-343d-4842-abdd-53d58f0a63cc",
        "name": "sketch35-0"
      },
      "geometry": {
        "type": "Polygon",
        "coordinates": [
          [
            [
              163.57588670203964,
              0.235633016628322
            ],
            [
              163.64303481059704,
              0.2082236803123853
            ],
            [
              163.30268761281528,
              0.06954220113265819
            ],
            [
              163.36321728983847,
              -0.25242149100849903
            ],
            [
              163.28333967943723,
              -0.019000237705125572
            ],
            [
              163.04189146492533,
              -0.32329567633127954
            ],
            [
              162.86214979450415,
              -0.17779788881389835
            ],
            [
              163.15309616173198,
              0.09463979294948413
            ],
            [
              163.25411157027787,
              0.11610693784774062
            ],
            [
              163.2430257041077,
              0.26489374131535215
            ],
            [
              163.57588670203964,
              0.235633016628322
            ]
          ]
        ]
      },
      "id": "70eed120-343d-4842-abdd-53d58f0a63cc"
    },
    {
      "type": "Feature",
      "properties": {
        "id": "feb883be-af8c-4e3b-9cf9-561bb4a1f9f3",
        "name": "sketch35-1"
      },
      "geometry": {
        "type": "Polygon",
        "coordinates": [
          [
            [
              162.7169154421046,
              3.213222687783747
            ],
            [
              162.48746760815524,
              2.9743189349312975
            ],
            [
              162.89130862820016,
              2.829533878403932
            ],
            [
              162.64200142277934,
              2.56970663387171
            ],
            [
              162.31833449914959,
              2.693899418960279
            ],
            [
              162.37075009831017,
              2.8639123196447898
            ],
            [
              162.1112877587059,
              2.9059068922725513
            ],
            [
              162.2271588361382,
              3.088878971429047
            ],
            [
              162.38155265764945,
              3.0367643225129966
            ],
            [
              162.41059103532513,
              3.011302318226876
            ],
            [
              162.7169154421046,
              3.213222687783747
            ]
          ]
        ]
      },
      "id": "feb883be-af8c-4e3b-9cf9-561bb4a1f9f3"
    },
    {
      "type": "Feature",
      "properties": {
        "id": "dc119346-d3e3-4833-b5a4-b81a2ea8d556",
        "name": "sketch35-2"
      },
      "geometry": {
        "type": "Polygon",
        "coordinates": [
          [
            [
              138.55039489000876,
              12.936792284229634
            ],
            [
              138.8180629198038,
              12.933264165569428
            ],
            [
              138.49047154855654,
              12.631984309363308
            ],
            [
              138.86228417448038,
              12.672450902876857
            ],
            [
              138.6413308167462,
              12.401086672410784
            ],
            [
              138.41531390521433,
              12.207732740699987
            ],
            [
              138.12061686841196,
              12.34946198500633
            ],
            [
              138.38301147536137,
              12.610369945185118
            ],
            [
              138.42786178466827,
              12.643617257923529
            ],
            [
              138.33535696784,
              12.731455969050902
            ],
            [
              138.55039489000876,
              12.936792284229634
            ]
          ]
        ]
      },
      "id": "dc119346-d3e3-4833-b5a4-b81a2ea8d556"
    },
    {
      "type": "Feature",
      "properties": {
        "id": "2d0fe597-d9c7-4d6d-865b-fb78ddf4bf00",
        "name": "sketch35-3"
      },
      "geometry": {
        "type": "Polygon",
        "coordinates": [
          [
            [
              160.9865715722526,
              6.705949624297748
            ],
            [
              161.02399908650608,
              6.298026534048106
            ],
            [
              160.98499197827473,
              6.276304610092048
            ],
            [
              161.0178926712285,
              6.2729540323435
            ],
            [
              161.0282242516491,
              6.242228590932216
            ],
            [
              161.05749152316267,
              6.0978690061688585
            ],
            [
              160.97072998544436,
              6.24250744902611
            ],
            [
              160.70363773926627,
              6.302889888187791
            ],
            [
              160.83170309564153,
              6.304156910361624
            ],
            [
              160.56212760090187,
              6.39154512455044
            ],
            [
              160.9865715722526,
              6.705949624297748
            ]
          ]
        ]
      },
      "id": "2d0fe597-d9c7-4d6d-865b-fb78ddf4bf00"
    },
    {
      "type": "Feature",
      "properties": {
        "id": "69dc28d2-78f0-4976-a84a-397da6f3a0ca",
        "name": "sketch35-4"
      },
      "geometry": {
        "type": "Polygon",
        "coordinates": [
          [
            [
              165.45431229647912,
              11.484368464526945
            ],
            [
              165.7270795558434,
              11.629810759293592
            ],
            [
              165.5415529932784,
              11.377069525520534
            ],
            [
              165.67823914560663,
              11.349261046591302
            ],
            [
              165.4483381889393,
              11.334685837722773
            ],
            [
              165.357850494435,
              10.876399259286405
            ],
            [
              165.43047309341148,
              11.31092902094304
            ],
            [
              165.3092471783689,
              11.315953581753053
            ],
            [
              165.17984941428207,
              11.435908849695451
            ],
            [
              165.4145971697088,
              11.388926518227272
            ],
            [
              165.45431229647912,
              11.484368464526945
            ]
          ]
        ]
      },
      "id": "69dc28d2-78f0-4976-a84a-397da6f3a0ca"
    }
  ],
  "bbox": [
    138.12061686841196,
    -0.32329567633127954,
    165.7270795558434,
    12.936792284229634
  ]
}
