{
  "type": "FeatureCollection",
  "features": [
    {
      "type": "Feature",
      "properties": {
        "id": "e3ef08b9-3020-44c2-86db-ceb524fa6475",
        "name": "sketch5-0"
      },
      "geometry": {
        "type": "Polygon",
        "coordinates": [
          [
            [
              164.86794589177083,
              -1.0914523863174908
            ],
            [
              164.8682476802646,
              -1.106975503218167
            ],
            [
              165.1944324770123,
              -1.1395117736655758
            ],
            [
              165.1288002025026,
              -1.1867268697685402
            ],
            [
              165.15827820797955,
              -1.4804471006418414
            ],
            [
              164.9662523657656,
              -1.3135188545050398
            ],
            [
              164.79505935943575,
              -1.3645100739788356
            ],
            [
              164.74055042029343,
              -1.1811157205011793
            ],
            [
              164.75264997833958,
              -1.0982895048651533
            ],
            [
              164.71021696899618,
              -0.6725198512093924
            ],
            [
              164.86794589177083,
              -1.0914523863174908
            ]
          ]
        ]
      },
      "id": "e3ef08b9-3020-44c2-86db-ceb524fa6475"
    },
    {
      "type": "Feature",
      "properties": {
        "id": "6097d42e-385a-4fef-8a54-1ceaa4a878a0",
        "name": "sketch5-1"
      },
      "geometry": {
        "type": "Polygon",
        "coordinates": [
          [
            [
              159.0739855460623,
              6.358686433722175
            ],
            [
              159.19787351667975,
              6.130137728706814
            ],
            [
              159.44725235839874,
              5.935561819699694
            ],
            [
              159.2710813750079,
              5.534791891961673
            ],
            [
              158.9482094189476,
              5.6478586840514495
            ],
            [
              158.90552196541597,
              5.813955731263007
            ],
            [
              158.7949511688037,
              5.779866875691849
            ],
            [
              158.72971417020486,
              5.814654029997132
            ],
            [
              158.72024897106792,
              6.148900329382136
            ],
            [
              158.95969340998764,
              5.995334505596804
            ],
            [
              159.0739855460623,
              6.358686433722175
            ]
          ]
        ]
      },
      "id": "6097d42e-385a-4fef-8a54-1ceaa4a878a0"
    },
    {
      "type": "Feature",
      "properties": {
        "id": "1962fac9-ff2a-47a8-9410-0065af8c40a1",
        "name": "sketch5-2"
      },
      "geometry": {
        "type": "Polygon",
        "coordinates": [
          [
            [
              146.6889919763917,
              0.3698189890125358
            ],
            [
              146.85850984963176,
              0.5381791250779566
            ],
            [
              146.94504320949773,
              0.4443390620383797
            ],
            [
              146.9965387833972,
              0.2375899143802624
            ],
            [
              146.9702806711101,
              -0.09821782411005564
            ],
            [
              146.62735083997939,
              -0.19809923308368482
            ],
            [
              146.67094970744546,
              0.20808395876311409
            ],
            [
              146.32044965368678,
              0.22336607171719686
            ],
            [
              146.5962880806376,
              0.3365652712631114
            ],
            [
              146.50244929493198,
              0.5061448514889049
            ],
            [
              146.6889919763917,
              0.3698189890125358
            ]
          ]
        ]
      },
      "id": "1962fac9-ff2a-47a8-9410-0065af8c40a1"
    },
    {
      "type": "Feature",
      "properties": {
        "id": "73ccc872-d3b8-4a72-8234-0c9099925165",
        "name": "sketch5-3"
      },
      "geometry": {
        "type": "Polygon",
        "coordinates": [
          [
            [
              162.77958898226993,
              7.625033330614061
            ],
            [
              162.9454942366431,
              7.420726643071063
            ],
            [
              162.57625097561208,
              7.071092700687609
            ],
            [
              162.4326174672183,
              7.180982662423953
            ],
            [
              162.59913794383493,
              7.422179798778489
            ],
            [
              162.35407826046153,
              7.613061343459132
            ],
            [
              162.61793605739226,
              7.578061859718088
            ],
            [
              162.55023278196762,
              7.7055416968591235
            ],
            [
              162.40317183112907,
              7.835554851731408
            ],
            [
              162.74082823104766,
              7.6445124369996
            ],
            [
              162.77958898226993,
              7.625033330614061
            ]
          ]
        ]
      },
      "id": "73ccc872-d3b8-4a72-8234-0c9099925165"
    },
    {
      "type": "Feature",
      "properties": {
        "id": "8ba32422-39f5-4d1c-978e-0f12d9dbebe1",
        "name": "sketch5-4"
      },
      "geometry": {
        "type": "Polygon",
        "coordinates": [
          [
            [
              140.72077765920938,
              5.460659322724558
            ],
            [
              140.79442593347875,
              5.331850286264148
            ],
            [
              140.64021823900688,
              5.207811928625265
            ],
            [
              140.48039728253787,
              5.305784012069196
            ],
            [
              140.38684418956336,
              5.024666546451105
            ],
            [
              140.45828818706678,
              5.286400897313253
            ],
            [
              140.07790289459635,
              5.317406542092543
            ],
            [
              140.10105692406364,
              5.458240551663772
            ],
            [
              140.42344434960654,
              5.394063049011264
            ],
            [
              140.36660859182038,
              5.4985933038154675
            ],
            [
              140.72077765920938,
              5.460659322724558
            ]
          ]
        ]
      },
      "id": "8ba32422-39f5-4d1c-978e-0f12d9dbebe1"
    }
  ],
  "bbox": [
    140.07790289459635,
    -1.4804471006418414,
    165.1944324770123,
    7.835554851731408
  ]
}
