{
  "type": "FeatureCollection",
  "features": [
    {
      "type": "Feature",
      "properties": {
        "id": "a80afa19-4c45-430b-a9c9-c628d078f64b",
        "name": "sketch187-0"
      },
      "geometry": {
        "type": "Polygon",
        "coordinates": [
          [
            [
              148.4742994611903,
              13.554049633569221
            ],
            [
              148.52985244047514,
              13.716162412830815
            ],
            [
              148.69430663670647,
              13.59910784792592
            ],
            [
              148.83103375679175,
              13.384892370228487
            ],
            [
              148.48922688219193,
              13.377241845084452
            ],
            [
              148.5485058183724,
              13.280173980881845
            ],
            [
              148.54312500267787,
              13.041180262447508
            ],
            [
              148.29651372391643,
              13.228658974581913
            ],
            [
              148.14325343837845,
              13.304235067015838
            ],
            [
              148.30115912880188,
              13.484736454998352
            ],
            [
              148.4742994611903,
              13.554049633569221
            ]
          ]
        ]
      },
      "id": "a80afa19-4c45-430b-a9c9-c628d078f64b"
    },
    {
      "type": "Feature",
      "properties": {
        "id": "bf1280f7-9ae9-46d4-aef8-78f258ca42df",
        "name": "sketch187-1"
      },
      "geometry": {
        "type": "Polygon",
        "coordinates": [
          [
            [
              140.0624898133456,
              -1.1266124570269895
            ],
            [
              140.19584667735745,
              -1.0317886414816608
            ],
            [
              140.32861903175112,
              -1.0129172890803733
            ],
            [
              140.52016392923483,
              -1.1563425614020362
            ],
            [
              140.1136265457052,
              -1.2228876131890607
            ],
            [
              140.02487141483564,
              -1.4536907242038928
            ],
            [
              139.99584685007852,
              -1.2515123801437216
            ],
            [
              139.59510661697166,
              -1.2625919692082936
            ],
            [
              140.00434073943768,
              -1.123166823021615
            ],
            [
              140.02282302842147,
              -1.0217968452673747
            ],
            [
              140.0624898133456,
              -1.1266124570269895
            ]
          ]
        ]
      },
      "id": "bf1280f7-9ae9-46d4-aef8-78f258ca42df"
    },
    {
      "type": "Feature",
      "properties": {
        "id": "cb3943fe-249e-4bfc-8408-de8211a3320d",
        "name": "sketch187-2"
      },
      "geometry": {
        "type": "Polygon",
        "coordinates": [
          [
            [
              163.66066160050258,
              2.5896594107798405
            ],
            [
              163.89694483912473,
              2.7007555051034577
            ],
            [
              164.05816283039275,
              2.420594473716641
            ],
            [
              163.7822069742832,
              2.231900348568719
            ],
            [
              163.59845872724947,
              2.174214288599416
            ],
            [
              163.37542354292242,
              2.1591282306086805
            ],
            [
              163.47685511931093,
              2.2897552867298883
            ],
            [
              163.41786358645956,
              2.4385217432515804
            ],
            [
              163.62533353795658,
              2.4746952898154273
            ],
            [
              163.41797307465004,
              2.7273417553937334
            ],
            [
              163.66066160050258,
              2.5896594107798405
            ]
          ]
        ]
      },
      "id": "cb3943fe-249e-4bfc-8408-de8211a3320d"
    },
    {
      "type": "Feature",
      "properties": {
        "id": "2e7203aa-c817-4b2c-88bc-f2b5d0d46225",
        "name": "sketch187-3"
      },
      "geometry": {
        "type": "Polygon",
        "coordinates": [
          [
            [
              144.25198612912814,
              5.284027720789739
            ],
            [
              144.24745814192812,
              5.256970471612612
            ],
            [
              144.43514820546784,
              5.2753807214980775
            ],
            [
              144.56638997760342,
              5.1069895320544365
            ],
            [
              144.29335676511394,
              5.183462017706915
            ],
            [
              144.23021026706297,
              5.22387248049165
            ],
            [
              144.23174211271558,
              5.246873323429543
            ],
            [
              143.7802809953774,
              5.198310012056107
            ],
            [
              144.10277491756835,
              5.314912210690062
            ],
            [
              144.15387713866718,
              5.560392795549143
            ],
            [
              144.25198612912814,
              5.284027720789739
            ]
          ]
        ]
      },
      "id": "2e7203aa-c817-4b2c-88bc-f2b5d0d46225"
    },
    {
      "type": "Feature",
      "properties": {
        "id": "a616d5b8-1a86-4c67-bb04-6f3a6105275b",
        "name": "sketch187-4"
      },
      "geometry": {
        "type": "Polygon",
        "coordinates": [
          [
            [
              152.94452434238377,
              10.586710563105834
            ],
            [
              152.79511040353444,
              10.226411930634352
            ],
            [
              153.16570316761053,
              10.343274941717521
            ],
            [
              152.95144529895376,
              9.797395087370807
            ],
            [
              152.7204090243745,
              10.138767477522398
            ],
            [
              152.63607080203505,
              10.07420073186663
            ],
            [
              152.4794978193148,
              10.13427037962649
            ],
            [
              152.59531302808378,
              10.229273205161398
            ],
            [
              152.68147495053327,
              10.182638962585315
            ],
            [
              152.41769619006024,
              10.484699387547284
            ],
            [
              152.94452434238377,
              10.586710563105834
            ]
          ]
        ]
      },
      "id": "a616d5b8-1a86-4c67-bb04-6f3a6105275b"
    },
    {
      "type": "Feature",
      "properties": {
        "id": "a5056732-dc24-4014-9a30-359fdc7828c0",
        "name": "sketch187-5"
      },
      "geometry": {
        "type": "Polygon",
        "coordinates": [
          [
            [
              142.0735340780549,
              0.9423100099181171
            ],
            [
              142.0580799876771,
              0.8336969783203235
            ],
            [
              142.10087268703182,
              0.6965291739597355
            ],
            [
              142.27307326620158,
              0.6686021056263156
            ],
            [
              142.02919978990428,
              0.6985103429871508
            ],
            [
              142.02126109801952,
              0.2345225271349511
            ],
            [
              141.78127470255467,
              0.541488786048441
            ],
            [
              141.7536967038439,
              0.821469387270535
            ],
            [
              141.864031132347,
              0.7847405522874977
            ],
            [
              141.79591432932114,
              1.1008726581879598
            ],
            [
              142.0735340780549,
              0.9423100099181171
            ]
          ]
        ]
      },
      "id": "a5056732-dc24-4014-9a30-359fdc7828c0"
    },
    {
      "type": "Feature",
      "properties": {
        "id": "df036e5e-c249-43f6-91b5-c54dbdd852ec",
        "name": "sketch187-6"
      },
      "geometry": {
        "type": "Polygon",
        "coordinates": [
          [
            [
              156.8855921027339,
              4.236553816632422
            ],
            [
              157.05839026690043,
              4.207259664350917
            ],
            [
              157.1691593862671,
              4.018669466394556
            ],
            [
              156.96606767861215,
              3.9487634377237155
            ],
            [
              156.82711428114865,
              4.101661802059384
            ],
            [
              156.7629316183112,
              3.9081660847298463
            ],
            [
              156.7658135164735,
              4.121654553892702
            ],
            [
              156.4895756418944,
              4.2013348091734155
            ],
            [
              156.3589570359621,
              4.248636555279637
            ],
            [
              156.7943548151238,
              4.159414740471965
            ],
            [
              156.8855921027339,
              4.236553816632422
            ]
          ]
        ]
      },
      "id": "df036e5e-c249-43f6-91b5-c54dbdd852ec"
    }
  ],
  "bbox": [
    139.59510661697166,
    -1.4536907242038928,
    164.05816283039275,
    13.716162412830815
  ]
}
