{
  "type": "FeatureCollection",
  "features": [
    {
      "type": "Feature",
      "properties": {
        "id": "8da52d50-7edd-43ad-975b-defab39f3be5",
        "name": "sketch224-0"
      },
      "geometry": {
        "type": "Polygon",
        "coordinates": [
          [
            [
              151.8119325091431,
              4.669883872057785
            ],
            [
              151.73471833650052,
              4.464553899040278
            ],
            [
              151.5990523898874,
              4.290951108911466
            ],
            [
              151.68499308299403,
              4.2843541034039605
            ],
            [
              151.78004027465184,
              4.203524990167849
            ],
            [
              151.69811444506342,
              4.014580152413193
            ],
            [
              151.5374904114068,
              4.18334533074697
            ],
            [
              151.2701963700952,
              4.234922197454278
            ],
            [
              151.28796574931476,
              4.500764595390391
            ],
            [
              151.4193655173626,
              4.482960019866433
            ],
            [
              151.8119325091431,
              4.669883872057785
            ]
          ]
        ]
      },
      "id": "8da52d50-7edd-43ad-975b-defab39f3be5"
    },
    {
      "type": "Feature",
      "properties": {
        "id": "bc6318a5-38af-458b-95cd-a103bf97feb9",
        "name": "sketch224-1"
      },
      "geometry": {
        "type": "Polygon",
        "coordinates": [
          [
            [
              143.15521346579013,
              3.741723273126832
            ],
            [
              143.16385061101715,
              3.369048671798856
            ],
            [
              143.44808214935767,
              3.3976112915782837
            ],
            [
              143.3170243494625,
              3.1151297212629334
            ],
            [
              143.10489079568103,
              3.258488133336178
            ],
            [
              143.03743216484705,
              3.315227740253866
            ],
            [
              142.61616972122314,
              3.359343168545341
            ],
            [
              143.08611083417554,
              3.430093975521138
            ],
            [
              143.06137321970675,
              3.8293918505445395
            ],
            [
              143.09145685720796,
              3.579142602716936
            ],
            [
              143.15521346579013,
              3.741723273126832
            ]
          ]
        ]
      },
      "id": "bc6318a5-38af-458b-95cd-a103bf97feb9"
    },
    {
      "type": "Feature",
      "properties": {
        "id": "ff295a02-26df-4a7a-9171-b32ff18b196d",
        "name": "sketch224-2"
      },
      "geometry": {
        "type": "Polygon",
        "coordinates": [
          [
            [
              137.06526964518952,
              1.4298729374324162
            ],
            [
              137.25240276304245,
              1.4045343592415351
            ],
            [
              137.24980939620144,
              1.0796102697282552
            ],
            [
              137.24970118582198,
              0.9353572269906949
            ],
            [
              137.08632164035862,
              0.8683748477620943
            ],
            [
              136.96540173301065,
              0.7988188288359965
            ],
            [
              136.76737557064587,
              0.6307256896042218
            ],
            [
              136.96911154924626,
              0.978470085170128
            ],
            [
              136.6315001060036,
              1.0437210416294365
            ],
            [
              136.8504797400091,
              1.196496584173938
            ],
            [
              137.06526964518952,
              1.4298729374324162
            ]
          ]
        ]
      },
      "id": "ff295a02-26df-4a7a-9171-b32ff18b196d"
    },
    {
      "type": "Feature",
      "properties": {
        "id": "3d554caa-c3b7-4002-a1e7-bd93f766b33b",
        "name": "sketch224-3"
      },
      "geometry": {
        "type": "Polygon",
        "coordinates": [
          [
            [
              159.12335518862923,
              0.11925948901302158
            ],
            [
              159.19429960958877,
              0.015751547626396162
            ],
            [
              159.1610741879005,
              -0.028578559256758833
            ],
            [
              159.45555774121613,
              -0.023067662074895592
            ],
            [
              159.33085670814305,
              -0.3438504851016337
            ],
            [
              159.05454666558072,
              -0.25915333221059267
            ],
            [
              158.7329806590691,
              -0.4128541218528446
            ],
            [
              158.87156594886076,
              -0.10042067093040774
            ],
            [
              158.8715346801172,
              0.16076379960435586
            ],
            [
              159.0439406275291,
              0.12667653084289493
            ],
            [
              159.12335518862923,
              0.11925948901302158
            ]
          ]
        ]
      },
      "id": "3d554caa-c3b7-4002-a1e7-bd93f766b33b"
    }
  ],
  "bbox": [
    136.6315001060036,
    -0.4128541218528446,
    159.45555774121613,
    4.669883872057785
  ]
}
