{
  "type": "FeatureCollection",
  "features": [
    {
      "type": "Feature",
      "properties": {
        "id": "166dfaeb-4b8c-491c-bdcc-7e8653f9f633",
        "name": "sketch82-0"
      },
      "geometry": {
        "type": "Polygon",
        "coordinates": [
          [
            [
              138.27392784666858,
              5.415556362856925
            ],
            [
              138.24935847669974,
              5.382316688081867
            ],
            [
              138.20802856923717,
              5.324163473903893
            ],
            [
              138.31282667528703,
              4.999239641781212
            ],
            [
              137.94648314932851,
              4.976918360155184
            ],
            [
              137.99428779219093,
              5.165279820478314
            ],
            [
              137.87195662334756,
              4.999743887130151
            ],
            [
              137.6741396305934,
              5.498677184093528
            ],
            [
              138.09247278095748,
              5.4064120322652105
            ],
            [
              138.0234778383389,
              5.88822550638066
            ],
            [
              138.27392784666858,
              5.415556362856925
            ]
          ]
        ]
      },
      "id": "166dfaeb-4b8c-491c-bdcc-7e8653f9f633"
    },
    {
      "type": "Feature",
      "properties": {
        "id": "a9829671-556b-4dc3-8a72-80f0eca6753b",
        "name": "sketch82-1"
      },
      "geometry": {
        "type": "Polygon",
        "coordinates": [
          [
            [
              150.62724770795128,
              12.147994393617129
            ],
            [
              150.8331716569677,
              12.465139554505395
            ],
            [
              150.7333843469318,
              12.130601446795945
            ],
            [
              150.77231825349864,
              12.079719759077431
            ],
            [
              150.7364212794374,
              11.902883683482083
            ],
            [
              150.5545536806237,
              11.964898242409378
            ],
            [
              150.4145194985333,
              12.041787742069777
            ],
            [
              150.3141468478275,
              12.126019331190163
            ],
            [
              150.32980614299203,
              12.334906613613002
            ],
            [
              150.54826607605503,
              12.439120630607501
            ],
            [
              150.62724770795128,
              12.147994393617129
            ]
          ]
        ]
      },
      "id": "a9829671-556b-4dc3-8a72-80f0eca6753b"
    }
  ],
  "bbox": [
    137.6741396305934,
    4.976918360155184,
    150.8331716569677,
    12.465139554505395
  ]
}
