{
  "type": "FeatureCollection",
  "features": [
    {
      "type": "Feature",
      "properties": {
        "id": "e55056fc-5bde-44e8-b636-58ca180a2e72",
        "name": "sketch182-0"
      },
      "geometry": {
        "type": "Polygon",
        "coordinates": [
          [
            [
              158.3943326950743,
              10.848882807011913
            ],
            [
              158.35601422073375,
              10.781437209555081
            ],
            [
              158.3314811811534,
              10.765245050193712
            ],
            [
              158.3115157568154,
              10.770240381595926
            ],
            [
              158.29298350806505,
              10.775887332260604
            ],
            [
              158.1854438125488,
              10.662821776042797
            ],
            [
              158.09214252444815,
              10.589811570675955
            ],
            [
              158.28482225478214,
              10.789578846196374
            ],
            [
              158.1015208598152,
              10.748957113028563
            ],
            [
              158.1967833379775,
              10.93712381724697
            ],
            [
              158.3943326950743,
              10.848882807011913
            ]
          ]
        ]
      },
      "id": "e55056fc-5bde-44e8-b636-58ca180a2e72"
    },
    {
      "type": "Feature",
      "properties": {
        "id": "b176310f-95a6-42e1-8366-80c2a055cfc4",
        "name": "sketch182-1"
      },
      "geometry": {
        "type": "Polygon",
        "coordinates": [
          [
            [
              159.18975109168557,
              4.7200417336941705
            ],
            [
              159.43730638600508,
              4.63077928038922
            ],
            [
              159.1434262606139,
              4.433272906631001
            ],
            [
              159.33980437463126,
              4.146261919877501
            ],
            [
              159.03792488397787,
              4.054610898795787
            ],
            [
              158.989709582464,
              4.329892640726937
            ],
            [
              158.92678577713406,
              4.313044675177556
            ],
            [
              158.64568674907716,
              4.15770183311953
            ],
            [
              158.77079832688838,
              4.494797311205028
            ],
            [
              158.78703605162696,
              4.669768321236267
            ],
            [
              159.18975109168557,
              4.7200417336941705
            ]
          ]
        ]
      },
      "id": "b176310f-95a6-42e1-8366-80c2a055cfc4"
    }
  ],
  "bbox": [
    158.09214252444815,
    4.054610898795787,
    159.43730638600508,
    10.93712381724697
  ]
}
