{
  "type": "FeatureCollection",
  "features": [
    {
      "type": "Feature",
      "properties": {
        "id": "c03cdd6e-1597-452b-8ee4-f347a7dba92d",
        "name": "sketch353-0"
      },
      "geometry": {
        "type": "Polygon",
        "coordinates": [
          [
            [
              163.2077530032402,
              4.768106426191509
            ],
            [
              163.053236891018,
              4.414046358254972
            ],
            [
              163.15804534572166,
              4.159069407833817
            ],
            [
              163.06244372601978,
              4.039988149628938
            ],
            [
              162.67770308389515,
              4.126845515597646
            ],
            [
              162.7802857187514,
              4.359223564614158
            ],
            [
              162.78959170433254,
              4.424823371857001
            ],
            [
              162.47576354830426,
              4.4994848743626505
            ],
            [
              162.56335085615154,
              4.685992525402158
            ],
            [
              162.83584463059793,
              4.471782717430526
            ],
            [
              163.2077530032402,
              4.768106426191509
            ]
          ]
        ]
      },
      "id": "c03cdd6e-1597-452b-8ee4-f347a7dba92d"
    },
    {
      "type": "Feature",
      "properties": {
        "id": "c4b507c2-48da-4ca7-8098-11c6a5ad1d58",
        "name": "sketch353-1"
      },
      "geometry": {
        "type": "Polygon",
        "coordinates": [
          [
            [
              143.2081702438579,
              2.0794317720079953
            ],
            [
              143.2862113866221,
              1.9309979658477014
            ],
            [
              143.31541372152776,
              1.766600806075196
            ],
            [
              143.0763401878318,
              1.6667870848153994
            ],
            [
              143.00677749246125,
              1.6042011077246718
            ],
            [
              142.77548932941292,
              1.5635416781479896
            ],
            [
              142.92923745557485,
              1.7630086471353603
            ],
            [
              142.60713903885497,
              2.065451962918202
            ],
            [
              142.93476191887888,
              1.8419538680789282
            ],
            [
              142.95427709246684,
              1.818860856826324
            ],
            [
              143.2081702438579,
              2.0794317720079953
            ]
          ]
        ]
      },
      "id": "c4b507c2-48da-4ca7-8098-11c6a5ad1d58"
    },
    {
      "type": "Feature",
      "properties": {
        "id": "ee4cc174-1d18-46c6-9863-565320597e46",
        "name": "sketch353-2"
      },
      "geometry": {
        "type": "Polygon",
        "coordinates": [
          [
            [
              158.13723044019616,
              12.229525623965177
            ],
            [
              158.12808575501103,
              12.20426706680589
            ],
            [
              158.42626195813884,
              12.240268015668589
            ],
            [
              158.209725605276,
              12.057043755038508
            ],
            [
              158.1626331067297,
              11.856871104440039
            ],
            [
              158.05500157907375,
              12.141663690754909
            ],
            [
              158.0819272626326,
              12.17381347030867
            ],
            [
              157.61848189264433,
              12.194785065908716
            ],
            [
              157.62868370172203,
              12.212092454914417
            ],
            [
              158.0371462617269,
              12.307519607286773
            ],
            [
              158.13723044019616,
              12.229525623965177
            ]
          ]
        ]
      },
      "id": "ee4cc174-1d18-46c6-9863-565320597e46"
    }
  ],
  "bbox": [
    142.60713903885497,
    1.5635416781479896,
    163.2077530032402,
    12.307519607286773
  ]
}
