{
  "type": "FeatureCollection",
  "features": [
    {
      "type": "Feature",
      "properties": {
        "id": "55a1a9bc-e267-489c-a068-e6499dae2e1a",
        "name": "sketch103-0"
      },
      "geometry": {
        "type": "Polygon",
        "coordinates": [
          [
            [
              141.6471961216593,
              6.856650906124519
            ],
            [
              141.64151873976004,
              6.7498293083664995
            ],
            [
              141.99008302532218,
              6.907684966413384
            ],
            [
              141.99515669320388,
              6.888335582344063
            ],
            [
              141.91614284089493,
              6.840223291647382
            ],
            [
              141.6439742257749,
              6.684274155996739
            ],
            [
              141.64285668743145,
              6.481580630533567
            ],
            [
              141.49155811642646,
              6.456144527188088
            ],
            [
              141.4214397205452,
              6.690385739471406
            ],
            [
              141.29505189721593,
              7.017744888620184
            ],
            [
              141.6471961216593,
              6.856650906124519
            ]
          ]
        ]
      },
      "id": "55a1a9bc-e267-489c-a068-e6499dae2e1a"
    },
    {
      "type": "Feature",
      "properties": {
        "id": "008b4c84-60eb-481a-a311-7f13eb00251f",
        "name": "sketch103-1"
      },
      "geometry": {
        "type": "Polygon",
        "coordinates": [
          [
            [
              141.31044698874342,
              1.4671129508860556
            ],
            [
              141.32897505974668,
              1.441686946888682
            ],
            [
              141.65397786063514,
              1.2864779570022062
            ],
            [
              141.58217789405236,
              1.249946991028259
            ],
            [
              141.30130123489278,
              1.424811651634128
            ],
            [
              141.0659742843599,
              1.2856790481424223
            ],
            [
              141.06400448881777,
              1.3152008355615756
            ],
            [
              141.00804410090356,
              1.4097097475962372
            ],
            [
              140.93431465919784,
              1.4789334599811217
            ],
            [
              141.1945836615398,
              1.5800194711542637
            ],
            [
              141.31044698874342,
              1.4671129508860556
            ]
          ]
        ]
      },
      "id": "008b4c84-60eb-481a-a311-7f13eb00251f"
    },
    {
      "type": "Feature",
      "properties": {
        "id": "bb9607d5-ea41-4b36-9f06-1af2b280d84a",
        "name": "sketch103-2"
      },
      "geometry": {
        "type": "Polygon",
        "coordinates": [
          [
            [
              151.72019226008,
              0.35704932255526084
            ],
            [
              151.8830692216704,
              0.10594831766368717
            ],
            [
              151.63578121586391,
              -0.04137575022270505
            ],
            [
              151.6048192789394,
              -0.055925950122425315
            ],
            [
              151.70502730463863,
              -0.22065353618018582
            ],
            [
              151.67411985346484,
              -0.3048658827477553
            ],
            [
              151.38336144125415,
              -0.45443318016078665
            ],
            [
              151.09397653411355,
              -0.1671919482384884
            ],
            [
              151.18004607580707,
              -0.02018353986017974
            ],
            [
              151.48758254570302,
              -0.04362329899300145
            ],
            [
              151.72019226008,
              0.35704932255526084
            ]
          ]
        ]
      },
      "id": "bb9607d5-ea41-4b36-9f06-1af2b280d84a"
    }
  ],
  "bbox": [
    140.93431465919784,
    -0.45443318016078665,
    151.8830692216704,
    7.017744888620184
  ]
}
