{
  "type": "FeatureCollection",
  "features": [
    {
      "type": "Feature",
      "properties": {
        "id": "b013b331-bf17-44a7-896e-e646ea95dae7",
        "name": "sketch226-0"
      },
      "geometry": {
        "type": "Polygon",
        "coordinates": [
          [
            [
              149.2538688571358,
              0.23413587294130428
            ],
            [
              149.29863905570954,
              0.2593883923603286
            ],
            [
              149.54029873832084,
              0.13605659268560352
            ],
            [
              149.59280999240664,
              0.01958068482215168
            ],
            [
              149.32217038401396,
              -0.1410241769117337
            ],
            [
              149.12913037903712,
              -0.4142974998236874
            ],
            [
              148.86561814183648,
              -0.3540734866181759
            ],
            [
              148.9455871161851,
              -0.11846607911823
            ],
            [
              149.06179528198257,
              -0.015461139579895616
            ],
            [
              149.06365336279893,
              0.02731197316813637
            ],
            [
              149.2538688571358,
              0.23413587294130428
            ]
          ]
        ]
      },
      "id": "b013b331-bf17-44a7-896e-e646ea95dae7"
    },
    {
      "type": "Feature",
      "properties": {
        "id": "4ec172f5-188b-493c-8598-b8458d95762d",
        "name": "sketch226-1"
      },
      "geometry": {
        "type": "Polygon",
        "coordinates": [
          [
            [
              161.81453524596972,
              11.707382053514575
            ],
            [
              162.0433024103525,
              11.76022399049249
            ],
            [
              162.06454402992134,
              11.68806618501037
            ],
            [
              161.97387839405644,
              11.38254896645389
            ],
            [
              161.7878070141698,
              11.428809461721134
            ],
            [
              161.6061648608031,
              11.35004511714592
            ],
            [
              161.30699627385292,
              11.574583705066228
            ],
            [
              161.51395653682536,
              11.708470574935841
            ],
            [
              161.51286990743776,
              11.891660990937368
            ],
            [
              161.5781489373103,
              11.906738758919932
            ],
            [
              161.81453524596972,
              11.707382053514575
            ]
          ]
        ]
      },
      "id": "4ec172f5-188b-493c-8598-b8458d95762d"
    },
    {
      "type": "Feature",
      "properties": {
        "id": "5e241691-4e04-49ca-85da-ccbf8bf6bd77",
        "name": "sketch226-2"
      },
      "geometry": {
        "type": "Polygon",
        "coordinates": [
          [
            [
              144.36595577254016,
              3.6692907241109314
            ],
            [
              144.39764636655858,
              3.615264656075349
            ],
            [
              144.4730102340591,
              3.749290457853829
            ],
            [
              144.39407363847803,
              3.501937474720235
            ],
            [
              144.41160520257029,
              3.3229679966268044
            ],
            [
              144.15741937225104,
              3.3870845239328453
            ],
            [
              144.1435572261822,
              3.4249354207676603
            ],
            [
              144.04965260530275,
              3.4772888660935117
            ],
            [
              144.0331942824747,
              3.7983127001089065
            ],
            [
              144.34227908816192,
              3.8661118076504133
            ],
            [
              144.36595577254016,
              3.6692907241109314
            ]
          ]
        ]
      },
      "id": "5e241691-4e04-49ca-85da-ccbf8bf6bd77"
    },
    {
      "type": "Feature",
      "properties": {
        "id": "ac65f550-9294-4fb0-8ce4-533220ff2618",
        "name": "sketch226-3"
      },
      "geometry": {
        "type": "Polygon",
        "coordinates": [
          [
            [
              137.09808782926066,
              3.5813692936609574
            ],
            [
              137.09828673387364,
              3.128424909547042
            ],
            [
              137.40739837788834,
              3.1237258481476236
            ],
            [
              137.38975359658843,
              2.9347264866001206
            ],
            [
              137.0290046756595,
              3.0944089944219177
            ],
            [
              137.07458501649964,
              2.9584893665542844
            ],
            [
              136.97378513376577,
              3.050083955281488
            ],
            [
              136.85871598435864,
              2.947701394137598
            ],
            [
              137.00864416566577,
              3.1011341918530664
            ],
            [
              136.88227587253132,
              3.167413448572298
            ],
            [
              137.09808782926066,
              3.5813692936609574
            ]
          ]
        ]
      },
      "id": "ac65f550-9294-4fb0-8ce4-533220ff2618"
    },
    {
      "type": "Feature",
      "properties": {
        "id": "73df860e-8040-451e-95df-3511fd42f30a",
        "name": "sketch226-4"
      },
      "geometry": {
        "type": "Polygon",
        "coordinates": [
          [
            [
              152.4063298758459,
              9.594139729654763
            ],
            [
              152.4858893438173,
              9.576282693804098
            ],
            [
              152.35399533240417,
              9.560176111494124
            ],
            [
              152.49381054904168,
              9.321143026656337
            ],
            [
              152.37191706003327,
              9.12713309857513
            ],
            [
              152.03906585695452,
              9.189766309478005
            ],
            [
              152.28607369160375,
              9.507268982747007
            ],
            [
              151.9139163275151,
              9.432419833716148
            ],
            [
              152.34629460499238,
              9.565916122201127
            ],
            [
              152.34767219399427,
              9.691462551336041
            ],
            [
              152.4063298758459,
              9.594139729654763
            ]
          ]
        ]
      },
      "id": "73df860e-8040-451e-95df-3511fd42f30a"
    },
    {
      "type": "Feature",
      "properties": {
        "id": "a77d509d-09b1-45e7-830e-52928108c591",
        "name": "sketch226-5"
      },
      "geometry": {
        "type": "Polygon",
        "coordinates": [
          [
            [
              149.0748499073545,
              -1.0109618278410204
            ],
            [
              149.10414531165117,
              -0.9590968655772573
            ],
            [
              149.35408431980156,
              -0.8537069054646742
            ],
            [
              149.53676946232355,
              -1.2014290574748678
            ],
            [
              149.1698481093799,
              -1.4218244085706957
            ],
            [
              149.0526893979703,
              -1.2413995262336455
            ],
            [
              148.67521811770916,
              -1.2556612299898846
            ],
            [
              148.72984554614985,
              -0.8406445382355234
            ],
            [
              148.99076208489146,
              -1.022834261817052
            ],
            [
              149.0274816563957,
              -0.7467224363789393
            ],
            [
              149.0748499073545,
              -1.0109618278410204
            ]
          ]
        ]
      },
      "id": "a77d509d-09b1-45e7-830e-52928108c591"
    }
  ],
  "bbox": [
    136.85871598435864,
    -1.4218244085706957,
    162.06454402992134,
    11.906738758919932
  ]
}
