{
  "type": "FeatureCollection",
  "features": [
    {
      "type": "Feature",
      "properties": {
        "id": "f555baf3-216d-469b-a0c9-7190bc50d0c6",
        "name": "sketch94-0"
      },
      "geometry": {
        "type": "Polygon",
        "coordinates": [
          [
            [
              141.62274508695162,
              9.617986559122942
            ],
            [
              141.38162081908263,
              9.35640808861066
            ],
            [
              141.77433192312938,
              9.307506271073962
            ],
            [
              141.46994849285034,
              9.27197554097807
            ],
            [
              141.4476454803783,
              9.20788715024856
            ],
            [
              141.32457245492378,
              9.180552048288709
            ],
            [
              141.18110397501113,
              9.163158249535426
            ],
            [
              141.31060615765998,
              9.359245992635188
            ],
            [
              141.30287302056183,
              9.406582872573761
            ],
            [
              141.35255426093616,
              9.519414143723626
            ],
            [
              141.62274508695162,
              9.617986559122942
            ]
          ]
        ]
      },
      "id": "f555baf3-216d-469b-a0c9-7190bc50d0c6"
    },
    {
      "type": "Feature",
      "properties": {
        "id": "0b107b68-f6ee-40e2-81d1-fc0258fac61d",
        "name": "sketch94-1"
      },
      "geometry": {
        "type": "Polygon",
        "coordinates": [
          [
            [
              140.35083585162639,
              0.5139172553838622
            ],
            [
              140.47222933211071,
              0.5582505600074327
            ],
            [
              140.56592708056968,
              0.4452206752150231
            ],
            [
              140.4816237092899,
              0.2058219630969927
            ],
            [
              140.34783333175227,
              0.5026360614163897
            ],
            [
              140.28024734090502,
              0.35904989764912865
            ],
            [
              140.0212243355256,
              0.2879889390486333
            ],
            [
              140.1975693551366,
              0.4999481119786046
            ],
            [
              140.05818250730792,
              0.6884964476789502
            ],
            [
              140.3243049107785,
              0.6002557791902311
            ],
            [
              140.35083585162639,
              0.5139172553838622
            ]
          ]
        ]
      },
      "id": "0b107b68-f6ee-40e2-81d1-fc0258fac61d"
    },
    {
      "type": "Feature",
      "properties": {
        "id": "2b733882-28e3-454f-a202-bcf1e993c5fc",
        "name": "sketch94-2"
      },
      "geometry": {
        "type": "Polygon",
        "coordinates": [
          [
            [
              156.43253321887045,
              8.3026775949318
            ],
            [
              156.37302753560763,
              8.153650869064446
            ],
            [
              156.48426362220084,
              8.215777935197092
            ],
            [
              156.57899873916585,
              8.132924795517601
            ],
            [
              156.68006548153673,
              8.033470614344415
            ],
            [
              156.42595695204218,
              7.95020522626952
            ],
            [
              156.31904950966722,
              7.785744223740994
            ],
            [
              156.31379169727643,
              8.087415053971776
            ],
            [
              155.97670541847305,
              8.266818834187877
            ],
            [
              156.30820573302958,
              8.195175848363514
            ],
            [
              156.43253321887045,
              8.3026775949318
            ]
          ]
        ]
      },
      "id": "2b733882-28e3-454f-a202-bcf1e993c5fc"
    },
    {
      "type": "Feature",
      "properties": {
        "id": "b045a8e8-3642-495d-a974-b0a821876b71",
        "name": "sketch94-3"
      },
      "geometry": {
        "type": "Polygon",
        "coordinates": [
          [
            [
              137.41193413658013,
              5.7246416848077954
            ],
            [
              137.43706828133156,
              5.4691277030067145
            ],
            [
              137.4859285391179,
              5.280628584458562
            ],
            [
              137.45527279385033,
              5.065658565898545
            ],
            [
              137.32110796718783,
              5.307182050177093
            ],
            [
              137.15382770018843,
              4.965363149747887
            ],
            [
              137.1327735248574,
              5.198616704037644
            ],
            [
              136.8975012860827,
              5.312059145207819
            ],
            [
              137.16159750983925,
              5.402737496619022
            ],
            [
              137.2590758130241,
              5.572173779298594
            ],
            [
              137.41193413658013,
              5.7246416848077954
            ]
          ]
        ]
      },
      "id": "b045a8e8-3642-495d-a974-b0a821876b71"
    }
  ],
  "bbox": [
    136.8975012860827,
    0.2058219630969927,
    156.68006548153673,
    9.617986559122942
  ]
}
