{
  "type": "FeatureCollection",
  "features": [
    {
      "type": "Feature",
      "properties": {
        "id": "77606ad7-130a-49eb-8f00-f3a8e18b4124",
        "name": "sketch206-0"
      },
      "geometry": {
        "type": "Polygon",
        "coordinates": [
          [
            [
              142.4916155994957,
              10.411749220633983
            ],
            [
              142.85799988844997,
              10.226665158827405
            ],
            [
              142.74717604002495,
              9.78049787588429
            ],
            [
              142.3335194040559,
              9.89970067712397
            ],
            [
              142.2011673263565,
              9.905323206434304
            ],
            [
              142.39331145798184,
              10.136627728684852
            ],
            [
              142.01642416793314,
              9.96741612970401
            ],
            [
              142.38769685407618,
              10.16247119394008
            ],
            [
              142.16308393236656,
              10.330406942552584
            ],
            [
              142.34643881748042,
              10.273612653814896
            ],
            [
              142.4916155994957,
              10.411749220633983
            ]
          ]
        ]
      },
      "id": "77606ad7-130a-49eb-8f00-f3a8e18b4124"
    },
    {
      "type": "Feature",
      "properties": {
        "id": "3b752ec5-d2d9-4db1-b0ec-d29f66aa09e6",
        "name": "sketch206-1"
      },
      "geometry": {
        "type": "Polygon",
        "coordinates": [
          [
            [
              144.91929373598626,
              10.97249972211059
            ],
            [
              144.7477288656951,
              10.695527763051379
            ],
            [
              144.99694151578336,
              10.448972462866166
            ],
            [
              144.607900240475,
              10.31126392859397
            ],
            [
              144.59753076569018,
              10.298020120312476
            ],
            [
              144.43591157186106,
              10.423083933491828
            ],
            [
              144.28178402796647,
              10.511448407027714
            ],
            [
              144.60734844016272,
              10.720888301750723
            ],
            [
              144.64710180257222,
              10.745610327857987
            ],
            [
              144.2991300956262,
              11.000588409990744
            ],
            [
              144.91929373598626,
              10.97249972211059
            ]
          ]
        ]
      },
      "id": "3b752ec5-d2d9-4db1-b0ec-d29f66aa09e6"
    },
    {
      "type": "Feature",
      "properties": {
        "id": "0fe3c8ae-a642-4571-9429-cb76286f0c11",
        "name": "sketch206-2"
      },
      "geometry": {
        "type": "Polygon",
        "coordinates": [
          [
            [
              157.16090060884386,
              8.332001162606938
            ],
            [
              157.04227394632483,
              8.106055697105456
            ],
            [
              157.25542927443317,
              8.013496485174546
            ],
            [
              157.33222339061646,
              7.91191898185892
            ],
            [
              157.07687370412518,
              7.980645924908289
            ],
            [
              156.99365608643598,
              8.07175616706428
            ],
            [
              156.87275884522657,
              7.825289904280186
            ],
            [
              156.67874832858482,
              7.930985367785552
            ],
            [
              156.51638866245588,
              8.127778070917053
            ],
            [
              156.6667946092452,
              8.41509135830117
            ],
            [
              157.16090060884386,
              8.332001162606938
            ]
          ]
        ]
      },
      "id": "0fe3c8ae-a642-4571-9429-cb76286f0c11"
    },
    {
      "type": "Feature",
      "properties": {
        "id": "f9df6574-3276-4b25-ba52-4f73bdbd9f98",
        "name": "sketch206-3"
      },
      "geometry": {
        "type": "Polygon",
        "coordinates": [
          [
            [
              164.70487962372107,
              10.547767460652738
            ],
            [
              165.05432666126725,
              10.631202592419715
            ],
            [
              164.8350380274137,
              10.399905744764354
            ],
            [
              164.93222197142927,
              10.07150350115074
            ],
            [
              164.76070626412465,
              10.186075192643457
            ],
            [
              164.63016680301328,
              10.431812361022438
            ],
            [
              164.36108565746116,
              10.225075112629186
            ],
            [
              164.21847252580343,
              10.448130663127781
            ],
            [
              164.33607722778592,
              10.499439871999872
            ],
            [
              164.4126341623476,
              10.75114303390622
            ],
            [
              164.70487962372107,
              10.547767460652738
            ]
          ]
        ]
      },
      "id": "f9df6574-3276-4b25-ba52-4f73bdbd9f98"
    },
    {
      "type": "Feature",
      "properties": {
        "id": "5978ed1e-ffac-4f56-aaf5-fb1329d4e90d",
        "name": "sketch206-4"
      },
      "geometry": {
        "type": "Polygon",
        "coordinates": [
          [
            [
              159.29381452049628,
              3.5216055645291062
            ],
            [
              159.37890110735069,
              3.6893388004480463
            ],
            [
              159.33989977195804,
              3.41390143835831
            ],
            [
              159.7489242506352,
              3.3688439712324056
            ],
            [
              159.29134132575442,
              3.307634743260032
            ],
            [
              159.25146302049825,
              3.4080460688072174
            ],
            [
              159.16937004369944,
              3.137300665262159
            ],
            [
              158.94599873173811,
              3.1187380410969974
            ],
            [
              158.9651546057726,
              3.2583904443884424
            ],
            [
              159.2418647400348,
              3.415716674514708
            ],
            [
              159.29381452049628,
              3.5216055645291062
            ]
          ]
        ]
      },
      "id": "5978ed1e-ffac-4f56-aaf5-fb1329d4e90d"
    },
    {
      "type": "Feature",
      "properties": {
        "id": "21b38cd2-087d-4c8d-ae10-bb737a72ac3b",
        "name": "sketch206-5"
      },
      "geometry": {
        "type": "Polygon",
        "coordinates": [
          [
            [
              159.75606967992206,
              8.984798641414846
            ],
            [
              159.9325775060801,
              8.628326918918233
            ],
            [
              159.715876520331,
              8.64431394223056
            ],
            [
              159.60586801276014,
              8.916523421068888
            ],
            [
              159.36627345448102,
              8.90971330291744
            ],
            [
              159.22310080022996,
              9.0771163466495
            ],
            [
              159.3332933624174,
              9.05114192905344
            ],
            [
              159.50442773337056,
              9.036310763632446
            ],
            [
              159.4679043743562,
              9.164927597694371
            ],
            [
              159.54893898344173,
              9.10354495155584
            ],
            [
              159.75606967992206,
              8.984798641414846
            ]
          ]
        ]
      },
      "id": "21b38cd2-087d-4c8d-ae10-bb737a72ac3b"
    }
  ],
  "bbox": [
    142.01642416793314,
    3.1187380410969974,
    165.05432666126725,
    11.000588409990744
  ]
}
