{
  "type": "FeatureCollection",
  "features": [
    {
      "type": "Feature",
      "properties": {
        "id": "fd5382be-36aa-4de0-8539-6fdbad7890a4",
        "name": "sketch86-0"
      },
      "geometry": {
        "type": "Polygon",
        "coordinates": [
          [
            [
              138.00803780617346,
              9.31864174825651
            ],
            [
              137.9113908364209,
              9.134031735262203
            ],
            [
              137.8997762718554,
              9.089209722662872
            ],
            [
              138.23301637973506,
              8.88482739720884
            ],
            [
              138.0920489607033,
              8.83416482148217
            ],
            [
              137.92945981762787,
              8.732980138969697
            ],
            [
              137.82788889739015,
              9.079788804890608
            ],
            [
              137.71104722392954,
              9.046108502825843
            ],
            [
              137.66120205565622,
              9.218009053131146
            ],
            [
              137.61552500016742,
              9.482704284545411
            ],
            [
              138.00803780617346,
              9.31864174825651
            ]
          ]
        ]
      },
      "id": "fd5382be-36aa-4de0-8539-6fdbad7890a4"
    },
    {
      "type": "Feature",
      "properties": {
        "id": "407c9fd0-ebfe-4470-9b20-e46c9a705141",
        "name": "sketch86-1"
      },
      "geometry": {
        "type": "Polygon",
        "coordinates": [
          [
            [
              163.84710254319052,
              5.935538092823147
            ],
            [
              164.16629564620817,
              5.7442075688541605
            ],
            [
              163.74222858599975,
              5.627646018765797
            ],
            [
              163.81217037876607,
              5.242612348461564
            ],
            [
              163.7139360789858,
              5.629890659207975
            ],
            [
              163.52561780183194,
              5.6459313847975094
            ],
            [
              163.37367950059243,
              5.799465499511684
            ],
            [
              163.5678407583026,
              5.823307168527268
            ],
            [
              163.67416491310203,
              5.734286795532654
            ],
            [
              163.70953452188314,
              5.677233299994465
            ],
            [
              163.84710254319052,
              5.935538092823147
            ]
          ]
        ]
      },
      "id": "407c9fd0-ebfe-4470-9b20-e46c9a705141"
    },
    {
      "type": "Feature",
      "properties": {
        "id": "dfd80973-b1a1-450d-bcd1-a4524f643bcc",
        "name": "sketch86-2"
      },
      "geometry": {
        "type": "Polygon",
        "coordinates": [
          [
            [
              165.1153834733535,
              8.20335830048496
            ],
            [
              165.20081125037171,
              8.060324979830604
            ],
            [
              165.22300294379568,
              8.024155345316915
            ],
            [
              165.2998894659076,
              7.712089069420123
            ],
            [
              165.03558636583827,
              7.836433571407321
            ],
            [
              164.92431723484353,
              7.6842516052497265
            ],
            [
              164.71185225850314,
              7.811677222259908
            ],
            [
              164.69953119861125,
              7.982610517618749
            ],
            [
              164.72169430286945,
              7.979868963294125
            ],
            [
              164.9534032663116,
              7.940138566257845
            ],
            [
              165.1153834733535,
              8.20335830048496
            ]
          ]
        ]
      },
      "id": "dfd80973-b1a1-450d-bcd1-a4524f643bcc"
    },
    {
      "type": "Feature",
      "properties": {
        "id": "09b5680c-67fb-4507-b888-cee65fa63c2f",
        "name": "sketch86-3"
      },
      "geometry": {
        "type": "Polygon",
        "coordinates": [
          [
            [
              159.9838359669022,
              9.05724386885186
            ],
            [
              160.05722998404437,
              8.833983224534657
            ],
            [
              160.0379736002558,
              8.702176808341145
            ],
            [
              160.00007910454838,
              8.619212365553242
            ],
            [
              159.85127445202468,
              8.544530573981273
            ],
            [
              159.7045765778933,
              8.535683205801455
            ],
            [
              159.89238313732926,
              8.741175048387035
            ],
            [
              159.81526166967495,
              8.720328827820014
            ],
            [
              159.46386623978375,
              8.788527764853775
            ],
            [
              159.56502818075057,
              9.047173243134704
            ],
            [
              159.9838359669022,
              9.05724386885186
            ]
          ]
        ]
      },
      "id": "09b5680c-67fb-4507-b888-cee65fa63c2f"
    },
    {
      "type": "Feature",
      "properties": {
        "id": "e43b112a-9f34-448c-b444-97845305dbb4",
        "name": "sketch86-4"
      },
      "geometry": {
        "type": "Polygon",
        "coordinates": [
          [
            [
              137.397774311756,
              0.3725355483866555
            ],
            [
              137.62283610686595,
              0.4769448758268054
            ],
            [
              137.41909369134143,
              0.23536481935429837
            ],
            [
              137.55329277998837,
              0.14437573722489364
            ],
            [
              137.40958820141165,
              -0.03882476660584647
            ],
            [
              137.30475029513778,
              0.08806355754092307
            ],
            [
              137.19347677817126,
              -0.015241743031831873
            ],
            [
              137.3110219170018,
              0.19661378622248207
            ],
            [
              136.89539064173664,
              0.42970986472403605
            ],
            [
              137.22769806346383,
              0.5337709542634661
            ],
            [
              137.397774311756,
              0.3725355483866555
            ]
          ]
        ]
      },
      "id": "e43b112a-9f34-448c-b444-97845305dbb4"
    },
    {
      "type": "Feature",
      "properties": {
        "id": "2358431c-2b42-4420-91e4-b6dc3b7ef076",
        "name": "sketch86-5"
      },
      "geometry": {
        "type": "Polygon",
        "coordinates": [
          [
            [
              159.91694772649709,
              11.774476758601994
            ],
            [
              160.0185858038014,
              11.524120195615414
            ],
            [
              159.8235632720437,
              11.36297410839796
            ],
            [
              159.99789652203708,
              11.229484568985091
            ],
            [
              159.95666640074128,
              11.083975718238632
            ],
            [
              159.77583290635323,
              10.86403514502443
            ],
            [
              159.71571876178848,
              11.291632445623064
            ],
            [
              159.4930308094531,
              11.24155471762444
            ],
            [
              159.36908139222353,
              11.537888789807607
            ],
            [
              159.69341078120942,
              11.457620709048259
            ],
            [
              159.91694772649709,
              11.774476758601994
            ]
          ]
        ]
      },
      "id": "2358431c-2b42-4420-91e4-b6dc3b7ef076"
    }
  ],
  "bbox": [
    136.89539064173664,
    -0.03882476660584647,
    165.2998894659076,
    11.774476758601994
  ]
}
