{
  "type": "FeatureCollection",
  "features": [
    {
      "type": "Feature",
      "properties": {
        "id": "e1bc70d3-2083-4891-bb12-09a4f9756f7b",
        "name": "sketch273-0"
      },
      "geometry": {
        "type": "Polygon",
        "coordinates": [
          [
            [
              140.24159902378014,
              11.522277854630564
            ],
            [
              140.55869956345185,
              11.649717064308355
            ],
            [
              140.4788218987726,
              11.272738687731009
            ],
            [
              140.3012767113495,
              11.201264543822294
            ],
            [
              140.25264973230443,
              11.16669156832557
            ],
            [
              139.99849235120894,
              11.209340322401925
            ],
            [
              140.07571785556988,
              11.430240932294359
            ],
            [
              140.09217034166494,
              11.458004205244194
            ],
            [
              140.08576470788927,
              11.480027026444922
            ],
            [
              139.79307851225283,
              11.734425409746374
            ],
            [
              140.24159902378014,
              11.522277854630564
            ]
          ]
        ]
      },
      "id": "e1bc70d3-2083-4891-bb12-09a4f9756f7b"
    },
    {
      "type": "Feature",
      "properties": {
        "id": "ee075b65-e776-46d8-82f1-b5ed97fac62c",
        "name": "sketch273-1"
      },
      "geometry": {
        "type": "Polygon",
        "coordinates": [
          [
            [
              150.08889275032553,
              9.531038181802979
            ],
            [
              150.03412126951739,
              9.378325861469888
            ],
            [
              150.22622040346184,
              9.304105713968916
            ],
            [
              149.9465379818763,
              9.248671543530815
            ],
            [
              149.94624589837412,
              9.191197333300266
            ],
            [
              149.76983298074103,
              8.860866305941833
            ],
            [
              149.5918531172013,
              9.099209508618268
            ],
            [
              149.8727420248074,
              9.305959228516839
            ],
            [
              149.72801954413868,
              9.356106138424426
            ],
            [
              149.7600630467075,
              9.523195045133102
            ],
            [
              150.08889275032553,
              9.531038181802979
            ]
          ]
        ]
      },
      "id": "ee075b65-e776-46d8-82f1-b5ed97fac62c"
    },
    {
      "type": "Feature",
      "properties": {
        "id": "934f6d92-aaff-4e07-afd5-9bbbbfd41efc",
        "name": "sketch273-2"
      },
      "geometry": {
        "type": "Polygon",
        "coordinates": [
          [
            [
              160.0228618423582,
              4.287159872784794
            ],
            [
              160.1263832001585,
              4.15217480541966
            ],
            [
              160.24752882134507,
              4.0856275765303165
            ],
            [
              160.25653292199402,
              3.8170946643936863
            ],
            [
              160.02639942497953,
              3.8630807170181183
            ],
            [
              159.67616996045354,
              3.8225880160035164
            ],
            [
              159.76033848779642,
              3.984952848167906
            ],
            [
              159.63628526636654,
              4.202516150362738
            ],
            [
              159.9898487054254,
              4.1285563363490505
            ],
            [
              159.96379822154032,
              4.187775470290494
            ],
            [
              160.0228618423582,
              4.287159872784794
            ]
          ]
        ]
      },
      "id": "934f6d92-aaff-4e07-afd5-9bbbbfd41efc"
    }
  ],
  "bbox": [
    139.79307851225283,
    3.8170946643936863,
    160.25653292199402,
    11.734425409746374
  ]
}
