{
  "type": "FeatureCollection",
  "features": [
    {
      "type": "Feature",
      "properties": {
        "id": "6768b951-ed5c-4b97-85b5-ecfa27fbed18",
        "name": "sketch85-0"
      },
      "geometry": {
        "type": "Polygon",
        "coordinates": [
          [
            [
              156.56812079305087,
              0.06820493797047625
            ],
            [
              156.28867197413035,
              -0.17317271862361266
            ],
            [
              156.5210940362076,
              -0.2460897038944033
            ],
            [
              156.41410374138158,
              -0.5640619462000592
            ],
            [
              156.22334187410064,
              -0.23841391651494048
            ],
            [
              156.03269353270673,
              -0.24175781335842475
            ],
            [
              155.88845331772038,
              -0.02919271924187755
            ],
            [
              156.22861380643943,
              -0.03282750853395608
            ],
            [
              156.2406385107175,
              -0.006346735851193636
            ],
            [
              156.2622005760221,
              -0.09703213902513577
            ],
            [
              156.56812079305087,
              0.06820493797047625
            ]
          ]
        ]
      },
      "id": "6768b951-ed5c-4b97-85b5-ecfa27fbed18"
    },
    {
      "type": "Feature",
      "properties": {
        "id": "4317a3fe-5219-4cf8-ac61-774a28221bd9",
        "name": "sketch85-1"
      },
      "geometry": {
        "type": "Polygon",
        "coordinates": [
          [
            [
              157.76740251416277,
              3.2157057665487048
            ],
            [
              158.0701561140281,
              3.2311472020233043
            ],
            [
              157.69169207921493,
              3.1250237572258097
            ],
            [
              157.62742962761047,
              3.1018430006430986
            ],
            [
              158.0248427698725,
              2.8300198875125697
            ],
            [
              157.7168828983686,
              3.0241079244762625
            ],
            [
              157.60457181636022,
              3.073159512964912
            ],
            [
              157.37412538571502,
              2.8904488912680115
            ],
            [
              157.1274102666268,
              3.0427952982264355
            ],
            [
              157.31865246727423,
              3.458475260806535
            ],
            [
              157.76740251416277,
              3.2157057665487048
            ]
          ]
        ]
      },
      "id": "4317a3fe-5219-4cf8-ac61-774a28221bd9"
    },
    {
      "type": "Feature",
      "properties": {
        "id": "9e381f42-bc69-4fa8-a23b-002a76e1f715",
        "name": "sketch85-2"
      },
      "geometry": {
        "type": "Polygon",
        "coordinates": [
          [
            [
              146.8422171777718,
              2.6466100059164237
            ],
            [
              146.9576008160684,
              2.3136300474523503
            ],
            [
              146.9837238589012,
              2.2506860751386975
            ],
            [
              146.61386911945343,
              2.2994442007522484
            ],
            [
              146.42478407100512,
              1.9750026073489761
            ],
            [
              146.5175155276418,
              2.3991214492619366
            ],
            [
              146.1371661818547,
              2.1050339557312028
            ],
            [
              146.1652635515665,
              2.30091735444107
            ],
            [
              146.2203225187921,
              2.530602503291264
            ],
            [
              146.37432280427268,
              2.861669487197806
            ],
            [
              146.8422171777718,
              2.6466100059164237
            ]
          ]
        ]
      },
      "id": "9e381f42-bc69-4fa8-a23b-002a76e1f715"
    },
    {
      "type": "Feature",
      "properties": {
        "id": "0ab04eb0-d85f-4a5b-a084-860cf5ebe30b",
        "name": "sketch85-3"
      },
      "geometry": {
        "type": "Polygon",
        "coordinates": [
          [
            [
              165.32437929284052,
              10.419587539747942
            ],
            [
              165.16121021290527,
              10.274204518594933
            ],
            [
              165.42342321152964,
              10.03583672533102
            ],
            [
              165.20324836226408,
              9.873569858208716
            ],
            [
              164.93868110600343,
              9.83979658934102
            ],
            [
              164.83554645385118,
              9.790303638319257
            ],
            [
              164.71123184635277,
              9.882791702592879
            ],
            [
              164.6443036772501,
              9.86661550844292
            ],
            [
              164.49149158733394,
              10.286502673944494
            ],
            [
              164.85501971754377,
              10.317643813982105
            ],
            [
              165.32437929284052,
              10.419587539747942
            ]
          ]
        ]
      },
      "id": "0ab04eb0-d85f-4a5b-a084-860cf5ebe30b"
    },
    {
      "type": "Feature",
      "properties": {
        "id": "ec01b35d-0cbd-4253-a591-a7d61e1997e9",
        "name": "sketch85-4"
      },
      "geometry": {
        "type": "Polygon",
        "coordinates": [
          [
            [
              144.11706815686327,
              1.4333240776011082
            ],
            [
              144.141264721568,
              1.4041026390407503
            ],
            [
              144.21021025467644,
              1.3216163274664618
            ],
            [
              144.37765033211642,
              1.1863431325269371
            ],
            [
              144.10625841322434,
              1.2699773351959938
            ],
            [
              143.92377245211682,
              0.9544519638074653
            ],
            [
              144.0212956327236,
              1.2254049088739578
            ],
            [
              143.9460008105816,
              1.4124133686130023
            ],
            [
              143.92593144743915,
              1.5236935925613828
            ],
            [
              144.09732523559,
              1.7712568408922855
            ],
            [
              144.11706815686327,
              1.4333240776011082
            ]
          ]
        ]
      },
      "id": "ec01b35d-0cbd-4253-a591-a7d61e1997e9"
    }
  ],
  "bbox": [
    143.92377245211682,
    -0.5640619462000592,
    165.42342321152964,
    10.419587539747942
  ]
}
