{
  "type": "FeatureCollection",
  "features": [
    {
      "type": "Feature",
      "properties": {
        "id": "a95bf84a-d92f-4104-9159-c31a94e28aa4",
        "name": "sketch8-0"
      },
      "geometry": {
        "type": "Polygon",
        "coordinates": [
          [
            [
              153.72139680551766,
              3.1527005532972354
            ],
            [
              153.78179359658898,
              2.9019190818848712
            ],
            [
              153.90016936103098,
              2.8052020991471927
            ],
            [
              153.73470928979376,
              2.7762835824192185
            ],
            [
              153.80049001918405,
              2.388465568128318
            ],
            [
              153.64441899068436,
              2.8068539212739045
            ],
            [
              153.47241034555748,
              2.7064522251407315
            ],
            [
              153.21357774326933,
              2.94150052627315
            ],
            [
              153.4268650853256,
              2.929665108862221
            ],
            [
              153.6128511418366,
              2.976492370488658
            ],
            [
              153.72139680551766,
              3.1527005532972354
            ]
          ]
        ]
      },
      "id": "a95bf84a-d92f-4104-9159-c31a94e28aa4"
    },
    {
      "type": "Feature",
      "properties": {
        "id": "65649323-5534-4880-833b-c9d1fdb50a32",
        "name": "sketch8-1"
      },
      "geometry": {
        "type": "Polygon",
        "coordinates": [
          [
            [
              163.55091606972945,
              1.9738718587537887
            ],
            [
              163.59486028550205,
              1.9356204694423322
            ],
            [
              163.4908489249429,
              1.7301881050687176
            ],
            [
              163.5615943009493,
              1.5912536558016896
            ],
            [
              163.37235398613433,
              1.3272394812092312
            ],
            [
              163.14382790838354,
              1.5349661172127518
            ],
            [
              163.22690168550176,
              1.696490020931775
            ],
            [
              163.1207167395652,
              1.8959628218162985
            ],
            [
              163.2848280399661,
              1.9012093582727556
            ],
            [
              163.2592031020997,
              2.1619094377002663
            ],
            [
              163.55091606972945,
              1.9738718587537887
            ]
          ]
        ]
      },
      "id": "65649323-5534-4880-833b-c9d1fdb50a32"
    },
    {
      "type": "Feature",
      "properties": {
        "id": "1661a867-c0ef-4dac-90af-a2a5b887d27e",
        "name": "sketch8-2"
      },
      "geometry": {
        "type": "Polygon",
        "coordinates": [
          [
            [
              145.46600383299977,
              3.6381454976183427
            ],
            [
              145.52444018252436,
              3.8092029388621134
            ],
            [
              145.42887258261598,
              3.440177191050923
            ],
            [
              145.4884217093037,
              3.4406382909884483
            ],
            [
              145.52591326917877,
              3.277116295693802
            ],
            [
              145.26812868039863,
              3.2558736845617733
            ],
            [
              145.0707658475793,
              3.2836921406522435
            ],
            [
              144.96939944137026,
              3.3460254782810166
            ],
            [
              145.36266551080433,
              3.4401748805245664
            ],
            [
              145.27489169718808,
              3.4726036880388063
            ],
            [
              145.46600383299977,
              3.6381454976183427
            ]
          ]
        ]
      },
      "id": "1661a867-c0ef-4dac-90af-a2a5b887d27e"
    },
    {
      "type": "Feature",
      "properties": {
        "id": "8d4a3904-e3f1-412f-806e-ffd8620abba0",
        "name": "sketch8-3"
      },
      "geometry": {
        "type": "Polygon",
        "coordinates": [
          [
            [
              154.06189728638137,
              7.135320933315994
            ],
            [
              154.42124364251586,
              7.093156512587968
            ],
            [
              153.97875837336898,
              6.935638246656068
            ],
            [
              154.10681717786744,
              6.72646351200397
            ],
            [
              154.0129919780385,
              6.87271589389556
            ],
            [
              153.926825939348,
              6.8195798367946665
            ],
            [
              153.77036699022108,
              6.79144498798271
            ],
            [
              153.58741891118422,
              7.034963407926216
            ],
            [
              153.85641624637051,
              7.2080347033636425
            ],
            [
              153.97795184826214,
              6.936622638159623
            ],
            [
              154.06189728638137,
              7.135320933315994
            ]
          ]
        ]
      },
      "id": "8d4a3904-e3f1-412f-806e-ffd8620abba0"
    },
    {
      "type": "Feature",
      "properties": {
        "id": "bdbfbd8f-a478-4df4-bdae-a490c17a9ea1",
        "name": "sketch8-4"
      },
      "geometry": {
        "type": "Polygon",
        "coordinates": [
          [
            [
              144.72752743608686,
              5.899254443471627
            ],
            [
              144.78519925573286,
              5.782020122344697
            ],
            [
              144.66983839888516,
              5.761637481333126
            ],
            [
              144.5238704379388,
              5.6794292996706215
            ],
            [
              144.47342157024613,
              5.817469208214072
            ],
            [
              144.48012177780387,
              5.920107833143257
            ],
            [
              144.3208125237726,
              6.037932156104287
            ],
            [
              144.41490971378548,
              5.9985186062224365
            ],
            [
              144.6498333714407,
              6.016343489457378
            ],
            [
              144.65975809139408,
              5.991425364210589
            ],
            [
              144.72752743608686,
              5.899254443471627
            ]
          ]
        ]
      },
      "id": "bdbfbd8f-a478-4df4-bdae-a490c17a9ea1"
    },
    {
      "type": "Feature",
      "properties": {
        "id": "4702cb2b-a9b1-4bb0-a851-4fa545fa20a9",
        "name": "sketch8-5"
      },
      "geometry": {
        "type": "Polygon",
        "coordinates": [
          [
            [
              139.83490302303193,
              7.089454596239938
            ],
            [
              139.9323365069113,
              6.711751202616146
            ],
            [
              139.60154238988525,
              6.635689799702447
            ],
            [
              139.58461051928185,
              6.40132428060642
            ],
            [
              139.4516122518629,
              6.509318648910878
            ],
            [
              139.33334107675427,
              6.5792042366565315
            ],
            [
              139.30497087705083,
              6.638860801267819
            ],
            [
              139.307864644294,
              6.7211139933764255
            ],
            [
              139.2267879705382,
              6.967334234783955
            ],
            [
              139.4311022057427,
              7.199263536224514
            ],
            [
              139.83490302303193,
              7.089454596239938
            ]
          ]
        ]
      },
      "id": "4702cb2b-a9b1-4bb0-a851-4fa545fa20a9"
    },
    {
      "type": "Feature",
      "properties": {
        "id": "fa7e844e-3fe1-47c4-9f07-c5849709d390",
        "name": "sketch8-6"
      },
      "geometry": {
        "type": "Polygon",
        "coordinates": [
          [
            [
              149.1217815175989,
              11.800642674318128
            ],
            [
              149.45673558636986,
              11.756645510549944
            ],
            [
              149.38574633091693,
              11.596141628666318
            ],
            [
              149.06914287949053,
              11.483344668308954
            ],
            [
              148.9721589772236,
              11.50977687653546
            ],
            [
              148.87038510991485,
              11.538381206128763
            ],
            [
              148.93161778181803,
              11.687981957810631
            ],
            [
              148.84903386958928,
              11.675734629759274
            ],
            [
              148.6887250850057,
              11.86216126812239
            ],
            [
              148.845176934738,
              12.076692441200981
            ],
            [
              149.1217815175989,
              11.800642674318128
            ]
          ]
        ]
      },
      "id": "fa7e844e-3fe1-47c4-9f07-c5849709d390"
    },
    {
      "type": "Feature",
      "properties": {
        "id": "0ab5f5c6-9525-4286-9918-21886156e61f",
        "name": "sketch8-7"
      },
      "geometry": {
        "type": "Polygon",
        "coordinates": [
          [
            [
              157.49588699599235,
              8.479495897954086
            ],
            [
              157.57349799030203,
              8.426813973485373
            ],
            [
              157.44986264345434,
              8.394758165235785
            ],
            [
              157.42539753852986,
              8.415156360937939
            ],
            [
              157.3977164620756,
              8.224780468385056
            ],
            [
              157.26578868544286,
              8.412550910412877
            ],
            [
              156.99702431824366,
              8.472948550047745
            ],
            [
              157.05728569187784,
              8.555488936604748
            ],
            [
              157.33138387172798,
              8.479422170326213
            ],
            [
              157.40736366660022,
              8.532510583099452
            ],
            [
              157.49588699599235,
              8.479495897954086
            ]
          ]
        ]
      },
      "id": "0ab5f5c6-9525-4286-9918-21886156e61f"
    }
  ],
  "bbox": [
    139.2267879705382,
    1.3272394812092312,
    163.59486028550205,
    12.076692441200981
  ]
}
