{
  "type": "FeatureCollection",
  "features": [
    {
      "type": "Feature",
      "properties": {
        "id": "f8138e48-1770-447c-964e-ee8f3acdf888",
        "name": "sketch12-0"
      },
      "geometry": {
        "type": "Polygon",
        "coordinates": [
          [
            [
              145.9141682218165,
              0.12678494098824097
            ],
            [
              146.2878664427468,
              0.28925209619631037
            ],
            [
              146.105029609037,
              0.047825685963936104
            ],
            [
              146.15775682821982,
              -0.06533405355166451
            ],
            [
              145.97488581974204,
              -0.26865973551529354
            ],
            [
              145.8219340556737,
              0.00613314273002824
            ],
            [
              145.52206608693783,
              -0.024398361393729306
            ],
            [
              145.55952922249324,
              0.02210422987043164
            ],
            [
              145.77879715846205,
              0.16836036448913133
            ],
            [
              145.8107782321151,
              0.5466933686254916
            ],
            [
              145.9141682218165,
              0.12678494098824097
            ]
          ]
        ]
      },
      "id": "f8138e48-1770-447c-964e-ee8f3acdf888"
    },
    {
      "type": "Feature",
      "properties": {
        "id": "e6f759f8-27e7-41a4-9a3b-b9bcab4eecde",
        "name": "sketch12-1"
      },
      "geometry": {
        "type": "Polygon",
        "coordinates": [
          [
            [
              136.8590393333556,
              8.609332381124208
            ],
            [
              137.07650039258834,
              8.652776484624958
            ],
            [
              136.78388572598092,
              8.399527687061648
            ],
            [
              136.85692775135485,
              8.374025542677959
            ],
            [
              137.05971429392454,
              8.052310262419693
            ],
            [
              136.70945276077276,
              8.314374125526184
            ],
            [
              136.31241903871546,
              8.201856788188888
            ],
            [
              136.28518603604093,
              8.500389258751346
            ],
            [
              136.42018744336386,
              8.549333409120951
            ],
            [
              136.60165400303075,
              8.547430442284108
            ],
            [
              136.8590393333556,
              8.609332381124208
            ]
          ]
        ]
      },
      "id": "e6f759f8-27e7-41a4-9a3b-b9bcab4eecde"
    }
  ],
  "bbox": [
    136.28518603604093,
    -0.26865973551529354,
    146.2878664427468,
    8.652776484624958
  ]
}
