{
  "type": "FeatureCollection",
  "features": [
    {
      "type": "Feature",
      "properties": {
        "id": "4b60c1eb-304d-4655-9c91-2d59ec6e8d29",
        "name": "sketch38-0"
      },
      "geometry": {
        "type": "Polygon",
        "coordinates": [
          [
            [
              153.71653281669964,
              10.623147067444917
            ],
            [
              153.96864307086858,
              10.682602233616402
            ],
            [
              153.69147598364978,
              10.525991910820682
            ],
            [
              153.69719354046114,
              10.369593072507486
            ],
            [
              153.36909477810343,
              10.26197084647435
            ],
            [
              153.3223783106474,
              10.32837617243556
            ],
            [
              153.32125043583778,
              10.60668093043007
            ],
            [
              153.29435008764642,
              10.754813440188839
            ],
            [
              153.60128666936546,
              10.663408529981456
            ],
            [
              153.47318543612536,
              10.96431804230897
            ],
            [
              153.71653281669964,
              10.623147067444917
            ]
          ]
        ]
      },
      "id": "4b60c1eb-304d-4655-9c91-2d59ec6e8d29"
    },
    {
      "type": "Feature",
      "properties": {
        "id": "f3382097-4c25-4a95-b2f0-88ae8a1f7ace",
        "name": "sketch38-1"
      },
      "geometry": {
        "type": "Polygon",
        "coordinates": [
          [
            [
              147.2412570781698,
              0.6488100509042297
            ],
            [
              147.5871343285151,
              0.4581748861443929
            ],
            [
              147.32995491151996,
              0.5112818996819382
            ],
            [
              147.43927628171926,
              0.2962754017626557
            ],
            [
              147.32970044960013,
              0.3458286616745608
            ],
            [
              147.20129433625976,
              0.6154926283235634
            ],
            [
              146.94880388795434,
              0.6793156131759501
            ],
            [
              146.77507778035118,
              0.7502302696055175
            ],
            [
              147.18303258361382,
              0.8743488710678334
            ],
            [
              147.20772099506692,
              0.7738939041814107
            ],
            [
              147.2412570781698,
              0.6488100509042297
            ]
          ]
        ]
      },
      "id": "f3382097-4c25-4a95-b2f0-88ae8a1f7ace"
    },
    {
      "type": "Feature",
      "properties": {
        "id": "107ffca9-fd49-4c16-95b2-c73e0b2c69a5",
        "name": "sketch38-2"
      },
      "geometry": {
        "type": "Polygon",
        "coordinates": [
          [
            [
              161.43382091086113,
              0.055684954386483354
            ],
            [
              161.31454108318226,
              -0.3120739470146913
            ],
            [
              161.54349673886807,
              -0.4090303082877039
            ],
            [
              161.2987877230057,
              -0.4106112902662493
            ],
            [
              161.25983025557113,
              -0.5324454621851532
            ],
            [
              161.14486206862583,
              -0.5142518544033655
            ],
            [
              160.98361476608608,
              -0.5192490052844921
            ],
            [
              161.10161771495154,
              -0.36500806434668426
            ],
            [
              160.81846229198385,
              -0.24728548853213517
            ],
            [
              161.1222306115866,
              -0.30941641235197614
            ],
            [
              161.43382091086113,
              0.055684954386483354
            ]
          ]
        ]
      },
      "id": "107ffca9-fd49-4c16-95b2-c73e0b2c69a5"
    },
    {
      "type": "Feature",
      "properties": {
        "id": "2cc31036-5c11-4ce2-bda4-7c0a8a2dae56",
        "name": "sketch38-3"
      },
      "geometry": {
        "type": "Polygon",
        "coordinates": [
          [
            [
              160.9959775419569,
              9.111854292859967
            ],
            [
              160.91475115785389,
              9.01707429986863
            ],
            [
              160.85984381326747,
              9.015989484920746
            ],
            [
              161.01119891202995,
              8.636200399861968
            ],
            [
              160.88730822037817,
              8.849865924935546
            ],
            [
              160.66489697150183,
              8.91992081329107
            ],
            [
              160.7828793325867,
              9.03961543353846
            ],
            [
              160.79314408764532,
              9.04521068159758
            ],
            [
              160.75308842634666,
              9.119394138985966
            ],
            [
              160.68206280156855,
              9.33785324078873
            ],
            [
              160.9959775419569,
              9.111854292859967
            ]
          ]
        ]
      },
      "id": "2cc31036-5c11-4ce2-bda4-7c0a8a2dae56"
    },
    {
      "type": "Feature",
      "properties": {
        "id": "748d2828-b7f1-4a59-b91b-7580989ed757",
        "name": "sketch38-4"
      },
      "geometry": {
        "type": "Polygon",
        "coordinates": [
          [
            [
              143.88814454571715,
              4.692754863512385
            ],
            [
              144.1525760560209,
              4.668399307745789
            ],
            [
              144.08723753592471,
              4.409201264264586
            ],
            [
              143.81302578856932,
              4.343765588746673
            ],
            [
              143.85211247364276,
              4.041510450303613
            ],
            [
              143.68453193734268,
              4.3625096434167645
            ],
            [
              143.408621160203,
              4.427887883809646
            ],
            [
              143.7574217293679,
              4.445168857249322
            ],
            [
              143.68353859997484,
              4.612375234678859
            ],
            [
              143.67718752061052,
              4.853839722494643
            ],
            [
              143.88814454571715,
              4.692754863512385
            ]
          ]
        ]
      },
      "id": "748d2828-b7f1-4a59-b91b-7580989ed757"
    },
    {
      "type": "Feature",
      "properties": {
        "id": "c1c7d898-af0a-47dd-a553-2edefa99b770",
        "name": "sketch38-5"
      },
      "geometry": {
        "type": "Polygon",
        "coordinates": [
          [
            [
              141.91708507879932,
              12.382236951662039
            ],
            [
              141.90085385061653,
              12.191464030065259
            ],
            [
              141.77360110893966,
              12.08796663550341
            ],
            [
              141.71308950409724,
              11.965265676924696
            ],
            [
              141.5278076634144,
              11.983555000126113
            ],
            [
              141.44179970711795,
              11.974027072749887
            ],
            [
              141.53095763012013,
              12.106569899858709
            ],
            [
              141.37344693392578,
              12.257012988890878
            ],
            [
              141.53680355253607,
              12.215398114279914
            ],
            [
              141.3325286387558,
              12.497971836312049
            ],
            [
              141.91708507879932,
              12.382236951662039
            ]
          ]
        ]
      },
      "id": "c1c7d898-af0a-47dd-a553-2edefa99b770"
    },
    {
      "type": "Feature",
      "properties": {
        "id": "fe70b73a-42f2-4a25-8275-c94f5edc2daa",
        "name": "sketch38-6"
      },
      "geometry": {
        "type": "Polygon",
        "coordinates": [
          [
            [
              155.997783159067,
              9.096137615052545
            ],
            [
              156.19561527201458,
              9.145594094936806
            ],
            [
              156.39091684962915,
              8.996547010352451
            ],
            [
              156.13021909390537,
              8.786319932416298
            ],
            [
              155.99783469658507,
              8.805957563330148
            ],
            [
              155.94150944995516,
              8.993442217488528
            ],
            [
              155.6326338201875,
              8.900322104690852
            ],
            [
              155.83956057801367,
              9.073213699244636
            ],
            [
              155.93125134489085,
              9.15024076122453
            ],
            [
              155.95561454084364,
              9.301809732362566
            ],
            [
              155.997783159067,
              9.096137615052545
            ]
          ]
        ]
      },
      "id": "fe70b73a-42f2-4a25-8275-c94f5edc2daa"
    },
    {
      "type": "Feature",
      "properties": {
        "id": "0d9bc4c6-1168-46c4-afc4-830330185711",
        "name": "sketch38-7"
      },
      "geometry": {
        "type": "Polygon",
        "coordinates": [
          [
            [
              145.4985067096329,
              4.288416070938149
            ],
            [
              145.71337563571902,
              4.012731767372889
            ],
            [
              145.5626435300549,
              3.9852619668781992
            ],
            [
              145.64567076267414,
              3.6497554317059695
            ],
            [
              145.31642074649014,
              3.938481127624358
            ],
            [
              145.16460294565871,
              3.5039266958406095
            ],
            [
              145.14679446612067,
              3.6089594984043063
            ],
            [
              144.97679876045075,
              3.7886577465015643
            ],
            [
              145.23494064993508,
              3.989381499262407
            ],
            [
              145.0213397464221,
              4.321278973693517
            ],
            [
              145.4985067096329,
              4.288416070938149
            ]
          ]
        ]
      },
      "id": "0d9bc4c6-1168-46c4-afc4-830330185711"
    }
  ],
  "bbox": [
    141.3325286387558,
    -0.5324454621851532,
    161.54349673886807,
    12.497971836312049
  ]
}
