{
  "type": "FeatureCollection",
  "features": [
    {
      "type": "Feature",
      "properties": {
        "id": "d0292792-417c-4bb9-aba8-941e53ad5d6d",
        "name": "sketch123-0"
      },
      "geometry": {
        "type": "Polygon",
        "coordinates": [
          [
            [
              155.16893708662843,
              0.7617457724800828
            ],
            [
              155.37745800762707,
              0.5425353032714089
            ],
            [
              155.15107276751917,
              0.2906214204924399
            ],
            [
              154.9684272017332,
              0.303718491217294
            ],
            [
              154.87693348275647,
              0.3046514780927484
            ],
            [
              154.79485219824068,
              0.3260079944762704
            ],
            [
              154.81864618620466,
              0.4444019821047962
            ],
            [
              154.42396177307864,
              0.45427216882073124
            ],
            [
              154.43077255237665,
              0.6269218120979334
            ],
            [
              154.72998320541228,
              0.7713071508589742
            ],
            [
              155.16893708662843,
              0.7617457724800828
            ]
          ]
        ]
      },
      "id": "d0292792-417c-4bb9-aba8-941e53ad5d6d"
    },
    {
      "type": "Feature",
      "properties": {
        "id": "e09740dc-d9c5-4028-97d4-077626239030",
        "name": "sketch123-1"
      },
      "geometry": {
        "type": "Polygon",
        "coordinates": [
          [
            [
              157.3086790885372,
              3.351264160841631
            ],
            [
              157.35644272077067,
              3.177215451201743
            ],
            [
              157.35005229502246,
              2.999446847933226
            ],
            [
              157.43854726235443,
              2.69131016158757
            ],
            [
              157.2073502518278,
              2.9113231198028307
            ],
            [
              157.1545397014302,
              2.6932889644288953
            ],
            [
              156.9236000280242,
              2.7588069402904236
            ],
            [
              157.03098833335562,
              3.0564155869386482
            ],
            [
              157.04394661664614,
              3.1136443970088203
            ],
            [
              157.11422023504417,
              3.172718928010825
            ],
            [
              157.3086790885372,
              3.351264160841631
            ]
          ]
        ]
      },
      "id": "e09740dc-d9c5-4028-97d4-077626239030"
    },
    {
      "type": "Feature",
      "properties": {
        "id": "724d7572-4abd-4b53-9ff5-70fbf0e2aadf",
        "name": "sketch123-2"
      },
      "geometry": {
        "type": "Polygon",
        "coordinates": [
          [
            [
              144.61074395988393,
              9.186937490943569
            ],
            [
              144.89531599221456,
              9.383279945484151
            ],
            [
              144.64599358528943,
              9.049088111889251
            ],
            [
              144.61458742549118,
              8.999603124731388
            ],
            [
              144.6635181036647,
              8.796637149451765
            ],
            [
              144.57466212189922,
              9.01904523085624
            ],
            [
              144.47726704235194,
              8.8603585201207
            ],
            [
              144.23753779282495,
              9.12427388973945
            ],
            [
              144.58711784927235,
              9.1086410270158
            ],
            [
              144.5568381419182,
              9.354112632902691
            ],
            [
              144.61074395988393,
              9.186937490943569
            ]
          ]
        ]
      },
      "id": "724d7572-4abd-4b53-9ff5-70fbf0e2aadf"
    }
  ],
  "bbox": [
    144.23753779282495,
    0.2906214204924399,
    157.43854726235443,
    9.383279945484151
  ]
}
