{
  "type": "FeatureCollection",
  "features": [
    {
      "type": "Feature",
      "properties": {
        "id": "1241fd7b-59ba-487f-a3fe-71824b24c00d",
        "name": "sketch36-0"
      },
      "geometry": {
        "type": "Polygon",
        "coordinates": [
          [
            [
              148.62509494870952,
              13.091999320592448
            ],
            [
              148.81166582815848,
              12.93907835301304
            ],
            [
              148.89453209620265,
              12.786304790492121
            ],
            [
              148.60537560227257,
              12.827360969187861
            ],
            [
              148.42375224379165,
              12.699559142177323
            ],
            [
              148.28042966543183,
              12.723589225373722
            ],
            [
              148.50033692652477,
              12.822432236654814
            ],
            [
              148.5826600150647,
              12.879748491343191
            ],
            [
              148.27735021235605,
              13.145440419667763
            ],
            [
              148.574822562287,
              13.345285087944044
            ],
            [
              148.62509494870952,
              13.091999320592448
            ]
          ]
        ]
      },
      "id": "1241fd7b-59ba-487f-a3fe-71824b24c00d"
    },
    {
      "type": "Feature",
      "properties": {
        "id": "56cb635e-7d83-40cf-bb63-ab357034df97",
        "name": "sketch36-1"
      },
      "geometry": {
        "type": "Polygon",
        "coordinates": [
          [
            [
              151.28740848606316,
              3.4361830109972393
            ],
            [
              151.04405903877657,
              3.1828366035717814
            ],
            [
              150.98371019892602,
              3.0875738035741676
            ],
            [
              150.89379857849468,
              2.6628392349237244
            ],
            [
              150.63611655398165,
              2.9674053502734337
            ],
            [
              150.78947255607568,
              3.078856872798441
            ],
            [
              150.46909037820654,
              3.05241672599718
            ],
            [
              150.57813532181197,
              3.4555614480191883
            ],
            [
              150.90927479888984,
              3.1540279324875167
            ],
            [
              150.8588366233051,
              3.2665446234125053
            ],
            [
              151.28740848606316,
              3.4361830109972393
            ]
          ]
        ]
      },
      "id": "56cb635e-7d83-40cf-bb63-ab357034df97"
    },
    {
      "type": "Feature",
      "properties": {
        "id": "89b5da45-5951-4ae1-ae43-a4bc783e2aae",
        "name": "sketch36-2"
      },
      "geometry": {
        "type": "Polygon",
        "coordinates": [
          [
            [
              146.6957716557255,
              13.332544428101274
            ],
            [
              146.62847322812848,
              13.049682426941036
            ],
            [
              146.86844119859552,
              13.219589549662938
            ],
            [
              146.62235250268213,
              13.026941901084628
            ],
            [
              146.96349418309623,
              12.69778689096881
            ],
            [
              146.60952197189943,
              13.016001754752658
            ],
            [
              146.58454174727945,
              12.885539978014576
            ],
            [
              146.33432958991068,
              12.832638760840343
            ],
            [
              146.4000421043383,
              13.066496365970131
            ],
            [
              146.44585815793238,
              13.207952863285142
            ],
            [
              146.6957716557255,
              13.332544428101274
            ]
          ]
        ]
      },
      "id": "89b5da45-5951-4ae1-ae43-a4bc783e2aae"
    },
    {
      "type": "Feature",
      "properties": {
        "id": "c13f69da-f045-420e-9f84-a0df2b962b04",
        "name": "sketch36-3"
      },
      "geometry": {
        "type": "Polygon",
        "coordinates": [
          [
            [
              135.6539551542195,
              4.212720097567281
            ],
            [
              135.55508287471116,
              4.06307591553378
            ],
            [
              135.64884122625247,
              4.012280681591035
            ],
            [
              135.8676424151099,
              3.6956146331136193
            ],
            [
              135.6217824611911,
              3.601476240799927
            ],
            [
              135.44710119003042,
              3.7745099862723537
            ],
            [
              135.2938229384606,
              3.875266016025443
            ],
            [
              135.41391023555087,
              3.9871029357879912
            ],
            [
              135.08386557301827,
              4.197530422831833
            ],
            [
              135.29764167081908,
              4.337594064090407
            ],
            [
              135.6539551542195,
              4.212720097567281
            ]
          ]
        ]
      },
      "id": "c13f69da-f045-420e-9f84-a0df2b962b04"
    },
    {
      "type": "Feature",
      "properties": {
        "id": "7fa3fef2-29b9-443b-977d-a918e5b8f599",
        "name": "sketch36-4"
      },
      "geometry": {
        "type": "Polygon",
        "coordinates": [
          [
            [
              157.22950932161547,
              1.478725023253386
            ],
            [
              157.04247087765876,
              1.2943356914812938
            ],
            [
              156.95197766770787,
              1.376568975037424
            ],
            [
              156.9900645587204,
              1.2640013702063833
            ],
            [
              156.72957982668245,
              0.9332209785120158
            ],
            [
              156.74493235643584,
              1.112782309263057
            ],
            [
              156.77217560689132,
              1.3284531497382643
            ],
            [
              156.67437429610115,
              1.4242540212980104
            ],
            [
              156.6158827872078,
              1.706442751079289
            ],
            [
              156.83349745375395,
              1.5758291889497569
            ],
            [
              157.22950932161547,
              1.478725023253386
            ]
          ]
        ]
      },
      "id": "7fa3fef2-29b9-443b-977d-a918e5b8f599"
    },
    {
      "type": "Feature",
      "properties": {
        "id": "061baa5f-8a11-4779-ae42-3dd896c535b6",
        "name": "sketch36-5"
      },
      "geometry": {
        "type": "Polygon",
        "coordinates": [
          [
            [
              153.73842465244954,
              1.4640163940574387
            ],
            [
              153.81527199449587,
              1.4391601502119973
            ],
            [
              153.76683022729847,
              1.3072673754529331
            ],
            [
              153.7252160088398,
              1.26142268581734
            ],
            [
              153.75785090248036,
              1.1914445216849712
            ],
            [
              153.69893078352095,
              1.174734219064667
            ],
            [
              153.34104576480667,
              1.062369929644742
            ],
            [
              153.50671083180833,
              1.233048873106934
            ],
            [
              153.32437160546215,
              1.5763418092724795
            ],
            [
              153.61232450199697,
              1.3587243070187347
            ],
            [
              153.73842465244954,
              1.4640163940574387
            ]
          ]
        ]
      },
      "id": "061baa5f-8a11-4779-ae42-3dd896c535b6"
    }
  ],
  "bbox": [
    135.08386557301827,
    0.9332209785120158,
    157.22950932161547,
    13.345285087944044
  ]
}
