{
  "type": "FeatureCollection",
  "features": [
    {
      "type": "Feature",
      "properties": {
        "id": "7cefee7d-d411-4516-8ed9-374a18afd916",
        "name": "sketch9-0"
      },
      "geometry": {
        "type": "Polygon",
        "coordinates": [
          [
            [
              165.4424414740697,
              10.179109007816173
            ],
            [
              165.54933206913782,
              10.068837951104278
            ],
            [
              165.52803646440654,
              9.93007563137067
            ],
            [
              165.84068105884873,
              9.794736371979251
            ],
            [
              165.757982238036,
              9.636521934667469
            ],
            [
              165.5095105457827,
              9.310730522206564
            ],
            [
              165.16729980072498,
              9.505953238987797
            ],
            [
              165.30167225493386,
              9.763701119576885
            ],
            [
              165.11570764437852,
              9.865541599742842
            ],
            [
              165.38835568685792,
              9.80970382656185
            ],
            [
              165.4424414740697,
              10.179109007816173
            ]
          ]
        ]
      },
      "id": "7cefee7d-d411-4516-8ed9-374a18afd916"
    },
    {
      "type": "Feature",
      "properties": {
        "id": "31e5e4f4-2f71-4bbd-ba5e-9e15e25e19ac",
        "name": "sketch9-1"
      },
      "geometry": {
        "type": "Polygon",
        "coordinates": [
          [
            [
              150.51811852729563,
              2.7751390607221107
            ],
            [
              150.7281691366848,
              3.048538943045183
            ],
            [
              150.6747360761512,
              2.6730952631169993
            ],
            [
              150.50970910165628,
              2.4108577380454292
            ],
            [
              150.5079029476558,
              2.38893277645558
            ],
            [
              150.37939207024513,
              2.6444997325978257
            ],
            [
              150.2239042807025,
              2.734757166770705
            ],
            [
              150.4198449841977,
              2.6891872161270274
            ],
            [
              150.13503382348136,
              2.946505672227777
            ],
            [
              150.20249933351133,
              2.94836809594824
            ],
            [
              150.51811852729563,
              2.7751390607221107
            ]
          ]
        ]
      },
      "id": "31e5e4f4-2f71-4bbd-ba5e-9e15e25e19ac"
    },
    {
      "type": "Feature",
      "properties": {
        "id": "0165c3fb-1865-4e75-844f-acca09938816",
        "name": "sketch9-2"
      },
      "geometry": {
        "type": "Polygon",
        "coordinates": [
          [
            [
              163.10700551769204,
              6.79827431864452
            ],
            [
              162.7747430657665,
              6.636725507549502
            ],
            [
              162.85789474053436,
              6.566355704373017
            ],
            [
              162.65391186794358,
              6.388106077221042
            ],
            [
              162.51211683895636,
              6.241109996640012
            ],
            [
              162.71632910004595,
              6.640914882505978
            ],
            [
              162.50937194511158,
              6.6345420664366435
            ],
            [
              162.60570000393304,
              6.65201148359448
            ],
            [
              162.40256320377358,
              6.925822837659444
            ],
            [
              162.44074907182733,
              6.92461072188714
            ],
            [
              163.10700551769204,
              6.79827431864452
            ]
          ]
        ]
      },
      "id": "0165c3fb-1865-4e75-844f-acca09938816"
    },
    {
      "type": "Feature",
      "properties": {
        "id": "a5b1f44e-8490-4835-9c06-9cca65aa0d80",
        "name": "sketch9-3"
      },
      "geometry": {
        "type": "Polygon",
        "coordinates": [
          [
            [
              155.22087758844356,
              3.4663503661316133
            ],
            [
              155.49262254682006,
              3.552249009489779
            ],
            [
              155.46656684494408,
              3.384574015789955
            ],
            [
              155.31585241849925,
              3.220700015054489
            ],
            [
              155.29777857076792,
              2.913009696543075
            ],
            [
              155.14600164828877,
              2.960546489650838
            ],
            [
              154.94199928009385,
              3.014416662371639
            ],
            [
              154.86386370024098,
              3.1553117597278377
            ],
            [
              154.8156989923054,
              3.478962583442347
            ],
            [
              155.0728367275942,
              3.4373604628690893
            ],
            [
              155.22087758844356,
              3.4663503661316133
            ]
          ]
        ]
      },
      "id": "a5b1f44e-8490-4835-9c06-9cca65aa0d80"
    },
    {
      "type": "Feature",
      "properties": {
        "id": "2fde633e-e6b4-4cbb-8fd1-f0386898a232",
        "name": "sketch9-4"
      },
      "geometry": {
        "type": "Polygon",
        "coordinates": [
          [
            [
              150.39514010762866,
              5.887491765995069
            ],
            [
              150.33926384109816,
              5.610099152033448
            ],
            [
              150.3701574016614,
              5.615193050995322
            ],
            [
              150.38551213899066,
              5.366474622939945
            ],
            [
              150.21509392761234,
              5.488315603321151
            ],
            [
              150.09485617069916,
              5.292533129708726
            ],
            [
              150.12473751547483,
              5.5553613463999865
            ],
            [
              150.03949091613538,
              5.566727773148577
            ],
            [
              149.9881472491595,
              5.658780115061664
            ],
            [
              150.1043508943509,
              5.602716040551023
            ],
            [
              150.39514010762866,
              5.887491765995069
            ]
          ]
        ]
      },
      "id": "2fde633e-e6b4-4cbb-8fd1-f0386898a232"
    },
    {
      "type": "Feature",
      "properties": {
        "id": "e97420b9-0109-40d0-84d1-2baec5311771",
        "name": "sketch9-5"
      },
      "geometry": {
        "type": "Polygon",
        "coordinates": [
          [
            [
              152.8326257365584,
              5.9730512430011595
            ],
            [
              152.88852638594898,
              6.134609181436042
            ],
            [
              152.99900750683966,
              5.9452897499254185
            ],
            [
              153.08886741708858,
              5.680818160881929
            ],
            [
              152.9490889524872,
              5.364067485777848
            ],
            [
              152.6562144298407,
              5.359299955915652
            ],
            [
              152.31801913139535,
              5.577854731163312
            ],
            [
              152.45573134456177,
              5.842461262758942
            ],
            [
              152.4512864811711,
              5.950616267521785
            ],
            [
              152.73375347642707,
              5.776424179847012
            ],
            [
              152.8326257365584,
              5.9730512430011595
            ]
          ]
        ]
      },
      "id": "e97420b9-0109-40d0-84d1-2baec5311771"
    },
    {
      "type": "Feature",
      "properties": {
        "id": "afb78945-7a70-4518-b5d9-0e64a7762296",
        "name": "sketch9-6"
      },
      "geometry": {
        "type": "Polygon",
        "coordinates": [
          [
            [
              137.00690921886147,
              11.18203032893981
            ],
            [
              137.10440650161172,
              11.088880747037473
            ],
            [
              137.49405444261572,
              10.835483515765652
            ],
            [
              137.1472209361466,
              10.73273615054963
            ],
            [
              137.00376441153756,
              10.791030625037845
            ],
            [
              137.0912221848193,
              10.456513744198185
            ],
            [
              136.85429709612654,
              10.6414144817071
            ],
            [
              136.72004733899487,
              10.81197053652926
            ],
            [
              136.5444046737027,
              10.949454356813344
            ],
            [
              136.88159258366085,
              10.93044173814381
            ],
            [
              137.00690921886147,
              11.18203032893981
            ]
          ]
        ]
      },
      "id": "afb78945-7a70-4518-b5d9-0e64a7762296"
    },
    {
      "type": "Feature",
      "properties": {
        "id": "681413b8-24d6-45c9-8c76-9a837bc7cac2",
        "name": "sketch9-7"
      },
      "geometry": {
        "type": "Polygon",
        "coordinates": [
          [
            [
              158.82154411937577,
              10.424568515418084
            ],
            [
              158.90106994355162,
              10.240184380936142
            ],
            [
              159.13594487933943,
              10.066401464214527
            ],
            [
              159.0280636215308,
              10.035151038341231
            ],
            [
              158.84983163843137,
              10.15468433583606
            ],
            [
              158.92245158852384,
              10.033443003149785
            ],
            [
              158.52925595442926,
              9.939199345146521
            ],
            [
              158.7470053872016,
              10.203161058713846
            ],
            [
              158.5517903226225,
              10.296405201437475
            ],
            [
              158.61388321210475,
              10.347639101743694
            ],
            [
              158.82154411937577,
              10.424568515418084
            ]
          ]
        ]
      },
      "id": "681413b8-24d6-45c9-8c76-9a837bc7cac2"
    },
    {
      "type": "Feature",
      "properties": {
        "id": "f9c231ee-52c9-4fd4-a76a-05e24ce41c51",
        "name": "sketch9-8"
      },
      "geometry": {
        "type": "Polygon",
        "coordinates": [
          [
            [
              135.63639405186188,
              7.216551142429207
            ],
            [
              135.67295145484633,
              7.101848435373601
            ],
            [
              135.83446760494928,
              7.055664784626137
            ],
            [
              135.61400099013903,
              6.934109598314775
            ],
            [
              135.5230896792912,
              6.970685733378088
            ],
            [
              135.25542922825784,
              6.84663549854172
            ],
            [
              135.34350841649498,
              7.033112270757006
            ],
            [
              135.22897327798478,
              7.171270438131061
            ],
            [
              135.56460798374806,
              7.05609168735173
            ],
            [
              135.57570829401837,
              7.364759339173408
            ],
            [
              135.63639405186188,
              7.216551142429207
            ]
          ]
        ]
      },
      "id": "f9c231ee-52c9-4fd4-a76a-05e24ce41c51"
    }
  ],
  "bbox": [
    135.22897327798478,
    2.38893277645558,
    165.84068105884873,
    11.18203032893981
  ]
}
